{
  "4.3 Vaccination confirm" : {
    "transaction" : "4.3 Vaccination confirm",
    "sampleCount" : 1434,
    "errorCount" : 0,
    "errorPct" : 0.0,
    "meanResTime" : 1636.8423988842399,
    "medianResTime" : 1510.5,
    "minResTime" : 1101.0,
    "maxResTime" : 4611.0,
    "pct1ResTime" : 2160.5,
    "pct2ResTime" : 2514.75,
    "pct3ResTime" : 3181.900000000006,
    "throughput" : 0.41409517605109136,
    "receivedKBytesPerSec" : 167.04933449324741,
    "sentKBytesPerSec" : 2.1762427123652746
  },
  "4.1 Vaccination questions" : {
    "transaction" : "4.1 Vaccination questions",
    "sampleCount" : 1450,
    "errorCount" : 0,
    "errorPct" : 0.0,
    "meanResTime" : 1027.8213793103446,
    "medianResTime" : 994.0,
    "minResTime" : 412.0,
    "maxResTime" : 4981.0,
    "pct1ResTime" : 1146.9,
    "pct2ResTime" : 1320.8000000000002,
    "pct3ResTime" : 1717.92,
    "throughput" : 0.4127965801084431,
    "receivedKBytesPerSec" : 162.97417493884916,
    "sentKBytesPerSec" : 2.0762803352997157
  },
  "2.0 Register attendance" : {
    "transaction" : "2.0 Register attendance",
    "sampleCount" : 1468,
    "errorCount" : 7,
    "errorPct" : 0.47683924,
    "meanResTime" : 2467.5401907356936,
    "medianResTime" : 2559.5,
    "minResTime" : 1109.0,
    "maxResTime" : 6164.0,
    "pct1ResTime" : 3430.0,
    "pct2ResTime" : 3660.75,
    "pct3ResTime" : 4550.129999999999,
    "throughput" : 0.41178790566578644,
    "receivedKBytesPerSec" : 766.8615547865155,
    "sentKBytesPerSec" : 7.0566168222372205
  },
  "1.0 Login" : {
    "transaction" : "1.0 Login",
    "sampleCount" : 1498,
    "errorCount" : 0,
    "errorPct" : 0.0,
    "meanResTime" : 10940.192256341792,
    "medianResTime" : 10845.5,
    "minResTime" : 2034.0,
    "maxResTime" : 15606.0,
    "pct1ResTime" : 12084.2,
    "pct2ResTime" : 12632.2,
    "pct3ResTime" : 13873.14,
    "throughput" : 0.41703368229048926,
    "receivedKBytesPerSec" : 694.3944730265788,
    "sentKBytesPerSec" : 7.024202290845637
  },
  "4.0 Vaccination for menacwy" : {
    "transaction" : "4.0 Vaccination for menacwy",
    "sampleCount" : 360,
    "errorCount" : 0,
    "errorPct" : 0.0,
    "meanResTime" : 3326.6833333333375,
    "medianResTime" : 3187.5,
    "minResTime" : 1687.0,
    "maxResTime" : 6443.0,
    "pct1ResTime" : 4015.1000000000004,
    "pct2ResTime" : 4343.349999999999,
    "pct3ResTime" : 4965.669999999998,
    "throughput" : 0.10432523740511837,
    "receivedKBytesPerSec" : 124.6075643073623,
    "sentKBytesPerSec" : 1.5441470897460754
  },
  "2.5 Select patient" : {
    "transaction" : "2.5 Select patient",
    "sampleCount" : 1463,
    "errorCount" : 0,
    "errorPct" : 0.0,
    "meanResTime" : 376.4292549555701,
    "medianResTime" : 312.0,
    "minResTime" : 263.0,
    "maxResTime" : 1402.0,
    "pct1ResTime" : 556.8000000000004,
    "pct2ResTime" : 728.5999999999999,
    "pct3ResTime" : 1035.239999999999,
    "throughput" : 0.41204756093473677,
    "receivedKBytesPerSec" : 167.61575175637736,
    "sentKBytesPerSec" : 1.484723283429717
  },
  "2.3 Search by first/last name" : {
    "transaction" : "2.3 Search by first/last name",
    "sampleCount" : 1472,
    "errorCount" : 0,
    "errorPct" : 0.0,
    "meanResTime" : 370.55027173913044,
    "medianResTime" : 347.5,
    "minResTime" : 262.0,
    "maxResTime" : 1890.0,
    "pct1ResTime" : 505.70000000000005,
    "pct2ResTime" : 559.3499999999999,
    "pct3ResTime" : 814.3399999999992,
    "throughput" : 0.41318277611668824,
    "receivedKBytesPerSec" : 168.26728593704212,
    "sentKBytesPerSec" : 1.556431125789033
  },
  "4.0 Vaccination for flu" : {
    "transaction" : "4.0 Vaccination for flu",
    "sampleCount" : 338,
    "errorCount" : 0,
    "errorPct" : 0.0,
    "meanResTime" : 3330.573964497041,
    "medianResTime" : 3188.5,
    "minResTime" : 2612.0,
    "maxResTime" : 6917.0,
    "pct1ResTime" : 3958.0000000000005,
    "pct2ResTime" : 4366.1,
    "pct3ResTime" : 5308.960000000001,
    "throughput" : 0.10600379794672525,
    "receivedKBytesPerSec" : 126.68989952915732,
    "sentKBytesPerSec" : 1.5687123851168159
  },
  "4.0 Vaccination for hpv" : {
    "transaction" : "4.0 Vaccination for hpv",
    "sampleCount" : 384,
    "errorCount" : 0,
    "errorPct" : 0.0,
    "meanResTime" : 3263.0520833333353,
    "medianResTime" : 3160.0,
    "minResTime" : 1391.0,
    "maxResTime" : 7670.0,
    "pct1ResTime" : 3848.0,
    "pct2ResTime" : 4187.75,
    "pct3ResTime" : 4764.949999999995,
    "throughput" : 0.10999823830946456,
    "receivedKBytesPerSec" : 130.54989501694016,
    "sentKBytesPerSec" : 1.6214859734342795
  },
  "1.2 Sign-in page" : {
    "transaction" : "1.2 Sign-in page",
    "sampleCount" : 1501,
    "errorCount" : 0,
    "errorPct" : 0.0,
    "meanResTime" : 557.117921385743,
    "medianResTime" : 451.0,
    "minResTime" : 166.0,
    "maxResTime" : 4746.0,
    "pct1ResTime" : 1005.8,
    "pct2ResTime" : 1040.8999999999999,
    "pct3ResTime" : 1436.94,
    "throughput" : 0.4173722510017212,
    "receivedKBytesPerSec" : 167.76163721025858,
    "sentKBytesPerSec" : 1.8064987423741279
  },
  "2.4 Patient attending session" : {
    "transaction" : "2.4 Patient attending session",
    "sampleCount" : 844,
    "errorCount" : 7,
    "errorPct" : 0.8293839,
    "meanResTime" : 1288.075829383887,
    "medianResTime" : 1151.0,
    "minResTime" : 466.0,
    "maxResTime" : 4221.0,
    "pct1ResTime" : 1813.5,
    "pct2ResTime" : 2098.5,
    "pct3ResTime" : 2781.6999999999985,
    "throughput" : 0.23951898684603723,
    "receivedKBytesPerSec" : 97.80842421746253,
    "sentKBytesPerSec" : 1.0616560698197848
  },
  "Total" : {
    "transaction" : "Total",
    "sampleCount" : 17058,
    "errorCount" : 7,
    "errorPct" : 0.041036464,
    "meanResTime" : 1455.109274240812,
    "medianResTime" : 598.0,
    "minResTime" : 166.0,
    "maxResTime" : 12695.0,
    "pct1ResTime" : 2120.2000000000007,
    "pct2ResTime" : 8963.0,
    "pct3ResTime" : 9993.82,
    "throughput" : 4.731842822262131,
    "receivedKBytesPerSec" : 1931.9689078867307,
    "sentKBytesPerSec" : 19.939774384642675
  },
  "1.4 Open Sessions list" : {
    "transaction" : "1.4 Open Sessions list",
    "sampleCount" : 1496,
    "errorCount" : 0,
    "errorPct" : 0.0,
    "meanResTime" : 9129.249331550813,
    "medianResTime" : 9068.5,
    "minResTime" : 6964.0,
    "maxResTime" : 12695.0,
    "pct1ResTime" : 10067.6,
    "pct2ResTime" : 10626.9,
    "pct3ResTime" : 11697.529999999999,
    "throughput" : 0.4166000644950367,
    "receivedKBytesPerSec" : 191.58722919995034,
    "sentKBytesPerSec" : 1.5006227462590929
  },
  "4.2 Vaccination batch" : {
    "transaction" : "4.2 Vaccination batch",
    "sampleCount" : 1447,
    "errorCount" : 0,
    "errorPct" : 0.0,
    "meanResTime" : 663.6599861783009,
    "medianResTime" : 653.0,
    "minResTime" : 409.0,
    "maxResTime" : 4558.0,
    "pct1ResTime" : 812.4000000000001,
    "pct2ResTime" : 946.1999999999994,
    "pct3ResTime" : 1310.1999999999998,
    "throughput" : 0.4127217559413964,
    "receivedKBytesPerSec" : 164.03091179794518,
    "sentKBytesPerSec" : 1.8719334102361556
  },
  "1.1 Homepage" : {
    "transaction" : "1.1 Homepage",
    "sampleCount" : 1503,
    "errorCount" : 0,
    "errorPct" : 0.0,
    "meanResTime" : 584.3825681969392,
    "medianResTime" : 537.0,
    "minResTime" : 401.0,
    "maxResTime" : 4002.0,
    "pct1ResTime" : 738.0,
    "pct2ResTime" : 845.3999999999999,
    "pct3ResTime" : 1283.6000000000004,
    "throughput" : 0.4175192522766328,
    "receivedKBytesPerSec" : 167.6425647118381,
    "sentKBytesPerSec" : 1.799071401191694
  },
  "1.3 Sign-in" : {
    "transaction" : "1.3 Sign-in",
    "sampleCount" : 1499,
    "errorCount" : 0,
    "errorPct" : 0.0,
    "meanResTime" : 681.7344896597731,
    "medianResTime" : 585.0,
    "minResTime" : 347.0,
    "maxResTime" : 2229.0,
    "pct1ResTime" : 1038.0,
    "pct2ResTime" : 1130.0,
    "pct3ResTime" : 1462.0,
    "throughput" : 0.41731463184720324,