{
  "4.3 Vaccination confirm" : {
    "transaction" : "4.3 Vaccination confirm",
    "sampleCount" : 792,
    "errorCount" : 0,
    "errorPct" : 0.0,
    "meanResTime" : 2062.438131313133,
    "medianResTime" : 1889.0,
    "minResTime" : 1302.0,
    "maxResTime" : 4786.0,
    "pct1ResTime" : 2836.1000000000004,
    "pct2ResTime" : 3240.7,
    "pct3ResTime" : 3888.4299999999967,
    "throughput" : 0.4745999158663785,
    "receivedKBytesPerSec" : 191.70382238229234,
    "sentKBytesPerSec" : 2.8316095566266015
  },
  "4.1 Vaccination questions" : {
    "transaction" : "4.1 Vaccination questions",
    "sampleCount" : 817,
    "errorCount" : 0,
    "errorPct" : 0.0,
    "meanResTime" : 1261.8555691554466,
    "medianResTime" : 1191.0,
    "minResTime" : 449.0,
    "maxResTime" : 2616.0,
    "pct1ResTime" : 1462.6000000000001,
    "pct2ResTime" : 1714.299999999998,
    "pct3ResTime" : 2193.0399999999986,
    "throughput" : 0.47535430477832896,
    "receivedKBytesPerSec" : 187.64850674219824,
    "sentKBytesPerSec" : 2.6873738976522032
  },
  "2.0 Register attendance" : {
    "transaction" : "2.0 Register attendance",
    "sampleCount" : 844,
    "errorCount" : 1,
    "errorPct" : 0.11848341,
    "meanResTime" : 3094.7120853080555,
    "medianResTime" : 3053.0,
    "minResTime" : 1365.0,
    "maxResTime" : 7509.0,
    "pct1ResTime" : 4436.0,
    "pct2ResTime" : 4873.75,
    "pct3ResTime" : 5964.9,
    "throughput" : 0.47627135955722566,
    "receivedKBytesPerSec" : 872.1675813981753,
    "sentKBytesPerSec" : 9.072942507021335
  },
  "1.0 Login" : {
    "transaction" : "1.0 Login",
    "sampleCount" : 859,
    "errorCount" : 0,
    "errorPct" : 0.0,
    "meanResTime" : 3536.9650756693827,
    "medianResTime" : 3463.0,
    "minResTime" : 1435.0,
    "maxResTime" : 7509.0,
    "pct1ResTime" : 4222.0,
    "pct2ResTime" : 4564.0,
    "pct3ResTime" : 5169.8,
    "throughput" : 0.47931282499390393,
    "receivedKBytesPerSec" : 797.5368031227803,
    "sentKBytesPerSec" : 9.081921886273129
  },
  "4.0 Vaccination for menacwy" : {
    "transaction" : "4.0 Vaccination for menacwy",
    "sampleCount" : 207,
    "errorCount" : 0,
    "errorPct" : 0.0,
    "meanResTime" : 3975.4396135265692,
    "medianResTime" : 3869.0,
    "minResTime" : 1917.0,
    "maxResTime" : 6493.0,
    "pct1ResTime" : 4819.200000000001,
    "pct2ResTime" : 5124.4,
    "pct3ResTime" : 6069.039999999994,
    "throughput" : 0.12151645491299246,
    "receivedKBytesPerSec" : 144.20096828930514,
    "sentKBytesPerSec" : 2.0207470772577554
  },
  "2.5 Select patient" : {
    "transaction" : "2.5 Select patient",
    "sampleCount" : 842,
    "errorCount" : 0,
    "errorPct" : 0.0,
    "meanResTime" : 399.0344418052259,
    "medianResTime" : 329.0,
    "minResTime" : 272.0,
    "maxResTime" : 1723.0,
    "pct1ResTime" : 570.0000000000005,
    "pct2ResTime" : 773.6499999999992,
    "pct3ResTime" : 1270.2499999999984,
    "throughput" : 0.47965073223640287,
    "receivedKBytesPerSec" : 195.05459749873108,
    "sentKBytesPerSec" : 1.9718930661203091
  },
  "2.3 Search by first/last name" : {
    "transaction" : "2.3 Search by first/last name",
    "sampleCount" : 844,
    "errorCount" : 0,
    "errorPct" : 0.0,
    "meanResTime" : 431.4644549763031,
    "medianResTime" : 374.5,
    "minResTime" : 270.0,
    "maxResTime" : 1613.0,
    "pct1ResTime" : 634.0,
    "pct2ResTime" : 754.75,
    "pct3ResTime" : 1186.6999999999994,
    "throughput" : 0.4768062567827667,
    "receivedKBytesPerSec" : 193.95573811296296,
    "sentKBytesPerSec" : 2.0382604625500886
  },
  "4.0 Vaccination for flu" : {
    "transaction" : "4.0 Vaccination for flu",
    "sampleCount" : 199,
    "errorCount" : 0,
    "errorPct" : 0.0,
    "meanResTime" : 4043.4221105527636,
    "medianResTime" : 3927.0,
    "minResTime" : 1714.0,
    "maxResTime" : 6119.0,
    "pct1ResTime" : 4989.0,
    "pct2ResTime" : 5351.0,
    "pct3ResTime" : 6057.0,
    "throughput" : 0.11642349367598114,
    "receivedKBytesPerSec" : 138.41785049596263,
    "sentKBytesPerSec" : 1.9385897745435643
  },
  "4.0 Vaccination for hpv" : {
    "transaction" : "4.0 Vaccination for hpv",
    "sampleCount" : 200,
    "errorCount" : 0,
    "errorPct" : 0.0,
    "meanResTime" : 4033.0799999999986,
    "medianResTime" : 3903.5,
    "minResTime" : 1658.0,
    "maxResTime" : 6671.0,
    "pct1ResTime" : 5018.5,
    "pct2ResTime" : 5204.45,
    "pct3ResTime" : 6406.170000000001,
    "throughput" : 0.11734258931677864,
    "receivedKBytesPerSec" : 138.57373236267543,
    "sentKBytesPerSec" : 1.9462173717929536
  },
  "1.2 Sign-in page" : {
    "transaction" : "1.2 Sign-in page",
    "sampleCount" : 861,
    "errorCount" : 0,
    "errorPct" : 0.0,
    "meanResTime" : 726.131242740999,
    "medianResTime" : 552.0,
    "minResTime" : 227.0,
    "maxResTime" : 2768.0,
    "pct1ResTime" : 1311.6000000000001,
    "pct2ResTime" : 1411.9999999999998,
    "pct3ResTime" : 2038.4199999999996,
    "throughput" : 0.48013624493305695,
    "receivedKBytesPerSec" : 193.00259747487232,
    "sentKBytesPerSec" : 2.3316072904102128
  },
  "2.4 Patient attending session" : {
    "transaction" : "2.4 Patient attending session",
    "sampleCount" : 407,
    "errorCount" : 1,
    "errorPct" : 0.24570024,
    "meanResTime" : 1676.1891891891894,
    "medianResTime" : 1458.0,
    "minResTime" : 808.0,
    "maxResTime" : 4724.0,
    "pct1ResTime" : 2485.7999999999997,
    "pct2ResTime" : 2863.7999999999993,
    "pct3ResTime" : 3906.4800000000005,
    "throughput" : 0.25752957635435564,
    "receivedKBytesPerSec" : 105.05231284556103,
    "sentKBytesPerSec" : 1.2994470776325122
  },
  "Total" : {
    "transaction" : "Total",
    "sampleCount" : 9650,
    "errorCount" : 1,
    "errorPct" : 0.010362694,
    "meanResTime" : 925.6680829015537,
    "medianResTime" : 745.0,
    "minResTime" : 227.0,
    "maxResTime" : 4786.0,
    "pct1ResTime" : 1720.0,
    "pct2ResTime" : 2018.0,
    "pct3ResTime" : 2871.9799999999996,
    "throughput" : 5.3595627929709195,
    "receivedKBytesPerSec" : 2191.924322448341,
    "sentKBytesPerSec" : 25.51740912000422
  },
  "1.4 Open Sessions list" : {
    "transaction" : "1.4 Open Sessions list",
    "sampleCount" : 855,
    "errorCount" : 0,
    "errorPct" : 0.0,
    "meanResTime" : 1265.8023391812842,
    "medianResTime" : 1129.0,
    "minResTime" : 691.0,
    "maxResTime" : 2740.0,
    "pct1ResTime" : 1816.0,
    "pct2ResTime" : 1945.1999999999998,
    "pct3ResTime" : 2431.1199999999985,
    "throughput" : 0.479158026877683,
    "receivedKBytesPerSec" : 220.3410994163589,
    "sentKBytesPerSec" : 1.9684133765999954
  },
  "4.2 Vaccination batch" : {
    "transaction" : "4.2 Vaccination batch",
    "sampleCount" : 812,
    "errorCount" : 0,
    "errorPct" : 0.0,
    "meanResTime" : 749.4470443349753,
    "medianResTime" : 731.5,
    "minResTime" : 397.0,
    "maxResTime" : 1878.0,
    "pct1ResTime" : 1001.8000000000002,
    "pct2ResTime" : 1153.6999999999998,
    "pct3ResTime" : 1591.87,
    "throughput" : 0.47409248072977545,
    "receivedKBytesPerSec" : 188.39651013088047,
    "sentKBytesPerSec" : 2.438257181377157
  },
  "1.1 Homepage" : {
    "transaction" : "1.1 Homepage",
    "sampleCount" : 862,
    "errorCount" : 0,
    "errorPct" : 0.0,
    "meanResTime" : 650.3352668213455,
    "medianResTime" : 565.0,
    "minResTime" : 386.0,
    "maxResTime" : 2106.0,
    "pct1ResTime" : 996.7,
    "pct2ResTime" : 1083.6499999999992,
    "pct3ResTime" : 1673.9500000000003,
    "throughput" : 0.47932081019674394,
    "receivedKBytesPerSec" : 192.4685456795999,
    "sentKBytesPerSec" : 2.3143131008191826
  },
  "1.3 Sign-in" : {
    "transaction" : "1.3 Sign-in",
    "sampleCount" : 859,
    "errorCount" : 0,
    "errorPct" : 0.0,
    "meanResTime" : 899.0721769499424,
    "medianResTime" : 793.0,
    "minResTime" : 390.0,
    "maxResTime" : 2797.0,
    "pct1ResTime" : 1354.0,
    "pct2ResTime" : 1503.0,
    "pct3ResTime" : 2098.7999999999997,
    "throughput" : 0.48011303615882744,