{
  "4.3 Vaccination confirm" : {
    "transaction" : "4.3 Vaccination confirm",
    "sampleCount" : 1506,
    "errorCount" : 24,
    "errorPct" : 1.5936255,
    "meanResTime" : 1334.380478087648,
    "medianResTime" : 1200.0,
    "minResTime" : 109.0,
    "maxResTime" : 8132.0,
    "pct1ResTime" : 1722.3,
    "pct2ResTime" : 2110.2999999999997,
    "pct3ResTime" : 3030.760000000002,
    "throughput" : 0.43530767234108236,
    "receivedKBytesPerSec" : 8.690597025935926,
    "sentKBytesPerSec" : 1.0034968347878757
  },
  "4.1 Vaccination questions" : {
    "transaction" : "4.1 Vaccination questions",
    "sampleCount" : 1536,
    "errorCount" : 0,
    "errorPct" : 0.0,
    "meanResTime" : 971.076822916666,
    "medianResTime" : 915.0,
    "minResTime" : 669.0,
    "maxResTime" : 5685.0,
    "pct1ResTime" : 1090.0,
    "pct2ResTime" : 1253.4499999999996,
    "pct3ResTime" : 1962.499999999994,
    "throughput" : 0.4385590480070832,
    "receivedKBytesPerSec" : 5.040743656401121,
    "sentKBytesPerSec" : 0.926465970969304
  },
  "2.0 Register attendance" : {
    "transaction" : "2.0 Register attendance",
    "sampleCount" : 1557,
    "errorCount" : 10,
    "errorPct" : 0.64226073,
    "meanResTime" : 3484.4733461785495,
    "medianResTime" : 3486.0,
    "minResTime" : 1923.0,
    "maxResTime" : 10916.0,
    "pct1ResTime" : 4237.6,
    "pct2ResTime" : 4620.299999999999,
    "pct3ResTime" : 6164.800000000003,
    "throughput" : 0.4366002830470942,
    "receivedKBytesPerSec" : 54.02756340071592,
    "sentKBytesPerSec" : 1.6530477432013597
  },
  "1.0 Login" : {
    "transaction" : "1.0 Login",
    "sampleCount" : 1574,
    "errorCount" : 0,
    "errorPct" : 0.0,
    "meanResTime" : 4998.637865311311,
    "medianResTime" : 4815.5,
    "minResTime" : 2300.0,
    "maxResTime" : 10339.0,
    "pct1ResTime" : 5796.0,
    "pct2ResTime" : 6355.0,
    "pct3ResTime" : 7649.0,
    "throughput" : 0.4384469507045235,
    "receivedKBytesPerSec" : 57.55683962053099,
    "sentKBytesPerSec" : 2.1756225950181953
  },
  "4.0 Vaccination for menacwy" : {
    "transaction" : "4.0 Vaccination for menacwy",
    "sampleCount" : 382,
    "errorCount" : 7,
    "errorPct" : 1.8324608,
    "meanResTime" : 2995.476439790574,
    "medianResTime" : 2886.0,
    "minResTime" : 1306.0,
    "maxResTime" : 7470.0,
    "pct1ResTime" : 3484.2999999999997,
    "pct2ResTime" : 3995.7999999999997,
    "pct3ResTime" : 5702.450000000006,
    "throughput" : 0.10970407183032055,
    "receivedKBytesPerSec" : 5.039277270579924,
    "sentKBytesPerSec" : 0.6575418094207655
  },
  "2.5 Select patient" : {
    "transaction" : "2.5 Select patient",
    "sampleCount" : 1554,
    "errorCount" : 0,
    "errorPct" : 0.0,
    "meanResTime" : 642.6409266409263,
    "medianResTime" : 590.0,
    "minResTime" : 542.0,
    "maxResTime" : 3089.0,
    "pct1ResTime" : 774.5,
    "pct2ResTime" : 964.5,
    "pct3ResTime" : 1232.2500000000002,
    "throughput" : 0.43899011933242993,
    "receivedKBytesPerSec" : 10.104945104342075,
    "sentKBytesPerSec" : 0.30555367081475604
  },
  "Get Session ID's" : {
    "transaction" : "Get Session ID's",
    "sampleCount" : 1,
    "errorCount" : 0,
    "errorPct" : 0.0,
    "meanResTime" : 0.0,
    "medianResTime" : 0.0,
    "minResTime" : 0.0,
    "maxResTime" : 0.0,
    "pct1ResTime" : 0.0,
    "pct2ResTime" : 0.0,
    "pct3ResTime" : 0.0,
    "throughput" : "Infinity",
    "receivedKBytesPerSec" : "NaN",
    "sentKBytesPerSec" : "NaN"
  },
  "2.3 Search by first/last name" : {
    "transaction" : "2.3 Search by first/last name",
    "sampleCount" : 1564,
    "errorCount" : 0,
    "errorPct" : 0.0,
    "meanResTime" : 657.960358056265,
    "medianResTime" : 609.0,
    "minResTime" : 559.0,
    "maxResTime" : 2732.0,
    "pct1ResTime" : 762.5,
    "pct2ResTime" : 887.5,
    "pct3ResTime" : 1314.5999999999985,
    "throughput" : 0.43815439507518944,
    "receivedKBytesPerSec" : 12.215025370284588,
    "sentKBytesPerSec" : 0.34682964154754226
  },
  "Data prep" : {
    "transaction" : "Data prep",
    "sampleCount" : 1,
    "errorCount" : 0,
    "errorPct" : 0.0,
    "meanResTime" : 0.0,
    "medianResTime" : 0.0,
    "minResTime" : 0.0,
    "maxResTime" : 0.0,
    "pct1ResTime" : 0.0,
    "pct2ResTime" : 0.0,
    "pct3ResTime" : 0.0,
    "throughput" : "Infinity",
    "receivedKBytesPerSec" : "NaN",
    "sentKBytesPerSec" : "NaN"
  },
  "4.0 Vaccination for flu" : {
    "transaction" : "4.0 Vaccination for flu",
    "sampleCount" : 386,
    "errorCount" : 0,
    "errorPct" : 0.0,
    "meanResTime" : 3031.2564766839378,
    "medianResTime" : 2909.5,
    "minResTime" : 1564.0,
    "maxResTime" : 7160.0,
    "pct1ResTime" : 3524.8,
    "pct2ResTime" : 3927.0999999999985,
    "pct3ResTime" : 5397.829999999996,
    "throughput" : 0.11065038634471035,
    "receivedKBytesPerSec" : 4.974905633190386,
    "sentKBytesPerSec" : 0.6628978916944845
  },
  "4.0 Vaccination for hpv" : {
    "transaction" : "4.0 Vaccination for hpv",
    "sampleCount" : 384,
    "errorCount" : 8,
    "errorPct" : 2.0833333,
    "meanResTime" : 3014.4010416666683,
    "medianResTime" : 2869.0,
    "minResTime" : 1280.0,
    "maxResTime" : 9571.0,
    "pct1ResTime" : 3613.0,
    "pct2ResTime" : 4101.0,
    "pct3ResTime" : 5901.349999999989,
    "throughput" : 0.11019255287735999,
    "receivedKBytesPerSec" : 4.683184057756106,
    "sentKBytesPerSec" : 0.6605421649364427
  },
  "1.2 Sign-in page" : {
    "transaction" : "1.2 Sign-in page",
    "sampleCount" : 1574,
    "errorCount" : 0,
    "errorPct" : 0.0,
    "meanResTime" : 788.4237611181712,
    "medianResTime" : 717.0,
    "minResTime" : 107.0,
    "maxResTime" : 3486.0,
    "pct1ResTime" : 1059.0,
    "pct2ResTime" : 1188.5,
    "pct3ResTime" : 1573.5,
    "throughput" : 0.4386452605550061,
    "receivedKBytesPerSec" : 8.178591905779193,
    "sentKBytesPerSec" : 0.578766721608797
  },
  "Debug Sampler" : {
    "transaction" : "Debug Sampler",
    "sampleCount" : 1569,
    "errorCount" : 0,
    "errorPct" : 0.0,
    "meanResTime" : 0.5825366475462085,
    "medianResTime" : 1.0,
    "minResTime" : 0.0,
    "maxResTime" : 9.0,
    "pct1ResTime" : 1.0,
    "pct2ResTime" : 1.0,
    "pct3ResTime" : 1.0,
    "throughput" : 0.43833170227750895,
    "receivedKBytesPerSec" : 2.8077296244204115,
    "sentKBytesPerSec" : 0.0
  },
  "2.4 Patient attending session" : {
    "transaction" : "2.4 Patient attending session",
    "sampleCount" : 1025,
    "errorCount" : 10,
    "errorPct" : 0.9756098,
    "meanResTime" : 1110.0526829268294,
    "medianResTime" : 994.0,
    "minResTime" : 165.0,
    "maxResTime" : 7444.0,
    "pct1ResTime" : 1386.4,
    "pct2ResTime" : 1641.3999999999992,
    "pct3ResTime" : 2891.44,
    "throughput" : 0.28841903318000695,
    "receivedKBytesPerSec" : 8.295771150893241,
    "sentKBytesPerSec" : 0.4273663313197464
  },
  "Total" : {
    "transaction" : "Total",
    "sampleCount" : 19717,
    "errorCount" : 58,
    "errorPct" : 0.2941624,
    "meanResTime" : 910.7854136024735,
    "medianResTime" : 722.0,
    "minResTime" : 0.0,
    "maxResTime" : 8132.0,
    "pct1ResTime" : 1572.0,
    "pct2ResTime" : 2398.199999999997,
    "pct3ResTime" : 3054.8199999999997,
    "throughput" : 5.4742833344901785,
    "receivedKBytesPerSec" : 130.27869075145762,
    "sentKBytesPerSec" : 6.365582377490109
  },
  "1.4 Open Sessions list" : {
    "transaction" : "1.4 Open Sessions list",
    "sampleCount" : 1570,
    "errorCount" : 0,
    "errorPct" : 0.0,
    "meanResTime" : 2577.101273885346,
    "medianResTime" : 2463.5,
    "minResTime" : 2033.0,
    "maxResTime" : 5967.0,
    "pct1ResTime" : 3080.5000000000005,
    "pct2ResTime" : 3572.8999999999996,
    "pct3ResTime" : 4859.089999999999,
    "throughput" : 0.4378294701622005,
    "receivedKBytesPerSec" : 33.09118556028647,
    "sentKBytesPerSec" : 0.2833222475794584
  },
  "4.2 Vaccination batch" : {
    "transaction" : "4.2 Vaccination batch",
    "sampleCount" : 1535,
    "errorCount" : 24,