{
  "4.3 Vaccination confirm" : {
    "transaction" : "4.3 Vaccination confirm",
    "sampleCount" : 1081,
    "errorCount" : 0,
    "errorPct" : 0.0,
    "meanResTime" : 1096.0980573543013,
    "medianResTime" : 940.0,
    "minResTime" : 715.0,
    "maxResTime" : 10912.0,
    "pct1ResTime" : 1496.4000000000012,
    "pct2ResTime" : 1856.299999999999,
    "pct3ResTime" : 3941.580000000021,
    "throughput" : 0.42757946906575267,
    "receivedKBytesPerSec" : 12.16912481805129,
    "sentKBytesPerSec" : 2.2178757469538426
  },
  "4.1 Vaccination questions" : {
    "transaction" : "4.1 Vaccination questions",
    "sampleCount" : 1081,
    "errorCount" : 0,
    "errorPct" : 0.0,
    "meanResTime" : 778.7955596669751,
    "medianResTime" : 721.0,
    "minResTime" : 356.0,
    "maxResTime" : 4146.0,
    "pct1ResTime" : 922.0,
    "pct2ResTime" : 1095.199999999999,
    "pct3ResTime" : 1780.760000000002,
    "throughput" : 0.4285857581864439,
    "receivedKBytesPerSec" : 9.201961690489322,
    "sentKBytesPerSec" : 2.130044239535827
  },
  "2.0 Register attendance" : {
    "transaction" : "2.0 Register attendance",
    "sampleCount" : 1081,
    "errorCount" : 7,
    "errorPct" : 0.64754856,
    "meanResTime" : 2129.5309898242385,
    "medianResTime" : 2098.0,
    "minResTime" : 1190.0,
    "maxResTime" : 6205.0,
    "pct1ResTime" : 2752.8,
    "pct2ResTime" : 3027.9999999999986,
    "pct3ResTime" : 4644.2800000000025,
    "throughput" : 0.4277454451639045,
    "receivedKBytesPerSec" : 51.627717980275825,
    "sentKBytesPerSec" : 6.953248855380293
  },
  "1.0 Login" : {
    "transaction" : "1.0 Login",
    "sampleCount" : 1151,
    "errorCount" : 1,
    "errorPct" : 0.086880974,
    "meanResTime" : 3326.947002606429,
    "medianResTime" : 3122.0,
    "minResTime" : 2049.0,
    "maxResTime" : 9167.0,
    "pct1ResTime" : 4270.599999999999,
    "pct2ResTime" : 4661.799999999997,
    "pct3ResTime" : 7614.8,
    "throughput" : 0.4307813685373906,
    "receivedKBytesPerSec" : 69.92870961331103,
    "sentKBytesPerSec" : 6.804099947523081
  },
  "4.0 Vaccination for menacwy" : {
    "transaction" : "4.0 Vaccination for menacwy",
    "sampleCount" : 270,
    "errorCount" : 0,
    "errorPct" : 0.0,
    "meanResTime" : 2381.381481481481,
    "medianResTime" : 2187.5,
    "minResTime" : 1797.0,
    "maxResTime" : 8484.0,
    "pct1ResTime" : 2997.2000000000003,
    "pct2ResTime" : 3374.299999999999,
    "pct3ResTime" : 6815.5700000000215,
    "throughput" : 0.1075739212128601,
    "receivedKBytesPerSec" : 7.29900455588007,
    "sentKBytesPerSec" : 1.5752412531943478
  },
  "2.5 Select patient" : {
    "transaction" : "2.5 Select patient",
    "sampleCount" : 1081,
    "errorCount" : 0,
    "errorPct" : 0.0,
    "meanResTime" : 386.3755781683624,
    "medianResTime" : 352.0,
    "minResTime" : 270.0,
    "maxResTime" : 4751.0,
    "pct1ResTime" : 494.0,
    "pct2ResTime" : 602.299999999999,
    "pct3ResTime" : 998.7800000000013,
    "throughput" : 0.42974520601531974,
    "receivedKBytesPerSec" : 10.663954386631147,
    "sentKBytesPerSec" : 1.5275054790277582
  },
  "Get Session ID's" : {
    "transaction" : "Get Session ID's",
    "sampleCount" : 1,
    "errorCount" : 0,
    "errorPct" : 0.0,
    "meanResTime" : 0.0,
    "medianResTime" : 0.0,
    "minResTime" : 0.0,
    "maxResTime" : 0.0,
    "pct1ResTime" : 0.0,
    "pct2ResTime" : 0.0,
    "pct3ResTime" : 0.0,
    "throughput" : "Infinity",
    "receivedKBytesPerSec" : "NaN",
    "sentKBytesPerSec" : "NaN"
  },
  "2.3 Search by first/last name" : {
    "transaction" : "2.3 Search by first/last name",
    "sampleCount" : 1081,
    "errorCount" : 0,
    "errorPct" : 0.0,
    "meanResTime" : 365.8667900092508,
    "medianResTime" : 351.0,
    "minResTime" : 264.0,
    "maxResTime" : 2626.0,
    "pct1ResTime" : 441.0,
    "pct2ResTime" : 534.4999999999993,
    "pct3ResTime" : 913.1000000000029,
    "throughput" : 0.42789003898905537,
    "receivedKBytesPerSec" : 10.9299251514042,
    "sentKBytesPerSec" : 1.4797642225938608
  },
  "Data prep" : {
    "transaction" : "Data prep",
    "sampleCount" : 1,
    "errorCount" : 0,
    "errorPct" : 0.0,
    "meanResTime" : 0.0,
    "medianResTime" : 0.0,
    "minResTime" : 0.0,
    "maxResTime" : 0.0,
    "pct1ResTime" : 0.0,
    "pct2ResTime" : 0.0,
    "pct3ResTime" : 0.0,
    "throughput" : "Infinity",
    "receivedKBytesPerSec" : "NaN",
    "sentKBytesPerSec" : "NaN"
  },
  "4.0 Vaccination for flu" : {
    "transaction" : "4.0 Vaccination for flu",
    "sampleCount" : 270,
    "errorCount" : 0,
    "errorPct" : 0.0,
    "meanResTime" : 2364.437037037036,
    "medianResTime" : 2153.0,
    "minResTime" : 1852.0,
    "maxResTime" : 12037.0,
    "pct1ResTime" : 2979.1000000000004,
    "pct2ResTime" : 3365.2999999999997,
    "pct3ResTime" : 5878.620000000022,
    "throughput" : 0.10760088679071587,
    "receivedKBytesPerSec" : 7.144322544443151,
    "sentKBytesPerSec" : 1.5722517973831462
  },
  "4.0 Vaccination for hpv" : {
    "transaction" : "4.0 Vaccination for hpv",
    "sampleCount" : 270,
    "errorCount" : 0,
    "errorPct" : 0.0,
    "meanResTime" : 2279.72222222222,
    "medianResTime" : 2104.5,
    "minResTime" : 1799.0,
    "maxResTime" : 6855.0,
    "pct1ResTime" : 2752.2000000000003,
    "pct2ResTime" : 3153.3499999999995,
    "pct3ResTime" : 5398.6000000000295,
    "throughput" : 0.10797054563515074,
    "receivedKBytesPerSec" : 6.940697202803076,
    "sentKBytesPerSec" : 1.5801954851716453
  },
  "1.2 Sign-in page" : {
    "transaction" : "1.2 Sign-in page",
    "sampleCount" : 1151,
    "errorCount" : 0,
    "errorPct" : 0.0,
    "meanResTime" : 491.23544743701115,
    "medianResTime" : 420.0,
    "minResTime" : 165.0,
    "maxResTime" : 4743.0,
    "pct1ResTime" : 784.3999999999999,
    "pct2ResTime" : 834.0,
    "pct3ResTime" : 1127.7600000000002,
    "throughput" : 0.43117366896201403,
    "receivedKBytesPerSec" : 8.692857050710293,
    "sentKBytesPerSec" : 1.7137461752535532
  },
  "Debug Sampler" : {
    "transaction" : "Debug Sampler",
    "sampleCount" : 1151,
    "errorCount" : 0,
    "errorPct" : 0.0,
    "meanResTime" : 0.4222415291051263,
    "medianResTime" : 0.0,
    "minResTime" : 0.0,
    "maxResTime" : 11.0,
    "pct1ResTime" : 1.0,
    "pct2ResTime" : 1.0,
    "pct3ResTime" : 1.0,
    "throughput" : 0.43131246020852143,
    "receivedKBytesPerSec" : 2.354703634987872,
    "sentKBytesPerSec" : 0.0
  },
  "2.4 Patient attending session" : {
    "transaction" : "2.4 Patient attending session",
    "sampleCount" : 674,
    "errorCount" : 7,
    "errorPct" : 1.0385756,
    "meanResTime" : 776.0459940652817,
    "medianResTime" : 701.5,
    "minResTime" : 224.0,
    "maxResTime" : 3650.0,
    "pct1ResTime" : 1026.0,
    "pct2ResTime" : 1261.25,
    "pct3ResTime" : 1940.0,
    "throughput" : 0.2677053953758461,
    "receivedKBytesPerSec" : 6.9181486440413895,
    "sentKBytesPerSec" : 1.1105292343774638
  },
  "Total" : {
    "transaction" : "Total",
    "sampleCount" : 13996,
    "errorCount" : 8,
    "errorPct" : 0.05715919,
    "meanResTime" : 619.2059159759913,
    "medianResTime" : 448.0,
    "minResTime" : 0.0,
    "maxResTime" : 10912.0,
    "pct1ResTime" : 1139.0,
    "pct2ResTime" : 1574.0,
    "pct3ResTime" : 2573.090000000002,
    "throughput" : 5.213845523994083,
    "receivedKBytesPerSec" : 144.8599765767403,
    "sentKBytesPerSec" : 19.211243176292125
  },
  "1.4 Open Sessions list" : {
    "transaction" : "1.4 Open Sessions list",
    "sampleCount" : 1151,
    "errorCount" : 1,
    "errorPct" : 0.086880974,
    "meanResTime" : 1698.3753258036504,
    "medianResTime" : 1498.0,
    "minResTime" : 876.0,
    "maxResTime" : 7319.0,
    "pct1ResTime" : 2480.2,
    "pct2ResTime" : 2766.7999999999984,
    "pct3ResTime" : 3907.8000000000043,
    "throughput" : 0.4311236032494209,
    "receivedKBytesPerSec" : 34.03568615032748,
    "sentKBytesPerSec" : 1.4281748480813687
  },
  "4.2 Vaccination batch" : {
    "transaction" : "4.2 Vaccination batch",