{
  "2.0 Register attendance" : {
    "transaction" : "2.0 Register attendance",
    "sampleCount" : 198,
    "errorCount" : 183,
    "errorPct" : 92.42424,
    "meanResTime" : 64551.752525252545,
    "medianResTime" : 67961.0,
    "minResTime" : 25534.0,
    "maxResTime" : 111121.0,
    "pct1ResTime" : 89789.8,
    "pct2ResTime" : 96897.5,
    "pct3ResTime" : 106388.79999999996,
    "throughput" : 0.27318069247166443,
    "receivedKBytesPerSec" : 18.646414675873867,
    "sentKBytesPerSec" : 0.38531908160238415
  },
  "2.5 Select patient" : {
    "transaction" : "2.5 Select patient",
    "sampleCount" : 10,
    "errorCount" : 0,
    "errorPct" : 0.0,
    "meanResTime" : 796.8000000000001,
    "medianResTime" : 728.5,
    "minResTime" : 555.0,
    "maxResTime" : 1142.0,
    "pct1ResTime" : 1136.4,
    "pct2ResTime" : 1142.0,
    "pct3ResTime" : 1142.0,
    "throughput" : 0.22136137244050913,
    "receivedKBytesPerSec" : 5.046044894853348,
    "sentKBytesPerSec" : 0.15395856391809631
  },
  "Choose session" : {
    "transaction" : "Choose session",
    "sampleCount" : 198,
    "errorCount" : 0,
    "errorPct" : 0.0,
    "meanResTime" : 0.7777777777777785,
    "medianResTime" : 1.0,
    "minResTime" : 0.0,
    "maxResTime" : 41.0,
    "pct1ResTime" : 1.0,
    "pct2ResTime" : 1.0,
    "pct3ResTime" : 1.3999999999996362,
    "throughput" : 0.29268898395532206,
    "receivedKBytesPerSec" : 0.0,
    "sentKBytesPerSec" : 0.0
  },
  "2.5 Select menacwy" : {
    "transaction" : "2.5 Select menacwy",
    "sampleCount" : 3,
    "errorCount" : 0,
    "errorPct" : 0.0,
    "meanResTime" : 886.6666666666666,
    "medianResTime" : 943.0,
    "minResTime" : 621.0,
    "maxResTime" : 1096.0,
    "pct1ResTime" : 1096.0,
    "pct2ResTime" : 1096.0,
    "pct3ResTime" : 1096.0,
    "throughput" : 0.1229457809106184,
    "receivedKBytesPerSec" : 2.859129748780788,
    "sentKBytesPerSec" : 0.09220933568296381
  },
  "2.3 Search by first/last name" : {
    "transaction" : "2.3 Search by first/last name",
    "sampleCount" : 52,
    "errorCount" : 36,
    "errorPct" : 69.23077,
    "meanResTime" : 39323.173076923085,
    "medianResTime" : 41082.0,
    "minResTime" : 12211.0,
    "maxResTime" : 60377.0,
    "pct1ResTime" : 60127.0,
    "pct2ResTime" : 60129.4,
    "pct3ResTime" : 60377.0,
    "throughput" : 0.07563746381765553,
    "receivedKBytesPerSec" : 2.466547240687137,
    "sentKBytesPerSec" : 0.0590931890827503
  },
  "2.5 Select td_ipv" : {
    "transaction" : "2.5 Select td_ipv",
    "sampleCount" : 3,
    "errorCount" : 0,
    "errorPct" : 0.0,
    "meanResTime" : 853.0,
    "medianResTime" : 983.0,
    "minResTime" : 591.0,
    "maxResTime" : 985.0,
    "pct1ResTime" : 985.0,
    "pct2ResTime" : 985.0,
    "pct3ResTime" : 985.0,
    "throughput" : 0.13584495562398116,
    "receivedKBytesPerSec" : 3.3094077584450283,
    "sentKBytesPerSec" : 0.09472001788625249
  },
  "4.0 Vaccination for flu" : {
    "transaction" : "4.0 Vaccination for flu",
    "sampleCount" : 4,
    "errorCount" : 0,
    "errorPct" : 0.0,
    "meanResTime" : 3142.5,
    "medianResTime" : 3158.0,
    "minResTime" : 3066.0,
    "maxResTime" : 3188.0,
    "pct1ResTime" : 3188.0,
    "pct2ResTime" : 3188.0,
    "pct3ResTime" : 3188.0,
    "throughput" : 0.14203032347406172,
    "receivedKBytesPerSec" : 6.409707828090047,
    "sentKBytesPerSec" : 0.8432356948833576
  },
  "4.0 Vaccination for hpv" : {
    "transaction" : "4.0 Vaccination for hpv",
    "sampleCount" : 3,
    "errorCount" : 0,
    "errorPct" : 0.0,
    "meanResTime" : 3153.0,
    "medianResTime" : 3158.0,
    "minResTime" : 3134.0,
    "maxResTime" : 3167.0,
    "pct1ResTime" : 3167.0,
    "pct2ResTime" : 3167.0,
    "pct3ResTime" : 3167.0,
    "throughput" : 0.07762368039743324,
    "receivedKBytesPerSec" : 3.3367064595839366,
    "sentKBytesPerSec" : 0.4632405379967915
  },
  "1.2 Sign-in page" : {
    "transaction" : "1.2 Sign-in page",
    "sampleCount" : 51,
    "errorCount" : 0,
    "errorPct" : 0.0,
    "meanResTime" : 1989.5882352941176,
    "medianResTime" : 146.0,
    "minResTime" : 132.0,
    "maxResTime" : 20990.0,
    "pct1ResTime" : 11582.200000000046,
    "pct2ResTime" : 18179.8,
    "pct3ResTime" : 20990.0,
    "throughput" : 0.07578053955744166,
    "receivedKBytesPerSec" : 0.4476528161943013,
    "sentKBytesPerSec" : 0.04566073526068506
  },
  "Get correct patient name" : {
    "transaction" : "Get correct patient name",
    "sampleCount" : 16,
    "errorCount" : 0,
    "errorPct" : 0.0,
    "meanResTime" : 3.8749999999999996,
    "medianResTime" : 1.0,
    "minResTime" : 0.0,
    "maxResTime" : 51.0,
    "pct1ResTime" : 16.000000000000036,
    "pct2ResTime" : 51.0,
    "pct3ResTime" : 51.0,
    "throughput" : 0.024562593932732267,
    "receivedKBytesPerSec" : 0.0,
    "sentKBytesPerSec" : 0.0
  },
  "2.4 Patient attending session" : {
    "transaction" : "2.4 Patient attending session",
    "sampleCount" : 11,
    "errorCount" : 1,
    "errorPct" : 9.090909,
    "meanResTime" : 18567.363636363636,
    "medianResTime" : 16603.0,
    "minResTime" : 11837.0,
    "maxResTime" : 34038.0,
    "pct1ResTime" : 32058.800000000007,
    "pct2ResTime" : 34038.0,
    "pct3ResTime" : 34038.0,
    "throughput" : 0.016487972024408194,
    "receivedKBytesPerSec" : 1.487205122925326,
    "sentKBytesPerSec" : 0.024538739614451258
  },
  "Logout" : {
    "transaction" : "Logout",
    "sampleCount" : 1,
    "errorCount" : 0,
    "errorPct" : 0.0,
    "meanResTime" : 136.0,
    "medianResTime" : 136.0,
    "minResTime" : 136.0,
    "maxResTime" : 136.0,
    "pct1ResTime" : 136.0,
    "pct2ResTime" : 136.0,
    "pct3ResTime" : 136.0,
    "throughput" : 7.352941176470588,
    "receivedKBytesPerSec" : 35.005457261029406,
    "sentKBytesPerSec" : 5.37109375
  },
  "1.1 Homepage" : {
    "transaction" : "1.1 Homepage",
    "sampleCount" : 51,
    "errorCount" : 0,
    "errorPct" : 0.0,
    "meanResTime" : 1404.843137254902,
    "medianResTime" : 449.0,
    "minResTime" : 405.0,
    "maxResTime" : 22759.0,
    "pct1ResTime" : 2603.400000000004,
    "pct2ResTime" : 8035.999999999997,
    "pct3ResTime" : 22759.0,
    "throughput" : 0.07813337827279274,
    "receivedKBytesPerSec" : 0.4296572783731405,
    "sentKBytesPerSec" : 0.04234768060683591
  },
  "1.3 Sign-in" : {
    "transaction" : "1.3 Sign-in",
    "sampleCount" : 51,
    "errorCount" : 1,
    "errorPct" : 1.9607843,
    "meanResTime" : 8962.72549019608,
    "medianResTime" : 2548.0,
    "minResTime" : 1175.0,
    "maxResTime" : 46813.0,
    "pct1ResTime" : 25728.00000000001,
    "pct2ResTime" : 43905.99999999999,
    "pct3ResTime" : 46813.0,
    "throughput" : 0.0751741165198806,
    "receivedKBytesPerSec" : 1.0935513551608507,
    "sentKBytesPerSec" : 0.16532576602056234
  },
  "4.0 Vaccination for td_ipv" : {
    "transaction" : "4.0 Vaccination for td_ipv",
    "sampleCount" : 3,
    "errorCount" : 0,
    "errorPct" : 0.0,
    "meanResTime" : 3285.0,
    "medianResTime" : 3310.0,
    "minResTime" : 3115.0,
    "maxResTime" : 3430.0,
    "pct1ResTime" : 3430.0,
    "pct2ResTime" : 3430.0,
    "pct3ResTime" : 3430.0,
    "throughput" : 0.1223091976516634,
    "receivedKBytesPerSec" : 5.847191857265167,
    "sentKBytesPerSec" : 0.7427337507134704
  },
  "2.1 Open session" : {
    "transaction" : "2.1 Open session",
    "sampleCount" : 198,
    "errorCount" : 63,
    "errorPct" : 31.818182,
    "meanResTime" : 28232.863636363636,
    "medianResTime" : 27101.5,
    "minResTime" : 6795.0,
    "maxResTime" : 58865.0,
    "pct1ResTime" : 39896.2,
    "pct2ResTime" : 47746.54999999998,
    "pct3ResTime" : 57331.48999999998,
    "throughput" : 0.2885855663491739,
    "receivedKBytesPerSec" : 3.265676069533818,
    "sentKBytesPerSec" : 0.18560814990052543
  },
  "4.3 Vaccination confirm" : {
    "transaction" : "4.3 Vaccination confirm",
    "sampleCount" : 13,
    "errorCount" : 0,
    "errorPct" : 0.0,
    "meanResTime" : 1568.3076923076924,
    "medianResTime" : 1508.0,