{
  "4.3 Vaccination confirm" : {
    "transaction" : "4.3 Vaccination confirm",
    "sampleCount" : 486,
    "errorCount" : 0,
    "errorPct" : 0.0,
    "meanResTime" : 1923.67695473251,
    "medianResTime" : 1684.0,
    "minResTime" : 1004.0,
    "maxResTime" : 7551.0,
    "pct1ResTime" : 2967.3,
    "pct2ResTime" : 3588.5999999999985,
    "pct3ResTime" : 4779.259999999998,
    "throughput" : 0.4616669215650699,
    "receivedKBytesPerSec" : 180.65579883427912,
    "sentKBytesPerSec" : 2.394822942186192
  },
  "4.1 Vaccination questions" : {
    "transaction" : "4.1 Vaccination questions",
    "sampleCount" : 510,
    "errorCount" : 0,
    "errorPct" : 0.0,
    "meanResTime" : 1255.4784313725484,
    "medianResTime" : 1164.5,
    "minResTime" : 548.0,
    "maxResTime" : 3858.0,
    "pct1ResTime" : 1552.8000000000004,
    "pct2ResTime" : 1779.6499999999999,
    "pct3ResTime" : 2427.8799999999974,
    "throughput" : 0.4599803561330263,
    "receivedKBytesPerSec" : 176.00768709757358,
    "sentKBytesPerSec" : 2.284423772855838
  },
  "Get Next Patient from STS" : {
    "transaction" : "Get Next Patient from STS",
    "sampleCount" : 550,
    "errorCount" : 0,
    "errorPct" : 0.0,
    "meanResTime" : 0.6036363636363631,
    "medianResTime" : 1.0,
    "minResTime" : 0.0,
    "maxResTime" : 2.0,
    "pct1ResTime" : 1.0,
    "pct2ResTime" : 1.0,
    "pct3ResTime" : 1.0,
    "throughput" : 0.46434623005738473,
    "receivedKBytesPerSec" : 0.19531068614753883,
    "sentKBytesPerSec" : 0.2964453280331729
  },
  "2.0 Register attendance" : {
    "transaction" : "2.0 Register attendance",
    "sampleCount" : 535,
    "errorCount" : 5,
    "errorPct" : 0.93457943,
    "meanResTime" : 3177.5121495327107,
    "medianResTime" : 3099.0,
    "minResTime" : 1538.0,
    "maxResTime" : 9906.0,
    "pct1ResTime" : 4242.6,
    "pct2ResTime" : 4755.799999999999,
    "pct3ResTime" : 5835.92,
    "throughput" : 0.4603762349484938,
    "receivedKBytesPerSec" : 838.7294628702801,
    "sentKBytesPerSec" : 8.105538582916772
  },
  "1.0 Login" : {
    "transaction" : "1.0 Login",
    "sampleCount" : 553,
    "errorCount" : 0,
    "errorPct" : 0.0,
    "meanResTime" : 3549.734177215187,
    "medianResTime" : 3407.0,
    "minResTime" : 1998.0,
    "maxResTime" : 7637.0,
    "pct1ResTime" : 4556.6,
    "pct2ResTime" : 4980.9,
    "pct3ResTime" : 5711.200000000001,
    "throughput" : 0.46468284345566063,
    "receivedKBytesPerSec" : 748.825366799041,
    "sentKBytesPerSec" : 7.665066067627739
  },
  "4.0 Vaccination for menacwy" : {
    "transaction" : "4.0 Vaccination for menacwy",
    "sampleCount" : 127,
    "errorCount" : 0,
    "errorPct" : 0.0,
    "meanResTime" : 4061.3937007874015,
    "medianResTime" : 3835.0,
    "minResTime" : 1774.0,
    "maxResTime" : 8352.0,
    "pct1ResTime" : 5479.0,
    "pct2ResTime" : 5754.4,
    "pct3ResTime" : 8039.519999999999,
    "throughput" : 0.11697263761324242,
    "receivedKBytesPerSec" : 133.90029120257543,
    "sentKBytesPerSec" : 1.6881736288412157
  },
  "2.5 Select patient" : {
    "transaction" : "2.5 Select patient",
    "sampleCount" : 530,
    "errorCount" : 0,
    "errorPct" : 0.0,
    "meanResTime" : 486.741509433962,
    "medianResTime" : 416.5,
    "minResTime" : 301.0,
    "maxResTime" : 2234.0,
    "pct1ResTime" : 736.6000000000005,
    "pct2ResTime" : 909.45,
    "pct3ResTime" : 1501.8499999999844,
    "throughput" : 0.4635140134279135,
    "receivedKBytesPerSec" : 182.68849787379344,
    "sentKBytesPerSec" : 1.647537296206881
  },
  "2.3 Search by first/last name" : {
    "transaction" : "2.3 Search by first/last name",
    "sampleCount" : 540,
    "errorCount" : 0,
    "errorPct" : 0.0,
    "meanResTime" : 491.69629629629617,
    "medianResTime" : 442.5,
    "minResTime" : 303.0,
    "maxResTime" : 2468.0,
    "pct1ResTime" : 669.8000000000001,
    "pct2ResTime" : 871.1499999999975,
    "pct3ResTime" : 1585.330000000009,
    "throughput" : 0.4626813239540403,
    "receivedKBytesPerSec" : 182.69793248654798,
    "sentKBytesPerSec" : 1.7107260401761617
  },
  "4.0 Vaccination for flu" : {
    "transaction" : "4.0 Vaccination for flu",
    "sampleCount" : 126,
    "errorCount" : 0,
    "errorPct" : 0.0,
    "meanResTime" : 3869.730158730159,
    "medianResTime" : 3732.0,
    "minResTime" : 1643.0,
    "maxResTime" : 6571.0,
    "pct1ResTime" : 4972.7,
    "pct2ResTime" : 5490.749999999999,
    "pct3ResTime" : 6453.280000000002,
    "throughput" : 0.11548190783443928,
    "receivedKBytesPerSec" : 131.65900916408515,
    "sentKBytesPerSec" : 1.6580529011392382
  },
  "4.0 Vaccination for hpv" : {
    "transaction" : "4.0 Vaccination for hpv",
    "sampleCount" : 127,
    "errorCount" : 0,
    "errorPct" : 0.0,
    "meanResTime" : 4034.3700787401567,
    "medianResTime" : 3800.0,
    "minResTime" : 2025.0,
    "maxResTime" : 10014.0,
    "pct1ResTime" : 5251.6,
    "pct2ResTime" : 5807.599999999998,
    "pct3ResTime" : 9105.679999999997,
    "throughput" : 0.11742862743502591,
    "receivedKBytesPerSec" : 134.0187259074829,
    "sentKBytesPerSec" : 1.693737832383117
  },
  "1.2 Sign-in page" : {
    "transaction" : "1.2 Sign-in page",
    "sampleCount" : 554,
    "errorCount" : 0,
    "errorPct" : 0.0,
    "meanResTime" : 761.6245487364622,
    "medianResTime" : 617.5,
    "minResTime" : 173.0,
    "maxResTime" : 2500.0,
    "pct1ResTime" : 1271.0,
    "pct2ResTime" : 1611.75,
    "pct3ResTime" : 2172.7500000000045,
    "throughput" : 0.46357892975189324,
    "receivedKBytesPerSec" : 180.23203788544413,
    "sentKBytesPerSec" : 1.950030366145768
  },
  "2.4 Patient attending session" : {
    "transaction" : "2.4 Patient attending session",
    "sampleCount" : 321,
    "errorCount" : 5,
    "errorPct" : 1.5576324,
    "meanResTime" : 1291.3613707165107,
    "medianResTime" : 1107.0,
    "minResTime" : 335.0,
    "maxResTime" : 8022.0,
    "pct1ResTime" : 1969.4000000000005,
    "pct2ResTime" : 2445.199999999998,
    "pct3ResTime" : 3311.3799999999956,
    "throughput" : 0.27695596917764786,
    "receivedKBytesPerSec" : 109.51203466301318,
    "sentKBytesPerSec" : 1.209942459108012
  },
  "Debug Sampler" : {
    "transaction" : "Debug Sampler",
    "sampleCount" : 535,
    "errorCount" : 0,
    "errorPct" : 0.0,
    "meanResTime" : 0.5476635514018692,
    "medianResTime" : 1.0,
    "minResTime" : 0.0,
    "maxResTime" : 3.0,
    "pct1ResTime" : 1.0,
    "pct2ResTime" : 1.0,
    "pct3ResTime" : 1.0,
    "throughput" : 0.46198191103350966,
    "receivedKBytesPerSec" : 2.8873793544493607,
    "sentKBytesPerSec" : 0.0
  },
  "Total" : {
    "transaction" : "Total",
    "sampleCount" : 7283,
    "errorCount" : 5,
    "errorPct" : 0.068653025,
    "meanResTime" : 787.2224358094202,
    "medianResTime" : 702.0,
    "minResTime" : 0.0,
    "maxResTime" : 8022.0,
    "pct1ResTime" : 1475.0,
    "pct2ResTime" : 1812.7999999999993,
    "pct3ResTime" : 2907.7199999999975,
    "throughput" : 6.06561322825045,
    "receivedKBytesPerSec" : 2047.2886134857038,
    "sentKBytesPerSec" : 21.640487970901216
  },
  "1.4 Open Sessions list" : {
    "transaction" : "1.4 Open Sessions list",
    "sampleCount" : 550,
    "errorCount" : 0,
    "errorPct" : 0.0,
    "meanResTime" : 1051.9145454545449,
    "medianResTime" : 933.5,
    "minResTime" : 477.0,
    "maxResTime" : 2633.0,
    "pct1ResTime" : 1593.3000000000002,
    "pct2ResTime" : 1798.8999999999999,
    "pct3ResTime" : 2195.86,
    "throughput" : 0.46401950569267564,
    "receivedKBytesPerSec" : 207.37956123264672,
    "sentKBytesPerSec" : 1.646840818108572
  },
  "4.2 Vaccination batch" : {
    "transaction" : "4.2 Vaccination batch",
    "sampleCount" : 508,
    "errorCount" : 0,
    "errorPct" : 0.0,
    "meanResTime" : 904.3779527559059,
    "medianResTime" : 809.0,
    "minResTime" : 527.0,
    "maxResTime" : 4051.0,
    "pct1ResTime" : 1254.3000000000002,
    "pct2ResTime" : 1533.6999999999985,
    "pct3ResTime" : 2056.9099999999967,
    "throughput" : 0.4615316126441491,