{
  "4.3 Vaccination confirm" : {
    "transaction" : "4.3 Vaccination confirm",
    "sampleCount" : 1501,
    "errorCount" : 0,
    "errorPct" : 0.0,
    "meanResTime" : 1917.133244503664,
    "medianResTime" : 1668.0,
    "minResTime" : 1034.0,
    "maxResTime" : 10704.0,
    "pct1ResTime" : 2796.0,
    "pct2ResTime" : 3487.899999999997,
    "pct3ResTime" : 5523.660000000002,
    "throughput" : 0.43427340071080806,
    "receivedKBytesPerSec" : 133.11207135437823,
    "sentKBytesPerSec" : 2.252684205084384
  },
  "4.1 Vaccination questions" : {
    "transaction" : "4.1 Vaccination questions",
    "sampleCount" : 1529,
    "errorCount" : 0,
    "errorPct" : 0.0,
    "meanResTime" : 1573.4440810987585,
    "medianResTime" : 1495.0,
    "minResTime" : 573.0,
    "maxResTime" : 4360.0,
    "pct1ResTime" : 1877.0,
    "pct2ResTime" : 2240.0,
    "pct3ResTime" : 3239.000000000002,
    "throughput" : 0.4359651581435811,
    "receivedKBytesPerSec" : 129.71073376951114,
    "sentKBytesPerSec" : 2.167126048943148
  },
  "Get Next Patient from STS" : {
    "transaction" : "Get Next Patient from STS",
    "sampleCount" : 1565,
    "errorCount" : 0,
    "errorPct" : 0.0,
    "meanResTime" : 0.5782747603833867,
    "medianResTime" : 1.0,
    "minResTime" : 0.0,
    "maxResTime" : 8.0,
    "pct1ResTime" : 1.0,
    "pct2ResTime" : 1.0,
    "pct3ResTime" : 1.0,
    "throughput" : 0.4364329180295319,
    "receivedKBytesPerSec" : 0.18359126303825912,
    "sentKBytesPerSec" : 0.27862658979056515
  },
  "2.0 Register attendance" : {
    "transaction" : "2.0 Register attendance",
    "sampleCount" : 1557,
    "errorCount" : 18,
    "errorPct" : 1.1560694,
    "meanResTime" : 3511.0789980732184,
    "medianResTime" : 3359.0,
    "minResTime" : 1664.0,
    "maxResTime" : 10341.0,
    "pct1ResTime" : 4920.8,
    "pct2ResTime" : 5565.2,
    "pct3ResTime" : 7249.680000000004,
    "throughput" : 0.4360019433869538,
    "receivedKBytesPerSec" : 641.0750886110244,
    "sentKBytesPerSec" : 7.759481657447947
  },
  "1.0 Login" : {
    "transaction" : "1.0 Login",
    "sampleCount" : 1565,
    "errorCount" : 0,
    "errorPct" : 0.0,
    "meanResTime" : 4209.021086261986,
    "medianResTime" : 4020.0,
    "minResTime" : 2292.0,
    "maxResTime" : 11057.0,
    "pct1ResTime" : 5163.200000000001,
    "pct2ResTime" : 5797.099999999998,
    "pct3ResTime" : 7705.099999999987,
    "throughput" : 0.43611694845209137,
    "receivedKBytesPerSec" : 563.8133530079147,
    "sentKBytesPerSec" : 7.250284251064585
  },
  "4.0 Vaccination for menacwy" : {
    "transaction" : "4.0 Vaccination for menacwy",
    "sampleCount" : 378,
    "errorCount" : 0,
    "errorPct" : 0.0,
    "meanResTime" : 4460.587301587294,
    "medianResTime" : 4197.0,
    "minResTime" : 2262.0,
    "maxResTime" : 9585.0,
    "pct1ResTime" : 5818.800000000001,
    "pct2ResTime" : 6699.400000000001,
    "pct3ResTime" : 8517.539999999994,
    "throughput" : 0.10882019334296786,
    "receivedKBytesPerSec" : 99.55959972503469,
    "sentKBytesPerSec" : 1.5862852999896362
  },
  "2.5 Select patient" : {
    "transaction" : "2.5 Select patient",
    "sampleCount" : 1552,
    "errorCount" : 0,
    "errorPct" : 0.0,
    "meanResTime" : 586.5483247422677,
    "medianResTime" : 490.0,
    "minResTime" : 350.0,
    "maxResTime" : 4778.0,
    "pct1ResTime" : 865.0,
    "pct2ResTime" : 1164.499999999999,
    "pct3ResTime" : 2039.3800000000015,
    "throughput" : 0.43802830814388327,
    "receivedKBytesPerSec" : 137.3250580124677,
    "sentKBytesPerSec" : 1.5569448817612859
  },
  "2.3 Search by first/last name" : {
    "transaction" : "2.3 Search by first/last name",
    "sampleCount" : 1561,
    "errorCount" : 0,
    "errorPct" : 0.0,
    "meanResTime" : 577.6079436258811,
    "medianResTime" : 503.0,
    "minResTime" : 342.0,
    "maxResTime" : 3494.0,
    "pct1ResTime" : 816.8,
    "pct2ResTime" : 1052.8999999999999,
    "pct3ResTime" : 1864.9399999999985,
    "throughput" : 0.43760424989136987,
    "receivedKBytesPerSec" : 136.2634585843215,
    "sentKBytesPerSec" : 1.6180631662356502
  },
  "4.0 Vaccination for flu" : {
    "transaction" : "4.0 Vaccination for flu",
    "sampleCount" : 385,
    "errorCount" : 0,
    "errorPct" : 0.0,
    "meanResTime" : 4456.981818181823,
    "medianResTime" : 4157.0,
    "minResTime" : 2196.0,
    "maxResTime" : 12361.0,
    "pct1ResTime" : 5640.200000000001,
    "pct2ResTime" : 6388.4,
    "pct3ResTime" : 8651.859999999995,
    "throughput" : 0.1104042688885932,
    "receivedKBytesPerSec" : 98.45958275807213,
    "sentKBytesPerSec" : 1.6060152556116911
  },
  "4.0 Vaccination for hpv" : {
    "transaction" : "4.0 Vaccination for hpv",
    "sampleCount" : 382,
    "errorCount" : 0,
    "errorPct" : 0.0,
    "meanResTime" : 4450.528795811517,
    "medianResTime" : 4284.0,
    "minResTime" : 2323.0,
    "maxResTime" : 10794.0,
    "pct1ResTime" : 5671.0,
    "pct2ResTime" : 6286.9,
    "pct3ResTime" : 8510.070000000023,
    "throughput" : 0.10960759333861286,
    "receivedKBytesPerSec" : 98.30629413355484,
    "sentKBytesPerSec" : 1.5954841608778363
  },
  "1.2 Sign-in page" : {
    "transaction" : "1.2 Sign-in page",
    "sampleCount" : 1567,
    "errorCount" : 0,
    "errorPct" : 0.0,
    "meanResTime" : 987.1742182514358,
    "medianResTime" : 784.0,
    "minResTime" : 246.0,
    "maxResTime" : 6623.0,
    "pct1ResTime" : 1619.4,
    "pct2ResTime" : 1836.7999999999993,
    "pct3ResTime" : 2566.119999999999,
    "throughput" : 0.43594950330411886,
    "receivedKBytesPerSec" : 133.22502691125743,
    "sentKBytesPerSec" : 1.8622408763412681
  },
  "2.4 Patient attending session" : {
    "transaction" : "2.4 Patient attending session",
    "sampleCount" : 995,
    "errorCount" : 18,
    "errorPct" : 1.8090452,
    "meanResTime" : 1325.1517587939688,
    "medianResTime" : 1124.0,
    "minResTime" : 581.0,
    "maxResTime" : 6587.0,
    "pct1ResTime" : 1974.7999999999997,
    "pct2ResTime" : 2601.3999999999996,
    "pct3ResTime" : 4494.119999999997,
    "throughput" : 0.27972004381062476,
    "receivedKBytesPerSec" : 90.92528877931859,
    "sentKBytesPerSec" : 1.221513832138596
  },
  "Debug Sampler" : {
    "transaction" : "Debug Sampler",
    "sampleCount" : 1557,
    "errorCount" : 0,
    "errorPct" : 0.0,
    "meanResTime" : 0.5131663455362868,
    "medianResTime" : 1.0,
    "minResTime" : 0.0,
    "maxResTime" : 8.0,
    "pct1ResTime" : 1.0,
    "pct2ResTime" : 1.0,
    "pct3ResTime" : 1.0,
    "throughput" : 0.438286600590575,
    "receivedKBytesPerSec" : 2.7136128722585977,
    "sentKBytesPerSec" : 0.0
  },
  "Total" : {
    "transaction" : "Total",
    "sampleCount" : 21174,
    "errorCount" : 18,
    "errorPct" : 0.08500992,
    "meanResTime" : 893.2621139132879,
    "medianResTime" : 794.0,
    "minResTime" : 0.0,
    "maxResTime" : 10704.0,
    "pct1ResTime" : 1655.0,
    "pct2ResTime" : 1979.0,
    "pct3ResTime" : 3127.870000000021,
    "throughput" : 5.880283166710499,
    "receivedKBytesPerSec" : 1581.8097586007193,
    "sentKBytesPerSec" : 21.1124098350159
  },
  "1.4 Open Sessions list" : {
    "transaction" : "1.4 Open Sessions list",
    "sampleCount" : 1565,
    "errorCount" : 0,
    "errorPct" : 0.0,
    "meanResTime" : 1209.0568690095856,
    "medianResTime" : 1062.0,
    "minResTime" : 487.0,
    "maxResTime" : 6138.0,
    "pct1ResTime" : 1832.4,
    "pct2ResTime" : 2028.6999999999998,
    "pct3ResTime" : 2774.219999999993,
    "throughput" : 0.4363167174262388,
    "receivedKBytesPerSec" : 159.99151903935257,
    "sentKBytesPerSec" : 1.5503855787810956
  },
  "4.2 Vaccination batch" : {
    "transaction" : "4.2 Vaccination batch",
    "sampleCount" : 1523,
    "errorCount" : 0,
    "errorPct" : 0.0,
    "meanResTime" : 1023.423506237688,
    "medianResTime" : 969.0,
    "minResTime" : 550.0,
    "maxResTime" : 7211.0,
    "pct1ResTime" : 1329.0000000000007,
    "pct2ResTime" : 1577.8,
    "pct3ResTime" : 2561.84,
    "throughput" : 0.43573595602700366,