{
  "4.3 Vaccination confirm" : {
    "transaction" : "4.3 Vaccination confirm",
    "sampleCount" : 1393,
    "errorCount" : 0,
    "errorPct" : 0.0,
    "meanResTime" : 3153.7415649676923,
    "medianResTime" : 2384.0,
    "minResTime" : 988.0,
    "maxResTime" : 19790.0,
    "pct1ResTime" : 6027.000000000002,
    "pct2ResTime" : 7692.799999999999,
    "pct3ResTime" : 13204.939999999973,
    "throughput" : 0.7217261326515017,
    "receivedKBytesPerSec" : 207.49303001439048,
    "sentKBytesPerSec" : 3.743684633236965
  },
  "4.1 Vaccination questions" : {
    "transaction" : "4.1 Vaccination questions",
    "sampleCount" : 1393,
    "errorCount" : 0,
    "errorPct" : 0.0,
    "meanResTime" : 1787.139267767409,
    "medianResTime" : 1347.0,
    "minResTime" : 412.0,
    "maxResTime" : 14719.0,
    "pct1ResTime" : 3199.800000000002,
    "pct2ResTime" : 4493.5999999999985,
    "pct3ResTime" : 9065.139999999996,
    "throughput" : 0.7222960822826423,
    "receivedKBytesPerSec" : 209.88870951214165,
    "sentKBytesPerSec" : 3.5883243129502036
  },
  "Get Next Patient from STS" : {
    "transaction" : "Get Next Patient from STS",
    "sampleCount" : 1533,
    "errorCount" : 0,
    "errorPct" : 0.0,
    "meanResTime" : 0.5009784735812142,
    "medianResTime" : 0.0,
    "minResTime" : 0.0,
    "maxResTime" : 8.0,
    "pct1ResTime" : 1.0,
    "pct2ResTime" : 1.0,
    "pct3ResTime" : 1.0,
    "throughput" : 0.741141473899782,
    "receivedKBytesPerSec" : 0.30407256756449696,
    "sentKBytesPerSec" : 0.473165862192164
  },
  "2.0 Register attendance" : {
    "transaction" : "2.0 Register attendance",
    "sampleCount" : 1393,
    "errorCount" : 55,
    "errorPct" : 3.948313,
    "meanResTime" : 8613.045226130665,
    "medianResTime" : 6950.0,
    "minResTime" : 1807.0,
    "maxResTime" : 30479.0,
    "pct1ResTime" : 16045.400000000007,
    "pct2ResTime" : 19743.1,
    "pct3ResTime" : 26089.15999999999,
    "throughput" : 0.7237318586452447,
    "receivedKBytesPerSec" : 1094.5802023804374,
    "sentKBytesPerSec" : 13.484753617327948
  },
  "1.0 Login" : {
    "transaction" : "1.0 Login",
    "sampleCount" : 1533,
    "errorCount" : 0,
    "errorPct" : 0.0,
    "meanResTime" : 6589.947814742341,
    "medianResTime" : 5382.0,
    "minResTime" : 3031.0,
    "maxResTime" : 29357.0,
    "pct1ResTime" : 10627.400000000003,
    "pct2ResTime" : 14033.299999999997,
    "pct3ResTime" : 20219.060000000005,
    "throughput" : 0.7401224074593524,
    "receivedKBytesPerSec" : 931.4832107510625,
    "sentKBytesPerSec" : 12.25934432828098
  },
  "4.0 Vaccination for menacwy" : {
    "transaction" : "4.0 Vaccination for menacwy",
    "sampleCount" : 348,
    "errorCount" : 0,
    "errorPct" : 0.0,
    "meanResTime" : 6194.209770114945,
    "medianResTime" : 5043.5,
    "minResTime" : 2784.0,
    "maxResTime" : 28923.0,
    "pct1ResTime" : 10110.400000000001,
    "pct2ResTime" : 12209.950000000003,
    "pct3ResTime" : 22640.459999999955,
    "throughput" : 0.18094616123758855,
    "receivedKBytesPerSec" : 160.661646776942,
    "sentKBytesPerSec" : 2.6489820933495007
  },
  "2.5 Select patient" : {
    "transaction" : "2.5 Select patient",
    "sampleCount" : 1393,
    "errorCount" : 0,
    "errorPct" : 0.0,
    "meanResTime" : 1035.5491744436492,
    "medianResTime" : 629.0,
    "minResTime" : 270.0,
    "maxResTime" : 12083.0,
    "pct1ResTime" : 2120.8,
    "pct2ResTime" : 3340.699999999998,
    "pct3ResTime" : 6877.9999999999945,
    "throughput" : 0.7203984998334757,
    "receivedKBytesPerSec" : 223.25645313085033,
    "sentKBytesPerSec" : 2.5606162951309233
  },
  "2.3 Search by first/last name" : {
    "transaction" : "2.3 Search by first/last name",
    "sampleCount" : 1393,
    "errorCount" : 0,
    "errorPct" : 0.0,
    "meanResTime" : 842.8880114860013,
    "medianResTime" : 543.0,
    "minResTime" : 273.0,
    "maxResTime" : 10423.0,
    "pct1ResTime" : 1480.8000000000004,
    "pct2ResTime" : 2382.8999999999996,
    "pct3ResTime" : 6215.739999999998,
    "throughput" : 0.723443194907957,
    "receivedKBytesPerSec" : 227.22346900782077,
    "sentKBytesPerSec" : 2.6749807535156847
  },
  "4.0 Vaccination for flu" : {
    "transaction" : "4.0 Vaccination for flu",
    "sampleCount" : 348,
    "errorCount" : 0,
    "errorPct" : 0.0,
    "meanResTime" : 6330.813218390799,
    "medianResTime" : 5020.5,
    "minResTime" : 2710.0,
    "maxResTime" : 32613.0,
    "pct1ResTime" : 11119.000000000007,
    "pct2ResTime" : 14223.800000000005,
    "pct3ResTime" : 22086.0,
    "throughput" : 0.18059243660193536,
    "receivedKBytesPerSec" : 157.9994806143036,
    "sentKBytesPerSec" : 2.638162214431723
  },
  "4.0 Vaccination for hpv" : {
    "transaction" : "4.0 Vaccination for hpv",
    "sampleCount" : 348,
    "errorCount" : 0,
    "errorPct" : 0.0,
    "meanResTime" : 6571.626436781609,
    "medianResTime" : 4961.0,
    "minResTime" : 2669.0,
    "maxResTime" : 28941.0,
    "pct1ResTime" : 11312.300000000001,
    "pct2ResTime" : 17478.75000000001,
    "pct3ResTime" : 23089.10999999999,
    "throughput" : 0.18117083212075558,
    "receivedKBytesPerSec" : 156.81876492999933,
    "sentKBytesPerSec" : 2.6508130854538043
  },
  "1.2 Sign-in page" : {
    "transaction" : "1.2 Sign-in page",
    "sampleCount" : 1533,
    "errorCount" : 0,
    "errorPct" : 0.0,
    "meanResTime" : 1229.7984344422707,
    "medianResTime" : 839.0,
    "minResTime" : 182.0,
    "maxResTime" : 13228.0,
    "pct1ResTime" : 2411.4000000000015,
    "pct2ResTime" : 3620.899999999998,
    "pct3ResTime" : 6892.20000000001,
    "throughput" : 0.7414160417669207,
    "receivedKBytesPerSec" : 221.33245242066533,
    "sentKBytesPerSec" : 3.139484560482477
  },
  "Debug Sampler" : {
    "transaction" : "Debug Sampler",
    "sampleCount" : 1393,
    "errorCount" : 0,
    "errorPct" : 0.0,
    "meanResTime" : 0.486719310839914,
    "medianResTime" : 0.0,
    "minResTime" : 0.0,
    "maxResTime" : 8.0,
    "pct1ResTime" : 1.0,
    "pct2ResTime" : 1.0,
    "pct3ResTime" : 1.0,
    "throughput" : 0.7205837090145384,
    "receivedKBytesPerSec" : 4.388970139648658,
    "sentKBytesPerSec" : 0.0
  },
  "2.4 Patient attending session" : {
    "transaction" : "2.4 Patient attending session",
    "sampleCount" : 1158,
    "errorCount" : 55,
    "errorPct" : 4.749568,
    "meanResTime" : 2253.100172711575,
    "medianResTime" : 1600.5,
    "minResTime" : 307.0,
    "maxResTime" : 17360.0,
    "pct1ResTime" : 4553.0,
    "pct2ResTime" : 6033.449999999997,
    "pct3ResTime" : 9586.350000000019,
    "throughput" : 0.666972314313295,
    "receivedKBytesPerSec" : 199.4484132120995,
    "sentKBytesPerSec" : 2.898553665784666
  },
  "Total" : {
    "transaction" : "Total",
    "sampleCount" : 19967,
    "errorCount" : 55,
    "errorPct" : 0.2754545,
    "meanResTime" : 1553.2078930234848,
    "medianResTime" : 1035.0,
    "minResTime" : 0.0,
    "maxResTime" : 19790.0,
    "pct1ResTime" : 3364.0,
    "pct2ResTime" : 5042.199999999997,
    "pct3ResTime" : 9964.879999999997,
    "throughput" : 9.587788018986386,
    "receivedKBytesPerSec" : 2524.1884858918115,
    "sentKBytesPerSec" : 34.48440405474432
  },
  "1.4 Open Sessions list" : {
    "transaction" : "1.4 Open Sessions list",
    "sampleCount" : 1533,
    "errorCount" : 0,
    "errorPct" : 0.0,
    "meanResTime" : 2599.242661448144,
    "medianResTime" : 2221.0,
    "minResTime" : 1432.0,
    "maxResTime" : 12313.0,
    "pct1ResTime" : 4061.000000000001,
    "pct2ResTime" : 5080.199999999999,
    "pct3ResTime" : 7512.280000000001,
    "throughput" : 0.7405382113852557,
    "receivedKBytesPerSec" : 263.84827004410624,
    "sentKBytesPerSec" : 2.6296047729028227
  },
  "4.2 Vaccination batch" : {
    "transaction" : "4.2 Vaccination batch",
    "sampleCount" : 1393,
    "errorCount" : 0,
    "errorPct" : 0.0,
    "meanResTime" : 1457.1708542713552,
    "medianResTime" : 1061.0,
    "minResTime" : 413.0,
    "maxResTime" : 15284.0,
    "pct1ResTime" : 2608.6000000000013,