{
  "4.3 Vaccination confirm" : {
    "transaction" : "4.3 Vaccination confirm",
    "sampleCount" : 1458,
    "errorCount" : 0,
    "errorPct" : 0.0,
    "meanResTime" : 2019.4314128943738,
    "medianResTime" : 1749.5,
    "minResTime" : 1165.0,
    "maxResTime" : 15146.0,
    "pct1ResTime" : 2849.1000000000004,
    "pct2ResTime" : 3483.299999999999,
    "pct3ResTime" : 7203.520000000022,
    "throughput" : 0.4221768515625611,
    "receivedKBytesPerSec" : 166.49766617123746,
    "sentKBytesPerSec" : 2.189821289505604
  },
  "4.1 Vaccination questions" : {
    "transaction" : "4.1 Vaccination questions",
    "sampleCount" : 1480,
    "errorCount" : 0,
    "errorPct" : 0.0,
    "meanResTime" : 1713.204729729728,
    "medianResTime" : 1557.0,
    "minResTime" : 872.0,
    "maxResTime" : 8914.0,
    "pct1ResTime" : 2005.7000000000003,
    "pct2ResTime" : 2408.8,
    "pct3ResTime" : 4974.920000000015,
    "throughput" : 0.4206927388149029,
    "receivedKBytesPerSec" : 162.3867662211694,
    "sentKBytesPerSec" : 2.091120112982294
  },
  "Get Next Patient from STS" : {
    "transaction" : "Get Next Patient from STS",
    "sampleCount" : 1523,
    "errorCount" : 0,
    "errorPct" : 0.0,
    "meanResTime" : 0.606697307944845,
    "medianResTime" : 1.0,
    "minResTime" : 0.0,
    "maxResTime" : 7.0,
    "pct1ResTime" : 1.0,
    "pct2ResTime" : 1.0,
    "pct3ResTime" : 1.0,
    "throughput" : 0.4252678936422589,
    "receivedKBytesPerSec" : 0.17908866860015102,
    "sentKBytesPerSec" : 0.27147875330678595
  },
  "2.0 Register attendance" : {
    "transaction" : "2.0 Register attendance",
    "sampleCount" : 1508,
    "errorCount" : 15,
    "errorPct" : 0.99469495,
    "meanResTime" : 5428.234748010613,
    "medianResTime" : 4859.5,
    "minResTime" : 2293.0,
    "maxResTime" : 22119.0,
    "pct1ResTime" : 7703.100000000001,
    "pct2ResTime" : 9826.949999999997,
    "pct3ResTime" : 15721.970000000038,
    "throughput" : 0.42321675040258916,
    "receivedKBytesPerSec" : 805.5260737204359,
    "sentKBytesPerSec" : 7.782769979240489
  },
  "1.0 Login" : {
    "transaction" : "1.0 Login",
    "sampleCount" : 1523,
    "errorCount" : 0,
    "errorPct" : 0.0,
    "meanResTime" : 4771.072225870006,
    "medianResTime" : 4505.0,
    "minResTime" : 2960.0,
    "maxResTime" : 18158.0,
    "pct1ResTime" : 5629.6,
    "pct2ResTime" : 6362.4,
    "pct3ResTime" : 10833.199999999999,
    "throughput" : 0.42500918109130525,
    "receivedKBytesPerSec" : 692.42983283603,
    "sentKBytesPerSec" : 7.0648570629312175
  },
  "4.0 Vaccination for menacwy" : {
    "transaction" : "4.0 Vaccination for menacwy",
    "sampleCount" : 360,
    "errorCount" : 0,
    "errorPct" : 0.0,
    "meanResTime" : 4743.669444444439,
    "medianResTime" : 4427.5,
    "minResTime" : 2407.0,
    "maxResTime" : 13313.0,
    "pct1ResTime" : 5759.9,
    "pct2ResTime" : 6990.949999999998,
    "pct3ResTime" : 10901.97999999995,
    "throughput" : 0.10364042759737306,
    "receivedKBytesPerSec" : 121.55353434955053,
    "sentKBytesPerSec" : 1.5118761044183067
  },
  "2.5 Select patient" : {
    "transaction" : "2.5 Select patient",
    "sampleCount" : 1504,
    "errorCount" : 0,
    "errorPct" : 0.0,
    "meanResTime" : 569.2446808510643,
    "medianResTime" : 461.0,
    "minResTime" : 382.0,
    "maxResTime" : 7219.0,
    "pct1ResTime" : 792.0,
    "pct2ResTime" : 1044.5,
    "pct3ResTime" : 2149.7500000000027,
    "throughput" : 0.42260949561950084,
    "receivedKBytesPerSec" : 167.4263425710435,
    "sentKBytesPerSec" : 1.5021157212769551
  },
  "2.3 Search by first/last name" : {
    "transaction" : "2.3 Search by first/last name",
    "sampleCount" : 1516,
    "errorCount" : 0,
    "errorPct" : 0.0,
    "meanResTime" : 584.3073878627964,
    "medianResTime" : 510.5,
    "minResTime" : 386.0,
    "maxResTime" : 6883.0,
    "pct1ResTime" : 784.3,
    "pct2ResTime" : 932.1499999999999,
    "pct3ResTime" : 1877.1699999999928,
    "throughput" : 0.42441851024623556,
    "receivedKBytesPerSec" : 168.64278297110314,
    "sentKBytesPerSec" : 1.5693798938659766
  },
  "4.0 Vaccination for flu" : {
    "transaction" : "4.0 Vaccination for flu",
    "sampleCount" : 376,
    "errorCount" : 0,
    "errorPct" : 0.0,
    "meanResTime" : 4820.204787234041,
    "medianResTime" : 4379.5,
    "minResTime" : 2495.0,
    "maxResTime" : 18399.0,
    "pct1ResTime" : 6115.500000000001,
    "pct2ResTime" : 7014.849999999999,
    "pct3ResTime" : 10921.730000000001,
    "throughput" : 0.10725420673248348,
    "receivedKBytesPerSec" : 124.5538943251899,
    "sentKBytesPerSec" : 1.561494380385887
  },
  "4.0 Vaccination for hpv" : {
    "transaction" : "4.0 Vaccination for hpv",
    "sampleCount" : 388,
    "errorCount" : 0,
    "errorPct" : 0.0,
    "meanResTime" : 4778.695876288664,
    "medianResTime" : 4445.5,
    "minResTime" : 2142.0,
    "maxResTime" : 14872.0,
    "pct1ResTime" : 5866.5,
    "pct2ResTime" : 7278.149999999999,
    "pct3ResTime" : 12418.140000000014,
    "throughput" : 0.11108760202236698,
    "receivedKBytesPerSec" : 128.9675778428298,
    "sentKBytesPerSec" : 1.6171215752880475
  },
  "1.2 Sign-in page" : {
    "transaction" : "1.2 Sign-in page",
    "sampleCount" : 1528,
    "errorCount" : 0,
    "errorPct" : 0.0,
    "meanResTime" : 1013.1806282722523,
    "medianResTime" : 790.0,
    "minResTime" : 266.0,
    "maxResTime" : 6098.0,
    "pct1ResTime" : 1634.0,
    "pct2ResTime" : 1777.1999999999998,
    "pct3ResTime" : 3113.600000000002,
    "throughput" : 0.42505735353394297,
    "receivedKBytesPerSec" : 166.62663978418254,
    "sentKBytesPerSec" : 1.8153074596591918
  },
  "Debug Sampler" : {
    "transaction" : "Debug Sampler",
    "sampleCount" : 1508,
    "errorCount" : 0,
    "errorPct" : 0.0,
    "meanResTime" : 0.48408488063660504,
    "medianResTime" : 0.0,
    "minResTime" : 0.0,
    "maxResTime" : 3.0,
    "pct1ResTime" : 1.0,
    "pct2ResTime" : 1.0,
    "pct3ResTime" : 1.0,
    "throughput" : 0.42310465667638386,
    "receivedKBytesPerSec" : 2.638522475155227,
    "sentKBytesPerSec" : 0.0
  },
  "2.4 Patient attending session" : {
    "transaction" : "2.4 Patient attending session",
    "sampleCount" : 1165,
    "errorCount" : 15,
    "errorPct" : 1.2875537,
    "meanResTime" : 1391.2918454935618,
    "medianResTime" : 1194.0,
    "minResTime" : 612.0,
    "maxResTime" : 12220.0,
    "pct1ResTime" : 2018.0,
    "pct2ResTime" : 2424.4,
    "pct3ResTime" : 3752.1999999999975,
    "throughput" : 0.3552071848809187,
    "receivedKBytesPerSec" : 140.6544885444349,
    "sentKBytesPerSec" : 1.552487585566057
  },
  "Total" : {
    "transaction" : "Total",
    "sampleCount" : 20775,
    "errorCount" : 15,
    "errorPct" : 0.07220217,
    "meanResTime" : 1089.001251504209,
    "medianResTime" : 938.0,
    "minResTime" : 0.0,
    "maxResTime" : 15146.0,
    "pct1ResTime" : 2026.0,
    "pct2ResTime" : 2544.0,
    "pct3ResTime" : 4959.910000000014,
    "throughput" : 5.768625231786277,
    "receivedKBytesPerSec" : 1969.1083318055616,
    "sentKBytesPerSec" : 20.75756119428452
  },
  "1.4 Open Sessions list" : {
    "transaction" : "1.4 Open Sessions list",
    "sampleCount" : 1523,
    "errorCount" : 0,
    "errorPct" : 0.0,
    "meanResTime" : 1615.2317793827997,
    "medianResTime" : 1427.0,
    "minResTime" : 848.0,
    "maxResTime" : 10058.0,
    "pct1ResTime" : 2286.6000000000004,
    "pct2ResTime" : 2495.3999999999996,
    "pct3ResTime" : 3449.3999999999987,
    "throughput" : 0.4251242574282299,
    "receivedKBytesPerSec" : 191.35665809433934,
    "sentKBytesPerSec" : 1.5105877211141605
  },
  "4.2 Vaccination batch" : {
    "transaction" : "4.2 Vaccination batch",
    "sampleCount" : 1476,
    "errorCount" : 0,
    "errorPct" : 0.0,
    "meanResTime" : 1110.960027100273,
    "medianResTime" : 1024.0,
    "minResTime" : 591.0,
    "maxResTime" : 8152.0,
    "pct1ResTime" : 1338.4999999999998,
    "pct2ResTime" : 1635.6499999999985,
    "pct3ResTime" : 3205.260000000001,