{
  "4.3 Vaccination confirm" : {
    "transaction" : "4.3 Vaccination confirm",
    "sampleCount" : 1495,
    "errorCount" : 0,
    "errorPct" : 0.0,
    "meanResTime" : 1914.1846153846166,
    "medianResTime" : 1785.0,
    "minResTime" : 1254.0,
    "maxResTime" : 5128.0,
    "pct1ResTime" : 2523.6000000000004,
    "pct2ResTime" : 2922.4,
    "pct3ResTime" : 3565.3999999999987,
    "throughput" : 0.43299346483977214,
    "receivedKBytesPerSec" : 174.88991696653395,
    "sentKBytesPerSec" : 2.275569764279951
  },
  "4.1 Vaccination questions" : {
    "transaction" : "4.1 Vaccination questions",
    "sampleCount" : 1517,
    "errorCount" : 0,
    "errorPct" : 0.0,
    "meanResTime" : 1621.6367831245875,
    "medianResTime" : 1575.0,
    "minResTime" : 521.0,
    "maxResTime" : 3478.0,
    "pct1ResTime" : 1749.0,
    "pct2ResTime" : 1878.1999999999998,
    "pct3ResTime" : 2393.64,
    "throughput" : 0.433798663659911,
    "receivedKBytesPerSec" : 171.23466100963208,
    "sentKBytesPerSec" : 2.1889349965785097
  },
  "2.0 Register attendance" : {
    "transaction" : "2.0 Register attendance",
    "sampleCount" : 1534,
    "errorCount" : 13,
    "errorPct" : 0.84745765,
    "meanResTime" : 3339.9426336375477,
    "medianResTime" : 3391.5,
    "minResTime" : 1551.0,
    "maxResTime" : 7193.0,
    "pct1ResTime" : 4431.0,
    "pct2ResTime" : 4813.0,
    "pct3ResTime" : 5567.750000000002,
    "throughput" : 0.4308302582144923,
    "receivedKBytesPerSec" : 827.8623840954439,
    "sentKBytesPerSec" : 7.654539839616836
  },
  "1.0 Login" : {
    "transaction" : "1.0 Login",
    "sampleCount" : 1557,
    "errorCount" : 0,
    "errorPct" : 0.0,
    "meanResTime" : 4477.3622350674295,
    "medianResTime" : 4457.0,
    "minResTime" : 1938.0,
    "maxResTime" : 6557.0,
    "pct1ResTime" : 5076.0,
    "pct2ResTime" : 5343.9,
    "pct3ResTime" : 5908.52,
    "throughput" : 0.43361040397618233,
    "receivedKBytesPerSec" : 722.6624393525044,
    "sentKBytesPerSec" : 7.280666328665686
  },
  "4.0 Vaccination for menacwy" : {
    "transaction" : "4.0 Vaccination for menacwy",
    "sampleCount" : 378,
    "errorCount" : 0,
    "errorPct" : 0.0,
    "meanResTime" : 4414.822751322756,
    "medianResTime" : 4269.5,
    "minResTime" : 2195.0,
    "maxResTime" : 7691.0,
    "pct1ResTime" : 5224.5,
    "pct2ResTime" : 5475.150000000001,
    "pct3ResTime" : 6801.739999999998,
    "throughput" : 0.10848159629807988,
    "receivedKBytesPerSec" : 129.10297098501147,
    "sentKBytesPerSec" : 1.601600705324093
  },
  "2.5 Select patient" : {
    "transaction" : "2.5 Select patient",
    "sampleCount" : 1531,
    "errorCount" : 0,
    "errorPct" : 0.0,
    "meanResTime" : 460.16067929457785,
    "medianResTime" : 397.0,
    "minResTime" : 344.0,
    "maxResTime" : 1683.0,
    "pct1ResTime" : 628.0,
    "pct2ResTime" : 720.9999999999986,
    "pct3ResTime" : 1120.520000000001,
    "throughput" : 0.43220567456973513,
    "receivedKBytesPerSec" : 175.77307093635622,
    "sentKBytesPerSec" : 1.55735486501336
  },
  "2.3 Search by first/last name" : {
    "transaction" : "2.3 Search by first/last name",
    "sampleCount" : 1542,
    "errorCount" : 0,
    "errorPct" : 0.0,
    "meanResTime" : 498.37613488975364,
    "medianResTime" : 450.0,
    "minResTime" : 341.0,
    "maxResTime" : 2863.0,
    "pct1ResTime" : 702.8000000000002,
    "pct2ResTime" : 813.0,
    "pct3ResTime" : 1128.2699999999993,
    "throughput" : 0.4321534497868239,
    "receivedKBytesPerSec" : 175.95891370526883,
    "sentKBytesPerSec" : 1.628017251088581
  },
  "4.0 Vaccination for flu" : {
    "transaction" : "4.0 Vaccination for flu",
    "sampleCount" : 380,
    "errorCount" : 0,
    "errorPct" : 0.0,
    "meanResTime" : 4399.6263157894755,
    "medianResTime" : 4328.0,
    "minResTime" : 2281.0,
    "maxResTime" : 6566.0,
    "pct1ResTime" : 5050.900000000001,
    "pct2ResTime" : 5306.7,
    "pct3ResTime" : 6059.33,
    "throughput" : 0.10898951234076776,
    "receivedKBytesPerSec" : 129.66224850356323,
    "sentKBytesPerSec" : 1.6072401500011186
  },
  "4.0 Vaccination for hpv" : {
    "transaction" : "4.0 Vaccination for hpv",
    "sampleCount" : 377,
    "errorCount" : 0,
    "errorPct" : 0.0,
    "meanResTime" : 4460.437665782493,
    "medianResTime" : 4337.0,
    "minResTime" : 2429.0,
    "maxResTime" : 6542.0,
    "pct1ResTime" : 5188.4,
    "pct2ResTime" : 5663.4,
    "pct3ResTime" : 6227.319999999998,
    "throughput" : 0.10828370330265295,
    "receivedKBytesPerSec" : 128.94105635761053,
    "sentKBytesPerSec" : 1.6038937321651427
  },
  "1.2 Sign-in page" : {
    "transaction" : "1.2 Sign-in page",
    "sampleCount" : 1562,
    "errorCount" : 0,
    "errorPct" : 0.0,
    "meanResTime" : 949.0249679897566,
    "medianResTime" : 739.5,
    "minResTime" : 308.0,
    "maxResTime" : 2583.0,
    "pct1ResTime" : 1726.7,
    "pct2ResTime" : 1792.85,
    "pct3ResTime" : 2005.5799999999963,
    "throughput" : 0.43458361909107474,
    "receivedKBytesPerSec" : 174.899799127668,
    "sentKBytesPerSec" : 1.8816324016761519
  },
  "2.4 Patient attending session" : {
    "transaction" : "2.4 Patient attending session",
    "sampleCount" : 1100,
    "errorCount" : 13,
    "errorPct" : 1.1818181,
    "meanResTime" : 1473.927272727272,
    "medianResTime" : 1327.5,
    "minResTime" : 369.0,
    "maxResTime" : 4684.0,
    "pct1ResTime" : 2095.7,
    "pct2ResTime" : 2386.75,
    "pct3ResTime" : 3103.96,
    "throughput" : 0.3094663505983673,
    "receivedKBytesPerSec" : 126.26772379507518,
    "sentKBytesPerSec" : 1.370901865477228
  },
  "Total" : {
    "transaction" : "Total",
    "sampleCount" : 18035,
    "errorCount" : 13,
    "errorPct" : 0.072082065,
    "meanResTime" : 1044.7673967285787,
    "medianResTime" : 862.0,
    "minResTime" : 308.0,
    "maxResTime" : 5128.0,
    "pct1ResTime" : 1787.0,
    "pct2ResTime" : 2133.2000000000007,
    "pct3ResTime" : 2716.279999999999,
    "throughput" : 5.008091810110709,
    "receivedKBytesPerSec" : 2045.8375756949752,
    "sentKBytesPerSec" : 21.096234217290927
  },
  "1.4 Open Sessions list" : {
    "transaction" : "1.4 Open Sessions list",
    "sampleCount" : 1555,
    "errorCount" : 0,
    "errorPct" : 0.0,
    "meanResTime" : 1659.636655948555,
    "medianResTime" : 1478.0,
    "minResTime" : 908.0,
    "maxResTime" : 3718.0,
    "pct1ResTime" : 2415.0,
    "pct2ResTime" : 2515.5999999999995,
    "pct3ResTime" : 2901.8400000000006,
    "throughput" : 0.4338831791164632,
    "receivedKBytesPerSec" : 199.54304356127824,
    "sentKBytesPerSec" : 1.5629176103800202
  },
  "4.2 Vaccination batch" : {
    "transaction" : "4.2 Vaccination batch",
    "sampleCount" : 1514,
    "errorCount" : 0,
    "errorPct" : 0.0,
    "meanResTime" : 919.4801849405538,
    "medianResTime" : 947.0,
    "minResTime" : 502.0,
    "maxResTime" : 2227.0,
    "pct1ResTime" : 1079.5,
    "pct2ResTime" : 1230.25,
    "pct3ResTime" : 1733.6499999999992,
    "throughput" : 0.43371755819879443,
    "receivedKBytesPerSec" : 172.3443949856707,
    "sentKBytesPerSec" : 1.9672096527366174
  },
  "1.1 Homepage" : {
    "transaction" : "1.1 Homepage",
    "sampleCount" : 1563,
    "errorCount" : 0,
    "errorPct" : 0.0,
    "meanResTime" : 761.2149712092128,
    "medianResTime" : 690.0,
    "minResTime" : 500.0,
    "maxResTime" : 2790.0,
    "pct1ResTime" : 1020.8000000000004,
    "pct2ResTime" : 1332.8,
    "pct3ResTime" : 1569.4399999999996,
    "throughput" : 0.4344013640703102,
    "receivedKBytesPerSec" : 174.63927478048905,
    "sentKBytesPerSec" : 1.872634464141043
  },
  "1.3 Sign-in" : {
    "transaction" : "1.3 Sign-in",
    "sampleCount" : 1557,
    "errorCount" : 0,
    "errorPct" : 0.0,
    "meanResTime" : 1109.5144508670512,
    "medianResTime" : 968.0,
    "minResTime" : 489.0,
    "maxResTime" : 3119.0,
    "pct1ResTime" : 1747.4,
    "pct2ResTime" : 1832.2999999999997,
    "pct3ResTime" : 2188.620000000001,
    "throughput" : 0.4339117801892658,