{
  "4.3 Vaccination confirm" : {
    "transaction" : "4.3 Vaccination confirm",
    "sampleCount" : 477,
    "errorCount" : 0,
    "errorPct" : 0.0,
    "meanResTime" : 1772.6855345911945,
    "medianResTime" : 1615.0,
    "minResTime" : 1070.0,
    "maxResTime" : 7028.0,
    "pct1ResTime" : 2320.4,
    "pct2ResTime" : 2896.3999999999996,
    "pct3ResTime" : 4860.4399999999805,
    "throughput" : 0.453774893405709,
    "receivedKBytesPerSec" : 177.56376070134618,
    "sentKBytesPerSec" : 2.3538847964719714
  },
  "4.1 Vaccination questions" : {
    "transaction" : "4.1 Vaccination questions",
    "sampleCount" : 504,
    "errorCount" : 0,
    "errorPct" : 0.0,
    "meanResTime" : 1356.5773809523816,
    "medianResTime" : 1267.0,
    "minResTime" : 633.0,
    "maxResTime" : 5735.0,
    "pct1ResTime" : 1535.5,
    "pct2ResTime" : 1736.5,
    "pct3ResTime" : 2762.9999999999973,
    "throughput" : 0.4533637974615225,
    "receivedKBytesPerSec" : 173.46816224762523,
    "sentKBytesPerSec" : 2.251384645787045
  },
  "Get Next Patient from STS" : {
    "transaction" : "Get Next Patient from STS",
    "sampleCount" : 541,
    "errorCount" : 0,
    "errorPct" : 0.0,
    "meanResTime" : 0.6081330868761554,
    "medianResTime" : 1.0,
    "minResTime" : 0.0,
    "maxResTime" : 1.0,
    "pct1ResTime" : 1.0,
    "pct2ResTime" : 1.0,
    "pct3ResTime" : 1.0,
    "throughput" : 0.45701561202500157,
    "receivedKBytesPerSec" : 0.19224743710122008,
    "sentKBytesPerSec" : 0.2917609234967692
  },
  "2.0 Register attendance" : {
    "transaction" : "2.0 Register attendance",
    "sampleCount" : 525,
    "errorCount" : 9,
    "errorPct" : 1.7142857,
    "meanResTime" : 3196.417142857143,
    "medianResTime" : 3191.0,
    "minResTime" : 1506.0,
    "maxResTime" : 7225.0,
    "pct1ResTime" : 4030.8,
    "pct2ResTime" : 4467.9,
    "pct3ResTime" : 5521.88,
    "throughput" : 0.4497851312173156,
    "receivedKBytesPerSec" : 848.097069548133,
    "sentKBytesPerSec" : 8.219425862398735
  },
  "1.0 Login" : {
    "transaction" : "1.0 Login",
    "sampleCount" : 546,
    "errorCount" : 0,
    "errorPct" : 0.0,
    "meanResTime" : 3704.102564102563,
    "medianResTime" : 3564.5,
    "minResTime" : 2383.0,
    "maxResTime" : 12279.0,
    "pct1ResTime" : 4382.2,
    "pct2ResTime" : 4963.649999999999,
    "pct3ResTime" : 7532.919999999982,
    "throughput" : 0.4574829889223762,
    "receivedKBytesPerSec" : 736.4278917444219,
    "sentKBytesPerSec" : 7.539210896568207
  },
  "4.0 Vaccination for menacwy" : {
    "transaction" : "4.0 Vaccination for menacwy",
    "sampleCount" : 123,
    "errorCount" : 0,
    "errorPct" : 0.0,
    "meanResTime" : 3914.09756097561,
    "medianResTime" : 3825.0,
    "minResTime" : 2004.0,
    "maxResTime" : 9095.0,
    "pct1ResTime" : 4721.6,
    "pct2ResTime" : 5313.2,
    "pct3ResTime" : 8887.880000000005,
    "throughput" : 0.11264674986651818,
    "receivedKBytesPerSec" : 128.54169620447993,
    "sentKBytesPerSec" : 1.620160983538921
  },
  "2.5 Select patient" : {
    "transaction" : "2.5 Select patient",
    "sampleCount" : 521,
    "errorCount" : 0,
    "errorPct" : 0.0,
    "meanResTime" : 533.4203454894434,
    "medianResTime" : 486.0,
    "minResTime" : 337.0,
    "maxResTime" : 2705.0,
    "pct1ResTime" : 690.8,
    "pct2ResTime" : 821.4999999999997,
    "pct3ResTime" : 1749.1199999999862,
    "throughput" : 0.4524097112653492,
    "receivedKBytesPerSec" : 178.30427976276275,
    "sentKBytesPerSec" : 1.6080564259545973
  },
  "2.3 Search by first/last name" : {
    "transaction" : "2.3 Search by first/last name",
    "sampleCount" : 534,
    "errorCount" : 0,
    "errorPct" : 0.0,
    "meanResTime" : 530.1067415730347,
    "medianResTime" : 474.0,
    "minResTime" : 329.0,
    "maxResTime" : 5184.0,
    "pct1ResTime" : 677.0,
    "pct2ResTime" : 789.0,
    "pct3ResTime" : 1176.8499999999995,
    "throughput" : 0.45554161253200093,
    "receivedKBytesPerSec" : 179.8315370767899,
    "sentKBytesPerSec" : 1.6843708106060153
  },
  "4.0 Vaccination for flu" : {
    "transaction" : "4.0 Vaccination for flu",
    "sampleCount" : 125,
    "errorCount" : 0,
    "errorPct" : 0.0,
    "meanResTime" : 4041.5200000000023,
    "medianResTime" : 3814.0,
    "minResTime" : 1793.0,
    "maxResTime" : 9235.0,
    "pct1ResTime" : 4782.0,
    "pct2ResTime" : 6380.799999999995,
    "pct3ResTime" : 9118.779999999997,
    "throughput" : 0.11383941175077729,
    "receivedKBytesPerSec" : 130.4789032304096,
    "sentKBytesPerSec" : 1.6436490016738947
  },
  "4.0 Vaccination for hpv" : {
    "transaction" : "4.0 Vaccination for hpv",
    "sampleCount" : 126,
    "errorCount" : 0,
    "errorPct" : 0.0,
    "meanResTime" : 3919.9682539682553,
    "medianResTime" : 3742.0,
    "minResTime" : 2103.0,
    "maxResTime" : 9009.0,
    "pct1ResTime" : 4930.599999999999,
    "pct2ResTime" : 5284.9,
    "pct3ResTime" : 8248.14000000001,
    "throughput" : 0.11489703948628256,
    "receivedKBytesPerSec" : 131.112155789044,
    "sentKBytesPerSec" : 1.6570877339203416
  },
  "1.2 Sign-in page" : {
    "transaction" : "1.2 Sign-in page",
    "sampleCount" : 547,
    "errorCount" : 0,
    "errorPct" : 0.0,
    "meanResTime" : 813.0968921389399,
    "medianResTime" : 655.0,
    "minResTime" : 212.0,
    "maxResTime" : 7851.0,
    "pct1ResTime" : 1301.0,
    "pct2ResTime" : 1402.0000000000002,
    "pct3ResTime" : 2807.9999999999986,
    "throughput" : 0.4582632743455506,
    "receivedKBytesPerSec" : 178.14781318697604,
    "sentKBytesPerSec" : 1.9270680504730502
  },
  "2.4 Patient attending session" : {
    "transaction" : "2.4 Patient attending session",
    "sampleCount" : 395,
    "errorCount" : 9,
    "errorPct" : 2.278481,
    "meanResTime" : 1180.8582278481008,
    "medianResTime" : 1097.0,
    "minResTime" : 506.0,
    "maxResTime" : 3068.0,
    "pct1ResTime" : 1564.2000000000007,
    "pct2ResTime" : 1867.9999999999995,
    "pct3ResTime" : 2661.320000000001,
    "throughput" : 0.34176911808858484,
    "receivedKBytesPerSec" : 135.1714006263568,
    "sentKBytesPerSec" : 1.4913268853433828
  },
  "Debug Sampler" : {
    "transaction" : "Debug Sampler",
    "sampleCount" : 525,
    "errorCount" : 0,
    "errorPct" : 0.0,
    "meanResTime" : 0.5619047619047624,
    "medianResTime" : 1.0,
    "minResTime" : 0.0,
    "maxResTime" : 8.0,
    "pct1ResTime" : 1.0,
    "pct2ResTime" : 1.0,
    "pct3ResTime" : 1.0,
    "throughput" : 0.45482662009242075,
    "receivedKBytesPerSec" : 2.7942953614832025,
    "sentKBytesPerSec" : 0.0
  },
  "Total" : {
    "transaction" : "Total",
    "sampleCount" : 7253,
    "errorCount" : 9,
    "errorPct" : 0.12408658,
    "meanResTime" : 786.1864056252577,
    "medianResTime" : 706.0,
    "minResTime" : 0.0,
    "maxResTime" : 7851.0,
    "pct1ResTime" : 1436.0,
    "pct2ResTime" : 1691.0,
    "pct3ResTime" : 2472.2200000000003,
    "throughput" : 6.037228884473593,
    "receivedKBytesPerSec" : 2043.519229061458,
    "sentKBytesPerSec" : 21.596543463022496
  },
  "1.4 Open Sessions list" : {
    "transaction" : "1.4 Open Sessions list",
    "sampleCount" : 541,
    "errorCount" : 0,
    "errorPct" : 0.0,
    "meanResTime" : 1087.6099815157108,
    "medianResTime" : 955.0,
    "minResTime" : 544.0,
    "maxResTime" : 5401.0,
    "pct1ResTime" : 1593.0,
    "pct2ResTime" : 1814.2999999999997,
    "pct3ResTime" : 2261.7400000000002,
    "throughput" : 0.4567366545939603,
    "receivedKBytesPerSec" : 204.13719888148063,
    "sentKBytesPerSec" : 1.620943368823291
  },
  "4.2 Vaccination batch" : {
    "transaction" : "4.2 Vaccination batch",
    "sampleCount" : 499,
    "errorCount" : 0,
    "errorPct" : 0.0,
    "meanResTime" : 899.1623246492985,
    "medianResTime" : 850.0,
    "minResTime" : 556.0,
    "maxResTime" : 3571.0,
    "pct1ResTime" : 1114.0,
    "pct2ResTime" : 1294.0,
    "pct3ResTime" : 2135.0,
    "throughput" : 0.45300216061150755,
    "receivedKBytesPerSec" : 174.5243147519609,
    "sentKBytesPerSec" : 2.025930565106578
  },