{
  "2.0 Register attendance" : {
    "transaction" : "2.0 Register attendance",
    "sampleCount" : 64,
    "errorCount" : 0,
    "errorPct" : 0.0,
    "meanResTime" : 3276.875,
    "medianResTime" : 2931.5,
    "minResTime" : 1988.0,
    "maxResTime" : 6363.0,
    "pct1ResTime" : 4749.0,
    "pct2ResTime" : 5273.75,
    "pct3ResTime" : 6363.0,
    "throughput" : 0.12328199793887909,
    "receivedKBytesPerSec" : 25.1871559029684,
    "sentKBytesPerSec" : 0.5246670844289058
  },
  "2.5 Select patient" : {
    "transaction" : "2.5 Select patient",
    "sampleCount" : 60,
    "errorCount" : 0,
    "errorPct" : 0.0,
    "meanResTime" : 292.1499999999999,
    "medianResTime" : 200.5,
    "minResTime" : 175.0,
    "maxResTime" : 2115.0,
    "pct1ResTime" : 350.4,
    "pct2ResTime" : 572.1499999999997,
    "pct3ResTime" : 2115.0,
    "throughput" : 0.11793820431221387,
    "receivedKBytesPerSec" : 3.2762730231345616,
    "sentKBytesPerSec" : 0.08177355963053892
  },
  "1.4 Select Organisations" : {
    "transaction" : "1.4 Select Organisations",
    "sampleCount" : 35,
    "errorCount" : 0,
    "errorPct" : 0.0,
    "meanResTime" : 282.3142857142857,
    "medianResTime" : 279.0,
    "minResTime" : 257.0,
    "maxResTime" : 344.0,
    "pct1ResTime" : 311.2,
    "pct2ResTime" : 323.9999999999999,
    "pct3ResTime" : 344.0,
    "throughput" : 0.5286210542214167,
    "receivedKBytesPerSec" : 7.594797802446761,
    "sentKBytesPerSec" : 0.7640226174293914
  },
  "2.5 Select menacwy" : {
    "transaction" : "2.5 Select menacwy",
    "sampleCount" : 30,
    "errorCount" : 0,
    "errorPct" : 0.0,
    "meanResTime" : 303.46666666666675,
    "medianResTime" : 243.0,
    "minResTime" : 174.0,
    "maxResTime" : 627.0,
    "pct1ResTime" : 570.9,
    "pct2ResTime" : 605.55,
    "pct3ResTime" : 627.0,
    "throughput" : 0.10194615204249116,
    "receivedKBytesPerSec" : 2.576688992873964,
    "sentKBytesPerSec" : 0.07108354742025262
  },
  "2.3 Search by first/last name" : {
    "transaction" : "2.3 Search by first/last name",
    "sampleCount" : 68,
    "errorCount" : 0,
    "errorPct" : 0.0,
    "meanResTime" : 462.3676470588234,
    "medianResTime" : 361.0,
    "minResTime" : 289.0,
    "maxResTime" : 1636.0,
    "pct1ResTime" : 766.8000000000001,
    "pct2ResTime" : 983.2999999999996,
    "pct3ResTime" : 1636.0,
    "throughput" : 0.12920436710760824,
    "receivedKBytesPerSec" : 4.952817991185602,
    "sentKBytesPerSec" : 0.11138940949329088
  },
  "2.5 Select td_ipv" : {
    "transaction" : "2.5 Select td_ipv",
    "sampleCount" : 27,
    "errorCount" : 0,
    "errorPct" : 0.0,
    "meanResTime" : 274.11111111111114,
    "medianResTime" : 241.0,
    "minResTime" : 176.0,
    "maxResTime" : 633.0,
    "pct1ResTime" : 517.0,
    "pct2ResTime" : 589.7999999999997,
    "pct3ResTime" : 633.0,
    "throughput" : 0.2178912964532139,
    "receivedKBytesPerSec" : 5.5782394307589875,
    "sentKBytesPerSec" : 0.15171532653431788
  },
  "4.0 Vaccination for flu" : {
    "transaction" : "4.0 Vaccination for flu",
    "sampleCount" : 43,
    "errorCount" : 0,
    "errorPct" : 0.0,
    "meanResTime" : 1597.1395348837216,
    "medianResTime" : 1519.0,
    "minResTime" : 1360.0,
    "maxResTime" : 2783.0,
    "pct1ResTime" : 1963.8000000000002,
    "pct2ResTime" : 2159.6,
    "pct3ResTime" : 2783.0,
    "throughput" : 0.1300728407908429,
    "receivedKBytesPerSec" : 7.117949078373424,
    "sentKBytesPerSec" : 0.7834147296904871
  },
  "4.0 Vaccination for hpv" : {
    "transaction" : "4.0 Vaccination for hpv",
    "sampleCount" : 43,
    "errorCount" : 0,
    "errorPct" : 0.0,
    "meanResTime" : 1568.3023255813953,
    "medianResTime" : 1582.0,
    "minResTime" : 654.0,
    "maxResTime" : 2346.0,
    "pct1ResTime" : 1748.6000000000001,
    "pct2ResTime" : 2145.799999999999,
    "pct3ResTime" : 2346.0,
    "throughput" : 0.12651449620750732,
    "receivedKBytesPerSec" : 6.411818568650296,
    "sentKBytesPerSec" : 0.7522544129286046
  },
  "Select Organisations" : {
    "transaction" : "Select Organisations",
    "sampleCount" : 1,
    "errorCount" : 0,
    "errorPct" : 0.0,
    "meanResTime" : 0.0,
    "medianResTime" : 0.0,
    "minResTime" : 0.0,
    "maxResTime" : 0.0,
    "pct1ResTime" : 0.0,
    "pct2ResTime" : 0.0,
    "pct3ResTime" : 0.0,
    "throughput" : "Infinity",
    "receivedKBytesPerSec" : "NaN",
    "sentKBytesPerSec" : "NaN"
  },
  "1.2 Sign-in page" : {
    "transaction" : "1.2 Sign-in page",
    "sampleCount" : 35,
    "errorCount" : 0,
    "errorPct" : 0.0,
    "meanResTime" : 121.05714285714288,
    "medianResTime" : 121.0,
    "minResTime" : 110.0,
    "maxResTime" : 135.0,
    "pct1ResTime" : 124.8,
    "pct2ResTime" : 135.0,
    "pct3ResTime" : 135.0,
    "throughput" : 0.5933812559338126,
    "receivedKBytesPerSec" : 3.5759333304370675,
    "sentKBytesPerSec" : 0.35753538565543197
  },
  "2.4 Patient attending session" : {
    "transaction" : "2.4 Patient attending session",
    "sampleCount" : 63,
    "errorCount" : 0,
    "errorPct" : 0.0,
    "meanResTime" : 711.1111111111109,
    "medianResTime" : 582.0,
    "minResTime" : 495.0,
    "maxResTime" : 2670.0,
    "pct1ResTime" : 886.0000000000002,
    "pct2ResTime" : 2007.399999999999,
    "pct3ResTime" : 2670.0,
    "throughput" : 0.12179537989525596,
    "receivedKBytesPerSec" : 4.393144551300021,
    "sentKBytesPerSec" : 0.1810278986333785
  },
  "Logout" : {
    "transaction" : "Logout",
    "sampleCount" : 1,
    "errorCount" : 0,
    "errorPct" : 0.0,
    "meanResTime" : 376.0,
    "medianResTime" : 376.0,
    "minResTime" : 376.0,
    "maxResTime" : 376.0,
    "pct1ResTime" : 376.0,
    "pct2ResTime" : 376.0,
    "pct3ResTime" : 376.0,
    "throughput" : 2.6595744680851063,
    "receivedKBytesPerSec" : 16.67947972074468,
    "sentKBytesPerSec" : 5.623026097074468
  },
  "1.1 Homepage" : {
    "transaction" : "1.1 Homepage",
    "sampleCount" : 35,
    "errorCount" : 0,
    "errorPct" : 0.0,
    "meanResTime" : 357.22857142857146,
    "medianResTime" : 355.0,
    "minResTime" : 340.0,
    "maxResTime" : 412.0,
    "pct1ResTime" : 369.6,
    "pct2ResTime" : 381.59999999999985,
    "pct3ResTime" : 412.0,
    "throughput" : 0.5991098938719617,
    "receivedKBytesPerSec" : 3.092085731555974,
    "sentKBytesPerSec" : 0.3247128819325573
  },
  "1.3 Sign-in" : {
    "transaction" : "1.3 Sign-in",
    "sampleCount" : 35,
    "errorCount" : 0,
    "errorPct" : 0.0,
    "meanResTime" : 564.6285714285715,
    "medianResTime" : 522.0,
    "minResTime" : 460.0,
    "maxResTime" : 998.0,
    "pct1ResTime" : 738.4,
    "pct2ResTime" : 911.5999999999996,
    "pct3ResTime" : 998.0,
    "throughput" : 0.5212599597885174,
    "receivedKBytesPerSec" : 5.058359590252439,
    "sentKBytesPerSec" : 0.8200681593938491
  },
  "4.0 Vaccination for td_ipv" : {
    "transaction" : "4.0 Vaccination for td_ipv",
    "sampleCount" : 27,
    "errorCount" : 0,
    "errorPct" : 0.0,
    "meanResTime" : 1533.148148148148,
    "medianResTime" : 1534.0,
    "minResTime" : 953.0,
    "maxResTime" : 1680.0,
    "pct1ResTime" : 1646.3999999999999,
    "pct2ResTime" : 1678.4,
    "pct3ResTime" : 1680.0,
    "throughput" : 0.21713081729648007,
    "receivedKBytesPerSec" : 12.143155616953091,
    "sentKBytesPerSec" : 1.308510032750565
  },
  "2.1 Open session" : {
    "transaction" : "2.1 Open session",
    "sampleCount" : 70,
    "errorCount" : 0,
    "errorPct" : 0.0,
    "meanResTime" : 1036.8571428571427,
    "medianResTime" : 879.0,
    "minResTime" : 502.0,
    "maxResTime" : 2396.0,
    "pct1ResTime" : 1594.3,
    "pct2ResTime" : 1950.650000000001,
    "pct3ResTime" : 2396.0,
    "throughput" : 0.13050522300546072,
    "receivedKBytesPerSec" : 2.276759018143955,
    "sentKBytesPerSec" : 0.08264905968656375
  },
  "4.3 Vaccination confirm" : {
    "transaction" : "4.3 Vaccination confirm",
    "sampleCount" : 136,
    "errorCount" : 0,
    "errorPct" : 0.0,
    "meanResTime" : 782.1985294117652,
    "medianResTime" : 726.5,