{
  "4.3 Vaccination confirm" : {
    "transaction" : "4.3 Vaccination confirm",
    "sampleCount" : 747,
    "errorCount" : 0,
    "errorPct" : 0.0,
    "meanResTime" : 3494.8634538152605,
    "medianResTime" : 2355.0,
    "minResTime" : 1425.0,
    "maxResTime" : 21830.0,
    "pct1ResTime" : 7356.000000000005,
    "pct2ResTime" : 9704.400000000003,
    "pct3ResTime" : 14565.16,
    "throughput" : 0.45125426939698654,
    "receivedKBytesPerSec" : 182.27767961388614,
    "sentKBytesPerSec" : 2.6985515953680896
  },
  "4.1 Vaccination questions" : {
    "transaction" : "4.1 Vaccination questions",
    "sampleCount" : 760,
    "errorCount" : 0,
    "errorPct" : 0.0,
    "meanResTime" : 1831.2605263157905,
    "medianResTime" : 1425.5,
    "minResTime" : 481.0,
    "maxResTime" : 12773.0,
    "pct1ResTime" : 2764.3999999999996,
    "pct2ResTime" : 3855.2999999999975,
    "pct3ResTime" : 9430.269999999999,
    "throughput" : 0.44444236518191726,
    "receivedKBytesPerSec" : 175.4421725247411,
    "sentKBytesPerSec" : 2.517632021860424
  },
  "2.0 Register attendance" : {
    "transaction" : "2.0 Register attendance",
    "sampleCount" : 797,
    "errorCount" : 28,
    "errorPct" : 3.5131743,
    "meanResTime" : 5084.572145545796,
    "medianResTime" : 4037.0,
    "minResTime" : 1621.0,
    "maxResTime" : 24661.0,
    "pct1ResTime" : 9410.000000000002,
    "pct2ResTime" : 11566.69999999999,
    "pct3ResTime" : 16624.819999999974,
    "throughput" : 0.45201931262438333,
    "receivedKBytesPerSec" : 860.4096589184275,
    "sentKBytesPerSec" : 9.043583676778685
  },
  "1.0 Login" : {
    "transaction" : "1.0 Login",
    "sampleCount" : 811,
    "errorCount" : 0,
    "errorPct" : 0.0,
    "meanResTime" : 5195.909987669548,
    "medianResTime" : 4248.0,
    "minResTime" : 2231.0,
    "maxResTime" : 20782.0,
    "pct1ResTime" : 8176.400000000001,
    "pct2ResTime" : 10009.199999999999,
    "pct3ResTime" : 16954.999999999993,
    "throughput" : 0.45287224870336695,
    "receivedKBytesPerSec" : 754.5066128562112,
    "sentKBytesPerSec" : 8.602865314795075
  },
  "4.0 Vaccination for menacwy" : {
    "transaction" : "4.0 Vaccination for menacwy",
    "sampleCount" : 189,
    "errorCount" : 0,
    "errorPct" : 0.0,
    "meanResTime" : 6713.857142857143,
    "medianResTime" : 5319.0,
    "minResTime" : 2722.0,
    "maxResTime" : 21650.0,
    "pct1ResTime" : 11490.0,
    "pct2ResTime" : 13447.5,
    "pct3ResTime" : 20466.499999999993,
    "throughput" : 0.11303131445849926,
    "receivedKBytesPerSec" : 134.51904122103272,
    "sentKBytesPerSec" : 1.8892639659832557
  },
  "2.5 Select patient" : {
    "transaction" : "2.5 Select patient",
    "sampleCount" : 791,
    "errorCount" : 0,
    "errorPct" : 0.0,
    "meanResTime" : 728.9936788874834,
    "medianResTime" : 438.0,
    "minResTime" : 311.0,
    "maxResTime" : 9769.0,
    "pct1ResTime" : 1353.0000000000005,
    "pct2ResTime" : 2209.999999999999,
    "pct3ResTime" : 5558.720000000007,
    "throughput" : 0.45270026263483,
    "receivedKBytesPerSec" : 184.1120724180561,
    "sentKBytesPerSec" : 1.8655090018173828
  },
  "2.3 Search by first/last name" : {
    "transaction" : "2.3 Search by first/last name",
    "sampleCount" : 800,
    "errorCount" : 0,
    "errorPct" : 0.0,
    "meanResTime" : 671.1099999999997,
    "medianResTime" : 461.5,
    "minResTime" : 310.0,
    "maxResTime" : 15689.0,
    "pct1ResTime" : 1037.9999999999995,
    "pct2ResTime" : 1766.8999999999971,
    "pct3ResTime" : 4288.610000000004,
    "throughput" : 0.4520420150450884,
    "receivedKBytesPerSec" : 184.1307612357515,
    "sentKBytesPerSec" : 1.936896294357329
  },
  "4.0 Vaccination for flu" : {
    "transaction" : "4.0 Vaccination for flu",
    "sampleCount" : 190,
    "errorCount" : 0,
    "errorPct" : 0.0,
    "meanResTime" : 6535.721052631578,
    "medianResTime" : 5227.5,
    "minResTime" : 2061.0,
    "maxResTime" : 21240.0,
    "pct1ResTime" : 11325.100000000002,
    "pct2ResTime" : 13837.799999999996,
    "pct3ResTime" : 21115.33,
    "throughput" : 0.11178673444472882,
    "receivedKBytesPerSec" : 132.87618327545428,
    "sentKBytesPerSec" : 1.8649975693739649
  },
  "4.0 Vaccination for hpv" : {
    "transaction" : "4.0 Vaccination for hpv",
    "sampleCount" : 189,
    "errorCount" : 0,
    "errorPct" : 0.0,
    "meanResTime" : 6495.49735449736,
    "medianResTime" : 5178.0,
    "minResTime" : 3212.0,
    "maxResTime" : 23505.0,
    "pct1ResTime" : 12228.0,
    "pct2ResTime" : 14340.0,
    "pct3ResTime" : 19393.799999999974,
    "throughput" : 0.11313612131065502,
    "receivedKBytesPerSec" : 134.24893695912402,
    "sentKBytesPerSec" : 1.8901295477802573
  },
  "1.2 Sign-in page" : {
    "transaction" : "1.2 Sign-in page",
    "sampleCount" : 814,
    "errorCount" : 0,
    "errorPct" : 0.0,
    "meanResTime" : 1241.7149877149889,
    "medianResTime" : 826.5,
    "minResTime" : 263.0,
    "maxResTime" : 18340.0,
    "pct1ResTime" : 2125.5,
    "pct2ResTime" : 3312.75,
    "pct3ResTime" : 6981.7000000000135,
    "throughput" : 0.45400039041802615,
    "receivedKBytesPerSec" : 182.46175286800386,
    "sentKBytesPerSec" : 2.2064108731420284
  },
  "2.4 Patient attending session" : {
    "transaction" : "2.4 Patient attending session",
    "sampleCount" : 535,
    "errorCount" : 28,
    "errorPct" : 5.233645,
    "meanResTime" : 2515.8747663551408,
    "medianResTime" : 1706.0,
    "minResTime" : 541.0,
    "maxResTime" : 17825.0,
    "pct1ResTime" : 4837.000000000003,
    "pct2ResTime" : 6637.399999999996,
    "pct3ResTime" : 11071.479999999998,
    "throughput" : 0.3049863269213996,
    "receivedKBytesPerSec" : 124.2354960786098,
    "sentKBytesPerSec" : 1.5298501403720948
  },
  "Total" : {
    "transaction" : "Total",
    "sampleCount" : 9257,
    "errorCount" : 28,
    "errorPct" : 0.3024738,
    "meanResTime" : 1437.0297072485737,
    "medianResTime" : 952.0,
    "minResTime" : 263.0,
    "maxResTime" : 21830.0,
    "pct1ResTime" : 2719.4000000000015,
    "pct2ResTime" : 4060.300000000001,
    "pct3ResTime" : 9046.400000000001,
    "throughput" : 5.140381788710706,
    "receivedKBytesPerSec" : 2101.0844757421055,
    "sentKBytesPerSec" : 24.526474838603008
  },
  "1.4 Open Sessions list" : {
    "transaction" : "1.4 Open Sessions list",
    "sampleCount" : 811,
    "errorCount" : 0,
    "errorPct" : 0.0,
    "meanResTime" : 1443.4032059186193,
    "medianResTime" : 1163.0,
    "minResTime" : 707.0,
    "maxResTime" : 9781.0,
    "pct1ResTime" : 2244.2000000000003,
    "pct2ResTime" : 3013.9999999999995,
    "pct3ResTime" : 4640.36,
    "throughput" : 0.45399608925193646,
    "receivedKBytesPerSec" : 208.8513174922076,
    "sentKBytesPerSec" : 1.869375627498448
  },
  "4.2 Vaccination batch" : {
    "transaction" : "4.2 Vaccination batch",
    "sampleCount" : 759,
    "errorCount" : 0,
    "errorPct" : 0.0,
    "meanResTime" : 1316.7088274044797,
    "medianResTime" : 856.0,
    "minResTime" : 455.0,
    "maxResTime" : 14785.0,
    "pct1ResTime" : 2263.0,
    "pct2ResTime" : 3878.0,
    "pct3ResTime" : 8903.599999999995,
    "throughput" : 0.44661403015321394,
    "receivedKBytesPerSec" : 177.47555336155025,
    "sentKBytesPerSec" : 2.30203014376235
  },
  "1.1 Homepage" : {
    "transaction" : "1.1 Homepage",
    "sampleCount" : 817,
    "errorCount" : 0,
    "errorPct" : 0.0,
    "meanResTime" : 1099.239902080783,
    "medianResTime" : 830.0,
    "minResTime" : 451.0,
    "maxResTime" : 10455.0,
    "pct1ResTime" : 1964.6000000000004,
    "pct2ResTime" : 2811.2999999999997,
    "pct3ResTime" : 5462.92,
    "throughput" : 0.4539968392484435,
    "receivedKBytesPerSec" : 182.27203055955806,
    "sentKBytesPerSec" : 2.1934127123352107
  },
  "1.3 Sign-in" : {
    "transaction" : "1.3 Sign-in",
    "sampleCount" : 811,
    "errorCount" : 0,
    "errorPct" : 0.0,
    "meanResTime" : 1410.171393341554,
    "medianResTime" : 1096.0,
    "minResTime" : 446.0,
    "maxResTime" : 14491.0,
    "pct1ResTime" : 2262.6000000000013,