{
  "4.3 Vaccination confirm" : {
    "transaction" : "4.3 Vaccination confirm",
    "sampleCount" : 612,
    "errorCount" : 0,
    "errorPct" : 0.0,
    "meanResTime" : 2821.601307189546,
    "medianResTime" : 2195.5,
    "minResTime" : 1217.0,
    "maxResTime" : 25328.0,
    "pct1ResTime" : 4586.500000000002,
    "pct2ResTime" : 6101.400000000005,
    "pct3ResTime" : 12570.880000000001,
    "throughput" : 0.36814023014779745,
    "receivedKBytesPerSec" : 138.28186269764228,
    "sentKBytesPerSec" : 2.1964670032888995
  },
  "4.1 Vaccination questions" : {
    "transaction" : "4.1 Vaccination questions",
    "sampleCount" : 637,
    "errorCount" : 0,
    "errorPct" : 0.0,
    "meanResTime" : 1227.2354788069076,
    "medianResTime" : 971.0,
    "minResTime" : 402.0,
    "maxResTime" : 7920.0,
    "pct1ResTime" : 1801.0000000000011,
    "pct2ResTime" : 2731.2000000000007,
    "pct3ResTime" : 5712.600000000002,
    "throughput" : 0.3712112559178184,
    "receivedKBytesPerSec" : 136.2037687057038,
    "sentKBytesPerSec" : 2.0981037877461244
  },
  "2.0 Register attendance" : {
    "transaction" : "2.0 Register attendance",
    "sampleCount" : 660,
    "errorCount" : 17,
    "errorPct" : 2.5757575,
    "meanResTime" : 4359.018181818179,
    "medianResTime" : 3744.5,
    "minResTime" : 1197.0,
    "maxResTime" : 21502.0,
    "pct1ResTime" : 6938.799999999999,
    "pct2ResTime" : 8425.249999999998,
    "pct3ResTime" : 16312.92,
    "throughput" : 0.3747659841950963,
    "receivedKBytesPerSec" : 688.7735222881423,
    "sentKBytesPerSec" : 7.8470016050701865
  },
  "1.0 Login" : {
    "transaction" : "1.0 Login",
    "sampleCount" : 672,
    "errorCount" : 0,
    "errorPct" : 0.0,
    "meanResTime" : 3757.77380952381,
    "medianResTime" : 3224.5,
    "minResTime" : 1641.0,
    "maxResTime" : 18667.0,
    "pct1ResTime" : 5676.100000000002,
    "pct2ResTime" : 6567.900000000001,
    "pct3ResTime" : 11574.959999999972,
    "throughput" : 0.3750050223886927,
    "receivedKBytesPerSec" : 584.8557360047303,
    "sentKBytesPerSec" : 7.087064019167946
  },
  "4.0 Vaccination for menacwy" : {
    "transaction" : "4.0 Vaccination for menacwy",
    "sampleCount" : 153,
    "errorCount" : 0,
    "errorPct" : 0.0,
    "meanResTime" : 5071.111111111111,
    "medianResTime" : 4064.0,
    "minResTime" : 1625.0,
    "maxResTime" : 27642.0,
    "pct1ResTime" : 8107.599999999999,
    "pct2ResTime" : 11625.499999999996,
    "pct3ResTime" : 24422.520000000048,
    "throughput" : 0.09107289224291105,
    "receivedKBytesPerSec" : 100.35208306268167,
    "sentKBytesPerSec" : 1.5130933977435947
  },
  "2.5 Select patient" : {
    "transaction" : "2.5 Select patient",
    "sampleCount" : 654,
    "errorCount" : 0,
    "errorPct" : 0.0,
    "meanResTime" : 568.2094801223247,
    "medianResTime" : 346.0,
    "minResTime" : 223.0,
    "maxResTime" : 12464.0,
    "pct1ResTime" : 910.5,
    "pct2ResTime" : 1348.0,
    "pct3ResTime" : 4596.300000000014,
    "throughput" : 0.3731324123695106,
    "receivedKBytesPerSec" : 139.40119638075822,
    "sentKBytesPerSec" : 1.5339611337876533
  },
  "2.3 Search by first/last name" : {
    "transaction" : "2.3 Search by first/last name",
    "sampleCount" : 666,
    "errorCount" : 0,
    "errorPct" : 0.0,
    "meanResTime" : 532.7102102102102,
    "medianResTime" : 359.5,
    "minResTime" : 230.0,
    "maxResTime" : 8174.0,
    "pct1ResTime" : 801.0000000000007,
    "pct2ResTime" : 1253.1499999999992,
    "pct3ResTime" : 4121.890000000014,
    "throughput" : 0.3772152902462094,
    "receivedKBytesPerSec" : 143.40496491572128,
    "sentKBytesPerSec" : 1.6126060962252984
  },
  "4.0 Vaccination for flu" : {
    "transaction" : "4.0 Vaccination for flu",
    "sampleCount" : 162,
    "errorCount" : 0,
    "errorPct" : 0.0,
    "meanResTime" : 4733.901234567902,
    "medianResTime" : 3995.5,
    "minResTime" : 1324.0,
    "maxResTime" : 20359.0,
    "pct1ResTime" : 7381.0,
    "pct2ResTime" : 10536.149999999998,
    "pct3ResTime" : 19177.12000000001,
    "throughput" : 0.09515424091291683,
    "receivedKBytesPerSec" : 104.97294792372125,
    "sentKBytesPerSec" : 1.5788371975548885
  },
  "4.0 Vaccination for hpv" : {
    "transaction" : "4.0 Vaccination for hpv",
    "sampleCount" : 161,
    "errorCount" : 0,
    "errorPct" : 0.0,
    "meanResTime" : 4670.267080745341,
    "medianResTime" : 4248.0,
    "minResTime" : 1445.0,
    "maxResTime" : 14487.0,
    "pct1ResTime" : 7063.000000000002,
    "pct2ResTime" : 8501.800000000001,
    "pct3ResTime" : 14134.219999999998,
    "throughput" : 0.09607185458659565,
    "receivedKBytesPerSec" : 104.77012363638384,
    "sentKBytesPerSec" : 1.592647509270039
  },
  "1.2 Sign-in page" : {
    "transaction" : "1.2 Sign-in page",
    "sampleCount" : 676,
    "errorCount" : 0,
    "errorPct" : 0.0,
    "meanResTime" : 791.3520710059178,
    "medianResTime" : 539.0,
    "minResTime" : 175.0,
    "maxResTime" : 8258.0,
    "pct1ResTime" : 1370.9,
    "pct2ResTime" : 1698.0499999999997,
    "pct3ResTime" : 4515.820000000021,
    "throughput" : 0.3762227238525207,
    "receivedKBytesPerSec" : 141.25958344429398,
    "sentKBytesPerSec" : 1.814685598885635
  },
  "2.4 Patient attending session" : {
    "transaction" : "2.4 Patient attending session",
    "sampleCount" : 573,
    "errorCount" : 17,
    "errorPct" : 2.9668412,
    "meanResTime" : 2233.205933682369,
    "medianResTime" : 1757.0,
    "minResTime" : 259.0,
    "maxResTime" : 18987.0,
    "pct1ResTime" : 3584.6000000000013,
    "pct2ResTime" : 5063.399999999998,
    "pct3ResTime" : 11322.879999999994,
    "throughput" : 0.40074245757934773,
    "receivedKBytesPerSec" : 150.68228870342506,
    "sentKBytesPerSec" : 2.0130425376666436
  },
  "Total" : {
    "transaction" : "Total",
    "sampleCount" : 7809,
    "errorCount" : 17,
    "errorPct" : 0.21769753,
    "meanResTime" : 1090.111666026379,
    "medianResTime" : 735.0,
    "minResTime" : 175.0,
    "maxResTime" : 25328.0,
    "pct1ResTime" : 2109.0,
    "pct2ResTime" : 2992.5,
    "pct3ResTime" : 6273.099999999989,
    "throughput" : 4.334153283277905,
    "receivedKBytesPerSec" : 1648.5806123016564,
    "sentKBytesPerSec" : 20.636189121907982
  },
  "1.4 Open Sessions list" : {
    "transaction" : "1.4 Open Sessions list",
    "sampleCount" : 671,
    "errorCount" : 0,
    "errorPct" : 0.0,
    "meanResTime" : 1237.549925484352,
    "medianResTime" : 1061.0,
    "minResTime" : 648.0,
    "maxResTime" : 10042.0,
    "pct1ResTime" : 1887.4000000000015,
    "pct2ResTime" : 2267.7999999999993,
    "pct3ResTime" : 3693.6799999999985,
    "throughput" : 0.37568579454186213,
    "receivedKBytesPerSec" : 162.14589520840343,
    "sentKBytesPerSec" : 1.5429059483420835
  },
  "4.2 Vaccination batch" : {
    "transaction" : "4.2 Vaccination batch",
    "sampleCount" : 631,
    "errorCount" : 0,
    "errorPct" : 0.0,
    "meanResTime" : 908.2773375594296,
    "medianResTime" : 622.0,
    "minResTime" : 321.0,
    "maxResTime" : 14747.0,
    "pct1ResTime" : 1363.2000000000003,
    "pct2ResTime" : 2066.5999999999995,
    "pct3ResTime" : 7899.799999999965,
    "throughput" : 0.3699308915158607,
    "receivedKBytesPerSec" : 136.7464554274314,
    "sentKBytesPerSec" : 1.9020807614171462
  },
  "1.1 Homepage" : {
    "transaction" : "1.1 Homepage",
    "sampleCount" : 680,
    "errorCount" : 0,
    "errorPct" : 0.0,
    "meanResTime" : 766.7352941176476,
    "medianResTime" : 576.5,
    "minResTime" : 319.0,
    "maxResTime" : 9963.0,
    "pct1ResTime" : 1195.3999999999996,
    "pct2ResTime" : 1690.0999999999988,
    "pct3ResTime" : 4346.759999999964,
    "throughput" : 0.3775445391513687,
    "receivedKBytesPerSec" : 141.1824133464146,
    "sentKBytesPerSec" : 1.8088087734133134
  },
  "1.3 Sign-in" : {
    "transaction" : "1.3 Sign-in",
    "sampleCount" : 672,
    "errorCount" : 0,
    "errorPct" : 0.0,
    "meanResTime" : 967.3869047619049,
    "medianResTime" : 762.0,
    "minResTime" : 315.0,
    "maxResTime" : 11009.0,