{
  "4.3 Vaccination confirm" : {
    "transaction" : "4.3 Vaccination confirm",
    "sampleCount" : 673,
    "errorCount" : 0,
    "errorPct" : 0.0,
    "meanResTime" : 1918.053491827639,
    "medianResTime" : 1827.0,
    "minResTime" : 1263.0,
    "maxResTime" : 4376.0,
    "pct1ResTime" : 2442.0,
    "pct2ResTime" : 2769.0999999999995,
    "pct3ResTime" : 3283.3199999999993,
    "throughput" : 0.45423835432076515,
    "receivedKBytesPerSec" : 183.2674599660266,
    "sentKBytesPerSec" : 2.38725406355186
  },
  "4.1 Vaccination questions" : {
    "transaction" : "4.1 Vaccination questions",
    "sampleCount" : 673,
    "errorCount" : 0,
    "errorPct" : 0.0,
    "meanResTime" : 1549.2689450222902,
    "medianResTime" : 1509.0,
    "minResTime" : 569.0,
    "maxResTime" : 2506.0,
    "pct1ResTime" : 1728.2000000000003,
    "pct2ResTime" : 1840.8999999999994,
    "pct3ResTime" : 2138.8399999999992,
    "throughput" : 0.45093607763336957,
    "receivedKBytesPerSec" : 178.03035022171582,
    "sentKBytesPerSec" : 2.266409992271103
  },
  "2.0 Register attendance" : {
    "transaction" : "2.0 Register attendance",
    "sampleCount" : 673,
    "errorCount" : 2,
    "errorPct" : 0.2971768,
    "meanResTime" : 3169.420505200594,
    "medianResTime" : 3287.0,
    "minResTime" : 1555.0,
    "maxResTime" : 5860.0,
    "pct1ResTime" : 4086.4,
    "pct2ResTime" : 4375.599999999997,
    "pct3ResTime" : 5227.84,
    "throughput" : 0.4506133161926188,
    "receivedKBytesPerSec" : 853.783048498681,
    "sentKBytesPerSec" : 7.855362248245755
  },
  "1.0 Login" : {
    "transaction" : "1.0 Login",
    "sampleCount" : 743,
    "errorCount" : 0,
    "errorPct" : 0.0,
    "meanResTime" : 5197.267833109018,
    "medianResTime" : 5002.0,
    "minResTime" : 3328.0,
    "maxResTime" : 10446.0,
    "pct1ResTime" : 6094.0,
    "pct2ResTime" : 6982.799999999996,
    "pct3ResTime" : 8830.359999999995,
    "throughput" : 0.45334428356044276,
    "receivedKBytesPerSec" : 754.451168003145,
    "sentKBytesPerSec" : 7.608809325445977
  },
  "4.0 Vaccination for menacwy" : {
    "transaction" : "4.0 Vaccination for menacwy",
    "sampleCount" : 167,
    "errorCount" : 0,
    "errorPct" : 0.0,
    "meanResTime" : 4386.874251497003,
    "medianResTime" : 4308.0,
    "minResTime" : 3689.0,
    "maxResTime" : 5967.0,
    "pct1ResTime" : 4970.200000000001,
    "pct2ResTime" : 5297.999999999999,
    "pct3ResTime" : 5918.719999999999,
    "throughput" : 0.11372287845543902,
    "receivedKBytesPerSec" : 136.09005150599396,
    "sentKBytesPerSec" : 1.685919328599193
  },
  "2.5 Select patient" : {
    "transaction" : "2.5 Select patient",
    "sampleCount" : 673,
    "errorCount" : 0,
    "errorPct" : 0.0,
    "meanResTime" : 469.16196136701325,
    "medianResTime" : 415.0,
    "minResTime" : 340.0,
    "maxResTime" : 1945.0,
    "pct1ResTime" : 644.6,
    "pct2ResTime" : 761.4999999999998,
    "pct3ResTime" : 1079.9599999999996,
    "throughput" : 0.4521293748387652,
    "receivedKBytesPerSec" : 183.93208796246688,
    "sentKBytesPerSec" : 1.6291430794226047
  },
  "2.3 Search by first/last name" : {
    "transaction" : "2.3 Search by first/last name",
    "sampleCount" : 673,
    "errorCount" : 0,
    "errorPct" : 0.0,
    "meanResTime" : 485.4413075780089,
    "medianResTime" : 415.0,
    "minResTime" : 341.0,
    "maxResTime" : 1784.0,
    "pct1ResTime" : 699.2,
    "pct2ResTime" : 790.1999999999998,
    "pct3ResTime" : 1007.0599999999993,
    "throughput" : 0.45143637933266567,
    "receivedKBytesPerSec" : 184.16256735805578,
    "sentKBytesPerSec" : 1.7006868851023982
  },
  "4.0 Vaccination for flu" : {
    "transaction" : "4.0 Vaccination for flu",
    "sampleCount" : 178,
    "errorCount" : 0,
    "errorPct" : 0.0,
    "meanResTime" : 4374.943820224717,
    "medianResTime" : 4297.5,
    "minResTime" : 3469.0,
    "maxResTime" : 6682.0,
    "pct1ResTime" : 5125.5,
    "pct2ResTime" : 5266.349999999999,
    "pct3ResTime" : 6219.060000000005,
    "throughput" : 0.1193341423026126,
    "receivedKBytesPerSec" : 142.61971439417812,
    "sentKBytesPerSec" : 1.7654371786190761
  },
  "4.0 Vaccination for hpv" : {
    "transaction" : "4.0 Vaccination for hpv",
    "sampleCount" : 159,
    "errorCount" : 0,
    "errorPct" : 0.0,
    "meanResTime" : 4424.415094339626,
    "medianResTime" : 4334.0,
    "minResTime" : 3560.0,
    "maxResTime" : 6591.0,
    "pct1ResTime" : 4975.0,
    "pct2ResTime" : 5438.0,
    "pct3ResTime" : 6420.600000000001,
    "throughput" : 0.11432655547030997,
    "receivedKBytesPerSec" : 136.40171246821868,
    "sentKBytesPerSec" : 1.6938637513275183
  },
  "1.2 Sign-in page" : {
    "transaction" : "1.2 Sign-in page",
    "sampleCount" : 743,
    "errorCount" : 0,
    "errorPct" : 0.0,
    "meanResTime" : 912.0161507402422,
    "medianResTime" : 689.0,
    "minResTime" : 278.0,
    "maxResTime" : 2721.0,
    "pct1ResTime" : 1625.4,
    "pct2ResTime" : 1694.7999999999997,
    "pct3ResTime" : 1993.9199999999996,
    "throughput" : 0.4544031234557633,
    "receivedKBytesPerSec" : 182.3786723258483,
    "sentKBytesPerSec" : 1.9493014373786015
  },
  "2.4 Patient attending session" : {
    "transaction" : "2.4 Patient attending session",
    "sampleCount" : 430,
    "errorCount" : 2,
    "errorPct" : 0.4651163,
    "meanResTime" : 1451.6279069767443,
    "medianResTime" : 1364.5,
    "minResTime" : 783.0,
    "maxResTime" : 3219.0,
    "pct1ResTime" : 1835.5000000000002,
    "pct2ResTime" : 2026.1,
    "pct3ResTime" : 2975.4199999999996,
    "throughput" : 0.28831390008247115,
    "receivedKBytesPerSec" : 117.92402048704933,
    "sentKBytesPerSec" : 1.2787001715635329
  },
  "Total" : {
    "transaction" : "Total",
    "sampleCount" : 8113,
    "errorCount" : 2,
    "errorPct" : 0.024651794,
    "meanResTime" : 1103.286084062615,
    "medianResTime" : 874.0,
    "minResTime" : 278.0,
    "maxResTime" : 8337.0,
    "pct1ResTime" : 1949.0,
    "pct2ResTime" : 2377.2999999999993,
    "pct3ResTime" : 3256.0,
    "throughput" : 4.918594323579606,
    "receivedKBytesPerSec" : 2010.566792800501,
    "sentKBytesPerSec" : 20.71740469295161
  },
  "1.4 Open Sessions list" : {
    "transaction" : "1.4 Open Sessions list",
    "sampleCount" : 743,
    "errorCount" : 0,
    "errorPct" : 0.0,
    "meanResTime" : 2429.6150740242265,
    "medianResTime" : 2132.0,
    "minResTime" : 1511.0,
    "maxResTime" : 8337.0,
    "pct1ResTime" : 3256.0,
    "pct2ResTime" : 4055.9999999999986,
    "pct3ResTime" : 5847.359999999994,
    "throughput" : 0.45400135283848614,
    "receivedKBytesPerSec" : 208.7288954102785,
    "sentKBytesPerSec" : 1.6342305095248628
  },
  "4.2 Vaccination batch" : {
    "transaction" : "4.2 Vaccination batch",
    "sampleCount" : 673,
    "errorCount" : 0,
    "errorPct" : 0.0,
    "meanResTime" : 925.50074294205,
    "medianResTime" : 939.0,
    "minResTime" : 529.0,
    "maxResTime" : 2156.0,
    "pct1ResTime" : 1099.0,
    "pct2ResTime" : 1221.4999999999998,
    "pct3ResTime" : 1582.4599999999994,
    "throughput" : 0.45137370523486187,
    "receivedKBytesPerSec" : 179.39130761994102,
    "sentKBytesPerSec" : 2.0459427265537182
  },
  "1.1 Homepage" : {
    "transaction" : "1.1 Homepage",
    "sampleCount" : 743,
    "errorCount" : 0,
    "errorPct" : 0.0,
    "meanResTime" : 789.3728129205927,
    "medianResTime" : 712.0,
    "minResTime" : 509.0,
    "maxResTime" : 1858.0,
    "pct1ResTime" : 1220.0,
    "pct2ResTime" : 1248.0,
    "pct3ResTime" : 1519.479999999994,
    "throughput" : 0.45423755340195193,
    "receivedKBytesPerSec" : 182.11663554577743,
    "sentKBytesPerSec" : 1.9344272957795645
  },
  "1.3 Sign-in" : {
    "transaction" : "1.3 Sign-in",
    "sampleCount" : 743,
    "errorCount" : 0,
    "errorPct" : 0.0,
    "meanResTime" : 1066.2637954239576,
    "medianResTime" : 949.0,
    "minResTime" : 485.0,
    "maxResTime" : 2460.0,
    "pct1ResTime" : 1618.0,
    "pct2ResTime" : 1694.5999999999995,
    "pct3ResTime" : 2079.5599999999986,