{
  "2.0 Register attendance" : {
    "transaction" : "2.0 Register attendance",
    "sampleCount" : 249,
    "errorCount" : 0,
    "errorPct" : 0.0,
    "meanResTime" : 2616.79518072289,
    "medianResTime" : 2659.0,
    "minResTime" : 957.0,
    "maxResTime" : 4629.0,
    "pct1ResTime" : 3240.0,
    "pct2ResTime" : 3468.5,
    "pct3ResTime" : 4021.5,
    "throughput" : 0.2760284276023993,
    "receivedKBytesPerSec" : 41.99482246639991,
    "sentKBytesPerSec" : 1.0877734545179423
  },
  "2.5 Select patient" : {
    "transaction" : "2.5 Select patient",
    "sampleCount" : 212,
    "errorCount" : 0,
    "errorPct" : 0.0,
    "meanResTime" : 292.080188679245,
    "medianResTime" : 265.0,
    "minResTime" : 241.0,
    "maxResTime" : 800.0,
    "pct1ResTime" : 322.1,
    "pct2ResTime" : 455.0499999999994,
    "pct3ResTime" : 729.61,
    "throughput" : 0.23536621651027398,
    "receivedKBytesPerSec" : 5.4041205671770705,
    "sentKBytesPerSec" : 0.16364873562822796
  },
  "Choose session" : {
    "transaction" : "Choose session",
    "sampleCount" : 249,
    "errorCount" : 0,
    "errorPct" : 0.0,
    "meanResTime" : 0.4819277108433737,
    "medianResTime" : 0.0,
    "minResTime" : 0.0,
    "maxResTime" : 47.0,
    "pct1ResTime" : 1.0,
    "pct2ResTime" : 1.0,
    "pct3ResTime" : 1.0,
    "throughput" : 0.27680630006692264,
    "receivedKBytesPerSec" : 0.0,
    "sentKBytesPerSec" : 0.0
  },
  "2.5 Select menacwy" : {
    "transaction" : "2.5 Select menacwy",
    "sampleCount" : 52,
    "errorCount" : 0,
    "errorPct" : 0.0,
    "meanResTime" : 390.5,
    "medianResTime" : 272.5,
    "minResTime" : 244.0,
    "maxResTime" : 1279.0,
    "pct1ResTime" : 728.4,
    "pct2ResTime" : 753.2999999999997,
    "pct3ResTime" : 1279.0,
    "throughput" : 0.06060895683826383,
    "receivedKBytesPerSec" : 1.422802318860808,
    "sentKBytesPerSec" : 0.04545671762869788
  },
  "2.3 Search by first/last name" : {
    "transaction" : "2.3 Search by first/last name",
    "sampleCount" : 249,
    "errorCount" : 0,
    "errorPct" : 0.0,
    "meanResTime" : 375.273092369478,
    "medianResTime" : 280.0,
    "minResTime" : 242.0,
    "maxResTime" : 1294.0,
    "pct1ResTime" : 718.0,
    "pct2ResTime" : 733.5,
    "pct3ResTime" : 1128.5,
    "throughput" : 0.2763543862102491,
    "receivedKBytesPerSec" : 7.5059540358284025,
    "sentKBytesPerSec" : 0.21602433867784956
  },
  "2.5 Select td_ipv" : {
    "transaction" : "2.5 Select td_ipv",
    "sampleCount" : 52,
    "errorCount" : 0,
    "errorPct" : 0.0,
    "meanResTime" : 456.88461538461536,
    "medianResTime" : 302.5,
    "minResTime" : 252.0,
    "maxResTime" : 851.0,
    "pct1ResTime" : 736.4,
    "pct2ResTime" : 810.0499999999997,
    "pct3ResTime" : 851.0,
    "throughput" : 0.060333715060107464,
    "receivedKBytesPerSec" : 1.48309694228442,
    "sentKBytesPerSec" : 0.042068625539957744
  },
  "4.0 Vaccination for flu" : {
    "transaction" : "4.0 Vaccination for flu",
    "sampleCount" : 82,
    "errorCount" : 0,
    "errorPct" : 0.0,
    "meanResTime" : 2234.6219512195116,
    "medianResTime" : 2210.0,
    "minResTime" : 2058.0,
    "maxResTime" : 2669.0,
    "pct1ResTime" : 2405.8,
    "pct2ResTime" : 2488.25,
    "pct3ResTime" : 2669.0,
    "throughput" : 0.09219170027353953,
    "receivedKBytesPerSec" : 4.203332396191583,
    "sentKBytesPerSec" : 0.5544457690755309
  },
  "4.0 Vaccination for hpv" : {
    "transaction" : "4.0 Vaccination for hpv",
    "sampleCount" : 78,
    "errorCount" : 0,
    "errorPct" : 0.0,
    "meanResTime" : 2267.807692307692,
    "medianResTime" : 2232.0,
    "minResTime" : 2005.0,
    "maxResTime" : 3525.0,
    "pct1ResTime" : 2432.7000000000007,
    "pct2ResTime" : 2545.5499999999997,
    "pct3ResTime" : 3525.0,
    "throughput" : 0.08725027405534799,
    "receivedKBytesPerSec" : 3.7918137587669745,
    "sentKBytesPerSec" : 0.5268137290543412
  },
  "1.2 Sign-in page" : {
    "transaction" : "1.2 Sign-in page",
    "sampleCount" : 70,
    "errorCount" : 0,
    "errorPct" : 0.0,
    "meanResTime" : 158.3142857142857,
    "medianResTime" : 157.0,
    "minResTime" : 150.0,
    "maxResTime" : 221.0,
    "pct1ResTime" : 161.0,
    "pct2ResTime" : 173.45000000000005,
    "pct3ResTime" : 221.0,
    "throughput" : 0.0788122321087789,
    "receivedKBytesPerSec" : 0.46756280279378104,
    "sentKBytesPerSec" : 0.047487448448356034
  },
  "Get correct patient name" : {
    "transaction" : "Get correct patient name",
    "sampleCount" : 244,
    "errorCount" : 0,
    "errorPct" : 0.0,
    "meanResTime" : 0.614754098360656,
    "medianResTime" : 0.0,
    "minResTime" : 0.0,
    "maxResTime" : 48.0,
    "pct1ResTime" : 1.0,
    "pct2ResTime" : 1.0,
    "pct3ResTime" : 1.0,
    "throughput" : 0.2709139459615502,
    "receivedKBytesPerSec" : 0.0,
    "sentKBytesPerSec" : 0.0
  },
  "2.4 Patient attending session" : {
    "transaction" : "2.4 Patient attending session",
    "sampleCount" : 212,
    "errorCount" : 0,
    "errorPct" : 0.0,
    "meanResTime" : 860.2641509433964,
    "medianResTime" : 794.0,
    "minResTime" : 683.0,
    "maxResTime" : 2055.0,
    "pct1ResTime" : 1135.4000000000008,
    "pct2ResTime" : 1307.1999999999998,
    "pct3ResTime" : 1798.23,
    "throughput" : 0.23494157490646667,
    "receivedKBytesPerSec" : 6.727043473957503,
    "sentKBytesPerSec" : 0.3496591407787648
  },
  "Logout" : {
    "transaction" : "Logout",
    "sampleCount" : 1,
    "errorCount" : 0,
    "errorPct" : 0.0,
    "meanResTime" : 159.0,
    "medianResTime" : 159.0,
    "minResTime" : 159.0,
    "maxResTime" : 159.0,
    "pct1ResTime" : 159.0,
    "pct2ResTime" : 159.0,
    "pct3ResTime" : 159.0,
    "throughput" : 6.289308176100629,
    "receivedKBytesPerSec" : 29.966342374213838,
    "sentKBytesPerSec" : 4.594143081761006
  },
  "1.1 Homepage" : {
    "transaction" : "1.1 Homepage",
    "sampleCount" : 70,
    "errorCount" : 0,
    "errorPct" : 0.0,
    "meanResTime" : 466.28571428571433,
    "medianResTime" : 463.5,
    "minResTime" : 441.0,
    "maxResTime" : 598.0,
    "pct1ResTime" : 479.9,
    "pct2ResTime" : 493.65000000000003,
    "pct3ResTime" : 598.0,
    "throughput" : 0.07886790752174501,
    "receivedKBytesPerSec" : 0.43569897739307767,
    "sentKBytesPerSec" : 0.04274578972125828
  },
  "1.3 Sign-in" : {
    "transaction" : "1.3 Sign-in",
    "sampleCount" : 70,
    "errorCount" : 0,
    "errorPct" : 0.0,
    "meanResTime" : 826.4142857142857,
    "medianResTime" : 794.5,
    "minResTime" : 742.0,
    "maxResTime" : 1566.0,
    "pct1ResTime" : 912.4,
    "pct2ResTime" : 1024.5000000000002,
    "pct3ResTime" : 1566.0,
    "throughput" : 0.07881116731723409,
    "receivedKBytesPerSec" : 1.1687757684370284,
    "sentKBytesPerSec" : 0.17432352927103048
  },
  "4.0 Vaccination for td_ipv" : {
    "transaction" : "4.0 Vaccination for td_ipv",
    "sampleCount" : 52,
    "errorCount" : 0,
    "errorPct" : 0.0,
    "meanResTime" : 2402.807692307692,
    "medianResTime" : 2370.0,
    "minResTime" : 2104.0,
    "maxResTime" : 3352.0,
    "pct1ResTime" : 2627.7000000000003,
    "pct2ResTime" : 2714.5499999999997,
    "pct3ResTime" : 3352.0,
    "throughput" : 0.06018873799263614,
    "receivedKBytesPerSec" : 2.904705692263085,
    "sentKBytesPerSec" : 0.3654910475039615
  },
  "2.1 Open session" : {
    "transaction" : "2.1 Open session",
    "sampleCount" : 249,
    "errorCount" : 0,
    "errorPct" : 0.0,
    "meanResTime" : 730.4457831325301,
    "medianResTime" : 604.0,
    "minResTime" : 433.0,
    "maxResTime" : 1619.0,
    "pct1ResTime" : 1047.0,
    "pct2ResTime" : 1110.0,
    "pct3ResTime" : 1313.5,
    "throughput" : 0.2767995304412785,
    "receivedKBytesPerSec" : 4.45552515380994,
    "sentKBytesPerSec" : 0.17870339915937428
  },
  "4.3 Vaccination confirm" : {
    "transaction" : "4.3 Vaccination confirm",
    "sampleCount" : 264,
    "errorCount" : 0,
    "errorPct" : 0.0,
    "meanResTime" : 1183.3333333333323,
    "medianResTime" : 1079.0,
    "minResTime" : 903.0,