{
  "4.3 Vaccination confirm" : {
    "transaction" : "4.3 Vaccination confirm",
    "sampleCount" : 1542,
    "errorCount" : 0,
    "errorPct" : 0.0,
    "meanResTime" : 1632.8391699092076,
    "medianResTime" : 1453.0,
    "minResTime" : 1112.0,
    "maxResTime" : 11325.0,
    "pct1ResTime" : 2149.4,
    "pct2ResTime" : 2509.85,
    "pct3ResTime" : 4489.169999999995,
    "throughput" : 0.44403963183297657,
    "receivedKBytesPerSec" : 11.725974957834952,
    "sentKBytesPerSec" : 2.303331293412289
  },
  "4.1 Vaccination questions" : {
    "transaction" : "4.1 Vaccination questions",
    "sampleCount" : 1563,
    "errorCount" : 0,
    "errorPct" : 0.0,
    "meanResTime" : 1338.0383877159304,
    "medianResTime" : 1261.0,
    "minResTime" : 628.0,
    "maxResTime" : 9693.0,
    "pct1ResTime" : 1513.0,
    "pct2ResTime" : 1765.3999999999996,
    "pct3ResTime" : 2632.559999999993,
    "throughput" : 0.44344312735499364,
    "receivedKBytesPerSec" : 7.814118326702256,
    "sentKBytesPerSec" : 2.2043050413851883
  },
  "Get Next Patient from STS" : {
    "transaction" : "Get Next Patient from STS",
    "sampleCount" : 1598,
    "errorCount" : 0,
    "errorPct" : 0.0,
    "meanResTime" : 0.6145181476846044,
    "medianResTime" : 1.0,
    "minResTime" : 0.0,
    "maxResTime" : 9.0,
    "pct1ResTime" : 1.0,
    "pct2ResTime" : 1.0,
    "pct3ResTime" : 1.0,
    "throughput" : 0.44598825471232084,
    "receivedKBytesPerSec" : 0.1879190820875153,
    "sentKBytesPerSec" : 0.2847349504431136
  },
  "2.0 Register attendance" : {
    "transaction" : "2.0 Register attendance",
    "sampleCount" : 1591,
    "errorCount" : 17,
    "errorPct" : 1.0685104,
    "meanResTime" : 2864.7423004399748,
    "medianResTime" : 2805.0,
    "minResTime" : 1490.0,
    "maxResTime" : 11933.0,
    "pct1ResTime" : 3863.3999999999996,
    "pct2ResTime" : 4383.399999999998,
    "pct3ResTime" : 6652.199999999999,
    "throughput" : 0.4457606509058103,
    "receivedKBytesPerSec" : 54.1061583232178,
    "sentKBytesPerSec" : 7.6814691045107
  },
  "1.0 Login" : {
    "transaction" : "1.0 Login",
    "sampleCount" : 1600,
    "errorCount" : 0,
    "errorPct" : 0.0,
    "meanResTime" : 3778.5193749999958,
    "medianResTime" : 3655.5,
    "minResTime" : 2500.0,
    "maxResTime" : 12761.0,
    "pct1ResTime" : 4414.9,
    "pct2ResTime" : 4719.799999999999,
    "pct3ResTime" : 6192.910000000001,
    "throughput" : 0.44566718187649834,
    "receivedKBytesPerSec" : 69.09475223542132,
    "sentKBytesPerSec" : 7.408673143388819
  },
  "4.0 Vaccination for menacwy" : {
    "transaction" : "4.0 Vaccination for menacwy",
    "sampleCount" : 391,
    "errorCount" : 0,
    "errorPct" : 0.0,
    "meanResTime" : 3717.5447570332517,
    "medianResTime" : 3475.0,
    "minResTime" : 1988.0,
    "maxResTime" : 13075.0,
    "pct1ResTime" : 4449.6,
    "pct2ResTime" : 5063.599999999996,
    "pct3ResTime" : 9778.319999999974,
    "throughput" : 0.11232317359216117,
    "receivedKBytesPerSec" : 6.901926074007757,
    "sentKBytesPerSec" : 1.6390979273142667
  },
  "2.5 Select patient" : {
    "transaction" : "2.5 Select patient",
    "sampleCount" : 1584,
    "errorCount" : 0,
    "errorPct" : 0.0,
    "meanResTime" : 519.9766414141408,
    "medianResTime" : 459.0,
    "minResTime" : 388.0,
    "maxResTime" : 6772.0,
    "pct1ResTime" : 649.5,
    "pct2ResTime" : 805.0,
    "pct3ResTime" : 1476.7500000000023,
    "throughput" : 0.44508359647777024,
    "receivedKBytesPerSec" : 10.965326395866736,
    "sentKBytesPerSec" : 1.5820299218968203
  },
  "2.3 Search by first/last name" : {
    "transaction" : "2.3 Search by first/last name",
    "sampleCount" : 1594,
    "errorCount" : 0,
    "errorPct" : 0.0,
    "meanResTime" : 489.2678795483063,
    "medianResTime" : 439.0,
    "minResTime" : 381.0,
    "maxResTime" : 6486.0,
    "pct1ResTime" : 600.0,
    "pct2ResTime" : 719.5,
    "pct3ResTime" : 1261.599999999995,
    "throughput" : 0.4468097392189631,
    "receivedKBytesPerSec" : 11.038045494968625,
    "sentKBytesPerSec" : 1.6521130746613748
  },
  "4.0 Vaccination for flu" : {
    "transaction" : "4.0 Vaccination for flu",
    "sampleCount" : 393,
    "errorCount" : 0,
    "errorPct" : 0.0,
    "meanResTime" : 3688.9185750636157,
    "medianResTime" : 3474.0,
    "minResTime" : 2055.0,
    "maxResTime" : 12703.0,
    "pct1ResTime" : 4396.6,
    "pct2ResTime" : 4842.5999999999985,
    "pct3ResTime" : 7339.580000000002,
    "throughput" : 0.11173085884071132,
    "receivedKBytesPerSec" : 6.578875898271328,
    "sentKBytesPerSec" : 1.626959581219663
  },
  "4.0 Vaccination for hpv" : {
    "transaction" : "4.0 Vaccination for hpv",
    "sampleCount" : 381,
    "errorCount" : 0,
    "errorPct" : 0.0,
    "meanResTime" : 3734.6272965879275,
    "medianResTime" : 3447.0,
    "minResTime" : 1944.0,
    "maxResTime" : 12832.0,
    "pct1ResTime" : 4520.400000000001,
    "pct2ResTime" : 5251.6,
    "pct3ResTime" : 7972.980000000007,
    "throughput" : 0.10961088997138034,
    "receivedKBytesPerSec" : 6.254177218243194,
    "sentKBytesPerSec" : 1.5969575974515613
  },
  "1.2 Sign-in page" : {
    "transaction" : "1.2 Sign-in page",
    "sampleCount" : 1605,
    "errorCount" : 0,
    "errorPct" : 0.0,
    "meanResTime" : 836.1115264797506,
    "medianResTime" : 663.0,
    "minResTime" : 295.0,
    "maxResTime" : 7796.0,
    "pct1ResTime" : 1368.0,
    "pct2ResTime" : 1444.3999999999996,
    "pct3ResTime" : 1971.94,
    "throughput" : 0.4463503558288351,
    "receivedKBytesPerSec" : 9.115656082010274,
    "sentKBytesPerSec" : 1.9070565549191703
  },
  "Debug Sampler" : {
    "transaction" : "Debug Sampler",
    "sampleCount" : 1591,
    "errorCount" : 0,
    "errorPct" : 0.0,
    "meanResTime" : 0.5122564424889996,
    "medianResTime" : 1.0,
    "minResTime" : 0.0,
    "maxResTime" : 3.0,
    "pct1ResTime" : 1.0,
    "pct2ResTime" : 1.0,
    "pct3ResTime" : 1.0,
    "throughput" : 0.445968817501487,
    "receivedKBytesPerSec" : 2.8121268081393653,
    "sentKBytesPerSec" : 0.0
  },
  "2.4 Patient attending session" : {
    "transaction" : "2.4 Patient attending session",
    "sampleCount" : 812,
    "errorCount" : 17,
    "errorPct" : 2.093596,
    "meanResTime" : 1191.0357142857133,
    "medianResTime" : 1024.0,
    "minResTime" : 594.0,
    "maxResTime" : 8404.0,
    "pct1ResTime" : 1585.5000000000011,
    "pct2ResTime" : 2117.7999999999993,
    "pct3ResTime" : 3844.750000000001,
    "throughput" : 0.2288822316355834,
    "receivedKBytesPerSec" : 6.1995407455648435,
    "sentKBytesPerSec" : 0.9990425554292444
  },
  "Total" : {
    "transaction" : "Total",
    "sampleCount" : 21445,
    "errorCount" : 17,
    "errorPct" : 0.07927256,
    "meanResTime" : 765.871391932847,
    "medianResTime" : 664.0,
    "minResTime" : 0.0,
    "maxResTime" : 11325.0,
    "pct1ResTime" : 1413.9000000000015,
    "pct2ResTime" : 1633.0,
    "pct3ResTime" : 2448.970000000005,
    "throughput" : 5.954658517202563,
    "receivedKBytesPerSec" : 148.73121265929996,
    "sentKBytesPerSec" : 21.343747290536662
  },
  "1.4 Open Sessions list" : {
    "transaction" : "1.4 Open Sessions list",
    "sampleCount" : 1599,
    "errorCount" : 0,
    "errorPct" : 0.0,
    "meanResTime" : 1184.784240150097,
    "medianResTime" : 1068.0,
    "minResTime" : 602.0,
    "maxResTime" : 6868.0,
    "pct1ResTime" : 1649.0,
    "pct2ResTime" : 1810.0,
    "pct3ResTime" : 2485.0,
    "throughput" : 0.44588282009869096,
    "receivedKBytesPerSec" : 34.74723542717471,
    "sentKBytesPerSec" : 1.5843992291058309
  },
  "4.2 Vaccination batch" : {
    "transaction" : "4.2 Vaccination batch",
    "sampleCount" : 1557,
    "errorCount" : 0,
    "errorPct" : 0.0,
    "meanResTime" : 764.0051380860621,
    "medianResTime" : 679.0,
    "minResTime" : 591.0,
    "maxResTime" : 7008.0,
    "pct1ResTime" : 946.0,
    "pct2ResTime" : 1220.0,
    "pct3ResTime" : 1980.4000000000015,
    "throughput" : 0.44279725004991066,
    "receivedKBytesPerSec" : 7.292805731575994,