{
  "1.2 Sign-in page" : {
    "transaction" : "1.2 Sign-in page",
    "sampleCount" : 121,
    "errorCount" : 0,
    "errorPct" : 0.0,
    "meanResTime" : 19.22314049586777,
    "medianResTime" : 17.0,
    "minResTime" : 12.0,
    "maxResTime" : 86.0,
    "pct1ResTime" : 25.0,
    "pct2ResTime" : 29.0,
    "pct3ResTime" : 79.84000000000003,
    "throughput" : 0.40982912496401297,
    "receivedKBytesPerSec" : 159.07533494428355,
    "sentKBytesPerSec" : 1.4580151389100577
  },
  "2.0 Register attendance" : {
    "transaction" : "2.0 Register attendance",
    "sampleCount" : 114,
    "errorCount" : 0,
    "errorPct" : 0.0,
    "meanResTime" : 120.20175438596485,
    "medianResTime" : 114.0,
    "minResTime" : 94.0,
    "maxResTime" : 278.0,
    "pct1ResTime" : 144.0,
    "pct2ResTime" : 183.75,
    "pct3ResTime" : 268.8499999999997,
    "throughput" : 0.4123308629650929,
    "receivedKBytesPerSec" : 482.98641393542687,
    "sentKBytesPerSec" : 5.385669230623162
  },
  "1.0 Login" : {
    "transaction" : "1.0 Login",
    "sampleCount" : 119,
    "errorCount" : 0,
    "errorPct" : 0.0,
    "meanResTime" : 101.22689075630258,
    "medianResTime" : 90.0,
    "minResTime" : 52.0,
    "maxResTime" : 243.0,
    "pct1ResTime" : 154.0,
    "pct2ResTime" : 168.0,
    "pct3ResTime" : 235.19999999999987,
    "throughput" : 0.40792960300565273,
    "receivedKBytesPerSec" : 632.0718956642911,
    "sentKBytesPerSec" : 6.132863517981469
  },
  "Total" : {
    "transaction" : "Total",
    "sampleCount" : 824,
    "errorCount" : 0,
    "errorPct" : 0.0,
    "meanResTime" : 31.13228155339806,
    "medianResTime" : 31.0,
    "minResTime" : 12.0,
    "maxResTime" : 197.0,
    "pct1ResTime" : 47.0,
    "pct2ResTime" : 54.0,
    "pct3ResTime" : 97.5,
    "throughput" : 2.748994148378961,
    "receivedKBytesPerSec" : 1071.0196547139078,
    "sentKBytesPerSec" : 11.03425118683819
  },
  "1.4 Open Sessions list" : {
    "transaction" : "1.4 Open Sessions list",
    "sampleCount" : 117,
    "errorCount" : 0,
    "errorPct" : 0.0,
    "meanResTime" : 39.863247863247864,
    "medianResTime" : 34.0,
    "minResTime" : 27.0,
    "maxResTime" : 197.0,
    "pct1ResTime" : 53.2,
    "pct2ResTime" : 59.099999999999994,
    "pct3ResTime" : 182.59999999999945,
    "throughput" : 0.40649135424158095,
    "receivedKBytesPerSec" : 158.71542258489416,
    "sentKBytesPerSec" : 1.7303670050186049
  },
  "2.3 Search by first/last name" : {
    "transaction" : "2.3 Search by first/last name",
    "sampleCount" : 114,
    "errorCount" : 0,
    "errorPct" : 0.0,
    "meanResTime" : 41.15789473684212,
    "medianResTime" : 36.0,
    "minResTime" : 29.0,
    "maxResTime" : 151.0,
    "pct1ResTime" : 52.5,
    "pct2ResTime" : 63.5,
    "pct3ResTime" : 148.74999999999991,
    "throughput" : 0.4163349378054036,
    "receivedKBytesPerSec" : 162.55887093571278,
    "sentKBytesPerSec" : 1.8743203742997174
  },
  "1.1 Homepage" : {
    "transaction" : "1.1 Homepage",
    "sampleCount" : 124,
    "errorCount" : 0,
    "errorPct" : 0.0,
    "meanResTime" : 23.548387096774192,
    "medianResTime" : 17.0,
    "minResTime" : 14.0,
    "maxResTime" : 118.0,
    "pct1ResTime" : 46.5,
    "pct2ResTime" : 66.5,
    "pct3ResTime" : 111.0,
    "throughput" : 0.4136835854356689,
    "receivedKBytesPerSec" : 161.03481937623854,
    "sentKBytesPerSec" : 1.4799053302629561
  },
  "1.3 Sign-in" : {
    "transaction" : "1.3 Sign-in",
    "sampleCount" : 119,
    "errorCount" : 0,
    "errorPct" : 0.0,
    "meanResTime" : 18.915966386554633,
    "medianResTime" : 17.0,
    "minResTime" : 13.0,
    "maxResTime" : 44.0,
    "pct1ResTime" : 25.0,
    "pct2ResTime" : 37.0,
    "pct3ResTime" : 42.999999999999986,
    "throughput" : 0.40687794687336526,
    "receivedKBytesPerSec" : 157.9306286990847,
    "sentKBytesPerSec" : 1.5114879979553528
  },
  "2.2 Session register" : {
    "transaction" : "2.2 Session register",
    "sampleCount" : 114,
    "errorCount" : 0,
    "errorPct" : 0.0,
    "meanResTime" : 38.57894736842106,
    "medianResTime" : 34.5,
    "minResTime" : 29.0,
    "maxResTime" : 189.0,
    "pct1ResTime" : 47.0,
    "pct2ResTime" : 57.0,
    "pct3ResTime" : 175.6499999999995,
    "throughput" : 0.4172034196041691,
    "receivedKBytesPerSec" : 162.89797151991965,
    "sentKBytesPerSec" : 1.7873744158237206
  },
  "2.1 Open session" : {
    "transaction" : "2.1 Open session",
    "sampleCount" : 115,
    "errorCount" : 0,
    "errorPct" : 0.0,
    "meanResTime" : 38.27826086956521,
    "medianResTime" : 36.0,
    "minResTime" : 28.0,
    "maxResTime" : 124.0,
    "pct1ResTime" : 51.400000000000006,
    "pct2ResTime" : 54.19999999999999,
    "pct3ResTime" : 117.44000000000014,
    "throughput" : 0.40960250747969795,
    "receivedKBytesPerSec" : 159.93017905083525,
    "sentKBytesPerSec" : 1.7512107204551932
  }
}