{
  "4.3 Vaccination confirm" : {
    "transaction" : "4.3 Vaccination confirm",
    "sampleCount" : 694,
    "errorCount" : 0,
    "errorPct" : 0.0,
    "meanResTime" : 3761.564841498562,
    "medianResTime" : 3280.0,
    "minResTime" : 2212.0,
    "maxResTime" : 16952.0,
    "pct1ResTime" : 5525.0,
    "pct2ResTime" : 7121.75,
    "pct3ResTime" : 10799.349999999955,
    "throughput" : 0.42347232663262613,
    "receivedKBytesPerSec" : 170.83699594722796,
    "sentKBytesPerSec" : 2.196535064683262
  },
  "4.1 Vaccination questions" : {
    "transaction" : "4.1 Vaccination questions",
    "sampleCount" : 708,
    "errorCount" : 0,
    "errorPct" : 0.0,
    "meanResTime" : 2044.5677966101716,
    "medianResTime" : 1838.5,
    "minResTime" : 995.0,
    "maxResTime" : 9448.0,
    "pct1ResTime" : 2740.7000000000007,
    "pct2ResTime" : 3535.199999999998,
    "pct3ResTime" : 5880.819999999997,
    "throughput" : 0.4182385070066765,
    "receivedKBytesPerSec" : 165.12004302174515,
    "sentKBytesPerSec" : 2.0776633795857076
  },
  "2.0 Register attendance" : {
    "transaction" : "2.0 Register attendance",
    "sampleCount" : 739,
    "errorCount" : 8,
    "errorPct" : 1.082544,
    "meanResTime" : 5411.179972936395,
    "medianResTime" : 4802.0,
    "minResTime" : 2537.0,
    "maxResTime" : 22542.0,
    "pct1ResTime" : 7792.0,
    "pct2ResTime" : 10048.0,
    "pct3ResTime" : 19310.600000000006,
    "throughput" : 0.42272945943827894,
    "receivedKBytesPerSec" : 762.7967795024334,
    "sentKBytesPerSec" : 6.849130478322102
  },
  "1.0 Login" : {
    "transaction" : "1.0 Login",
    "sampleCount" : 758,
    "errorCount" : 8,
    "errorPct" : 1.055409,
    "meanResTime" : 18088.15171503958,
    "medianResTime" : 16423.0,
    "minResTime" : 3700.0,
    "maxResTime" : 50763.0,
    "pct1ResTime" : 21239.200000000004,
    "pct2ResTime" : 33138.84999999999,
    "pct3ResTime" : 42339.01999999999,
    "throughput" : 0.42143725672145166,
    "receivedKBytesPerSec" : 698.7887921518917,
    "sentKBytesPerSec" : 6.963291917543688
  },
  "4.0 Vaccination for menacwy" : {
    "transaction" : "4.0 Vaccination for menacwy",
    "sampleCount" : 170,
    "errorCount" : 0,
    "errorPct" : 0.0,
    "meanResTime" : 7349.641176470592,
    "medianResTime" : 6485.5,
    "minResTime" : 2579.0,
    "maxResTime" : 19093.0,
    "pct1ResTime" : 10279.400000000001,
    "pct2ResTime" : 13388.749999999993,
    "pct3ResTime" : 17508.27999999998,
    "throughput" : 0.10134738365767476,
    "receivedKBytesPerSec" : 120.80254627104226,
    "sentKBytesPerSec" : 1.4775025668460517
  },
  "2.5 Select patient" : {
    "transaction" : "2.5 Select patient",
    "sampleCount" : 729,
    "errorCount" : 0,
    "errorPct" : 0.0,
    "meanResTime" : 1114.9670781892987,
    "medianResTime" : 877.0,
    "minResTime" : 568.0,
    "maxResTime" : 9784.0,
    "pct1ResTime" : 1751.0,
    "pct2ResTime" : 2222.5,
    "pct3ResTime" : 4691.3000000000175,
    "throughput" : 0.4197623419629331,
    "receivedKBytesPerSec" : 170.755684924997,
    "sentKBytesPerSec" : 1.491998554763727
  },
  "2.3 Search by first/last name" : {
    "transaction" : "2.3 Search by first/last name",
    "sampleCount" : 740,
    "errorCount" : 0,
    "errorPct" : 0.0,
    "meanResTime" : 909.6256756756756,
    "medianResTime" : 716.0,
    "minResTime" : 568.0,
    "maxResTime" : 11655.0,
    "pct1ResTime" : 1360.6999999999998,
    "pct2ResTime" : 1955.0,
    "pct3ResTime" : 3932.13,
    "throughput" : 0.42389192359863626,
    "receivedKBytesPerSec" : 172.6509500083919,
    "sentKBytesPerSec" : 1.5760756624528562
  },
  "4.0 Vaccination for flu" : {
    "transaction" : "4.0 Vaccination for flu",
    "sampleCount" : 192,
    "errorCount" : 0,
    "errorPct" : 0.0,
    "meanResTime" : 7311.578124999995,
    "medianResTime" : 6642.0,
    "minResTime" : 3133.0,
    "maxResTime" : 21833.0,
    "pct1ResTime" : 10059.400000000007,
    "pct2ResTime" : 11868.999999999996,
    "pct3ResTime" : 16562.689999999962,
    "throughput" : 0.11429782441234845,
    "receivedKBytesPerSec" : 135.1633507104845,
    "sentKBytesPerSec" : 1.6512945177375937
  },
  "4.0 Vaccination for hpv" : {
    "transaction" : "4.0 Vaccination for hpv",
    "sampleCount" : 173,
    "errorCount" : 0,
    "errorPct" : 0.0,
    "meanResTime" : 7569.086705202311,
    "medianResTime" : 6549.0,
    "minResTime" : 3199.0,
    "maxResTime" : 21773.0,
    "pct1ResTime" : 11108.399999999998,
    "pct2ResTime" : 13611.199999999999,
    "pct3ResTime" : 19434.59999999997,
    "throughput" : 0.10410110202750435,
    "receivedKBytesPerSec" : 123.96398683395603,
    "sentKBytesPerSec" : 1.5199952624220294
  },
  "1.2 Sign-in page" : {
    "transaction" : "1.2 Sign-in page",
    "sampleCount" : 760,
    "errorCount" : 0,
    "errorPct" : 0.0,
    "meanResTime" : 1317.6552631578948,
    "medianResTime" : 1062.0,
    "minResTime" : 241.0,
    "maxResTime" : 17154.0,
    "pct1ResTime" : 1936.6,
    "pct2ResTime" : 2584.8999999999996,
    "pct3ResTime" : 5652.639999999996,
    "throughput" : 0.42443992080844634,
    "receivedKBytesPerSec" : 170.3531938536841,
    "sentKBytesPerSec" : 1.796983095179256
  },
  "2.4 Patient attending session" : {
    "transaction" : "2.4 Patient attending session",
    "sampleCount" : 315,
    "errorCount" : 8,
    "errorPct" : 2.5396826,
    "meanResTime" : 2731.8285714285735,
    "medianResTime" : 2348.0,
    "minResTime" : 664.0,
    "maxResTime" : 10906.0,
    "pct1ResTime" : 4048.8,
    "pct2ResTime" : 5079.799999999996,
    "pct3ResTime" : 8303.359999999995,
    "throughput" : 0.2051912740945039,
    "receivedKBytesPerSec" : 83.64036727426354,
    "sentKBytesPerSec" : 0.8949783578167778
  },
  "Total" : {
    "transaction" : "Total",
    "sampleCount" : 8420,
    "errorCount" : 16,
    "errorPct" : 0.19002375,
    "meanResTime" : 2725.384916864613,
    "medianResTime" : 1358.0,
    "minResTime" : 241.0,
    "maxResTime" : 34722.0,
    "pct1ResTime" : 6651.000000000011,
    "pct2ResTime" : 12381.95,
    "pct3ResTime" : 16020.799999999886,
    "throughput" : 4.652190728769545,
    "receivedKBytesPerSec" : 1900.2604695442426,
    "sentKBytesPerSec" : 19.26014720685535
  },
  "1.4 Open Sessions list" : {
    "transaction" : "1.4 Open Sessions list",
    "sampleCount" : 756,
    "errorCount" : 8,
    "errorPct" : 1.0582011,
    "meanResTime" : 13732.108465608462,
    "medianResTime" : 12506.0,
    "minResTime" : 9991.0,
    "maxResTime" : 34722.0,
    "pct1ResTime" : 16225.1,
    "pct2ResTime" : 25177.1,
    "pct3ResTime" : 30472.81999999998,
    "throughput" : 0.4221093743456886,
    "receivedKBytesPerSec" : 192.01333484464726,
    "sentKBytesPerSec" : 1.4860306259614016
  },
  "4.2 Vaccination batch" : {
    "transaction" : "4.2 Vaccination batch",
    "sampleCount" : 706,
    "errorCount" : 0,
    "errorPct" : 0.0,
    "meanResTime" : 1636.5396600566567,
    "medianResTime" : 1388.0,
    "minResTime" : 1003.0,
    "maxResTime" : 12058.0,
    "pct1ResTime" : 2221.4000000000015,
    "pct2ResTime" : 3027.5999999999985,
    "pct3ResTime" : 6216.85999999998,
    "throughput" : 0.42061690081603254,
    "receivedKBytesPerSec" : 167.17401512958546,
    "sentKBytesPerSec" : 1.8819916016626879
  },
  "1.1 Homepage" : {
    "transaction" : "1.1 Homepage",
    "sampleCount" : 763,
    "errorCount" : 0,
    "errorPct" : 0.0,
    "meanResTime" : 1582.3604193971153,
    "medianResTime" : 1331.0,
    "minResTime" : 975.0,
    "maxResTime" : 16738.0,
    "pct1ResTime" : 2235.4000000000005,
    "pct2ResTime" : 2967.3999999999996,
    "pct3ResTime" : 5918.8,
    "throughput" : 0.4240629903054643,
    "receivedKBytesPerSec" : 170.0189515306562,
    "sentKBytesPerSec" : 1.7825438992730904
  },
  "1.3 Sign-in" : {
    "transaction" : "1.3 Sign-in",
    "sampleCount" : 759,
    "errorCount" : 0,
    "errorPct" : 0.0,
    "meanResTime" : 1490.833992094861,
    "medianResTime" : 1227.0,
    "minResTime" : 683.0,
    "maxResTime" : 18476.0,
    "pct1ResTime" : 2208.0,