{
  "4.3 Vaccination confirm" : {
    "transaction" : "4.3 Vaccination confirm",
    "sampleCount" : 746,
    "errorCount" : 0,
    "errorPct" : 0.0,
    "meanResTime" : 2530.962466487938,
    "medianResTime" : 2428.0,
    "minResTime" : 1908.0,
    "maxResTime" : 5721.0,
    "pct1ResTime" : 3120.5000000000005,
    "pct2ResTime" : 3435.2999999999993,
    "pct3ResTime" : 4233.989999999998,
    "throughput" : 0.44668010698766963,
    "receivedKBytesPerSec" : 179.87075307736248,
    "sentKBytesPerSec" : 2.3168928486799287
  },
  "4.1 Vaccination questions" : {
    "transaction" : "4.1 Vaccination questions",
    "sampleCount" : 777,
    "errorCount" : 0,
    "errorPct" : 0.0,
    "meanResTime" : 2238.9523809523807,
    "medianResTime" : 2153.0,
    "minResTime" : 1421.0,
    "maxResTime" : 3656.0,
    "pct1ResTime" : 2512.4,
    "pct2ResTime" : 2745.5999999999995,
    "pct3ResTime" : 3211.580000000001,
    "throughput" : 0.4516370535361379,
    "receivedKBytesPerSec" : 177.96327407782778,
    "sentKBytesPerSec" : 2.2440313077261327
  },
  "Get Next Patient from STS" : {
    "transaction" : "Get Next Patient from STS",
    "sampleCount" : 806,
    "errorCount" : 0,
    "errorPct" : 0.0,
    "meanResTime" : 0.5918114143920592,
    "medianResTime" : 1.0,
    "minResTime" : 0.0,
    "maxResTime" : 10.0,
    "pct1ResTime" : 1.0,
    "pct2ResTime" : 1.0,
    "pct3ResTime" : 1.0,
    "throughput" : 0.4522434304066936,
    "receivedKBytesPerSec" : 0.19041814229087667,
    "sentKBytesPerSec" : 0.2887228308516989
  },
  "2.0 Register attendance" : {
    "transaction" : "2.0 Register attendance",
    "sampleCount" : 796,
    "errorCount" : 8,
    "errorPct" : 1.0050251,
    "meanResTime" : 4401.99623115578,
    "medianResTime" : 4536.5,
    "minResTime" : 2623.0,
    "maxResTime" : 7307.0,
    "pct1ResTime" : 5572.900000000001,
    "pct2ResTime" : 5860.3,
    "pct3ResTime" : 6627.349999999996,
    "throughput" : 0.44995342190707893,
    "receivedKBytesPerSec" : 843.3354420778239,
    "sentKBytesPerSec" : 7.892143186512477
  },
  "1.0 Login" : {
    "transaction" : "1.0 Login",
    "sampleCount" : 809,
    "errorCount" : 0,
    "errorPct" : 0.0,
    "meanResTime" : 6671.441285537701,
    "medianResTime" : 6604.0,
    "minResTime" : 3811.0,
    "maxResTime" : 9264.0,
    "pct1ResTime" : 7413.0,
    "pct2ResTime" : 7916.5,
    "pct3ResTime" : 8596.9,
    "throughput" : 0.4520037903506968,
    "receivedKBytesPerSec" : 749.8195266222341,
    "sentKBytesPerSec" : 7.483927854447237
  },
  "4.0 Vaccination for menacwy" : {
    "transaction" : "4.0 Vaccination for menacwy",
    "sampleCount" : 192,
    "errorCount" : 0,
    "errorPct" : 0.0,
    "meanResTime" : 6169.348958333334,
    "medianResTime" : 6100.5,
    "minResTime" : 3206.0,
    "maxResTime" : 8494.0,
    "pct1ResTime" : 6939.3,
    "pct2ResTime" : 7145.95,
    "pct3ResTime" : 7810.449999999995,
    "throughput" : 0.1129202530119419,
    "receivedKBytesPerSec" : 133.68243014437766,
    "sentKBytesPerSec" : 1.637922605517213
  },
  "2.5 Select patient" : {
    "transaction" : "2.5 Select patient",
    "sampleCount" : 794,
    "errorCount" : 0,
    "errorPct" : 0.0,
    "meanResTime" : 763.9118387909311,
    "medianResTime" : 686.0,
    "minResTime" : 618.0,
    "maxResTime" : 1933.0,
    "pct1ResTime" : 981.5,
    "pct2ResTime" : 1128.5,
    "pct3ResTime" : 1419.5499999999986,
    "throughput" : 0.451931094737621,
    "receivedKBytesPerSec" : 183.25721403547718,
    "sentKBytesPerSec" : 1.6063654240340257
  },
  "2.3 Search by first/last name" : {
    "transaction" : "2.3 Search by first/last name",
    "sampleCount" : 801,
    "errorCount" : 0,
    "errorPct" : 0.0,
    "meanResTime" : 782.2759051186018,
    "medianResTime" : 723.0,
    "minResTime" : 627.0,
    "maxResTime" : 2165.0,
    "pct1ResTime" : 971.8000000000001,
    "pct2ResTime" : 1090.6,
    "pct3ResTime" : 1470.5000000000005,
    "throughput" : 0.45264466546112114,
    "receivedKBytesPerSec" : 183.90473239891784,
    "sentKBytesPerSec" : 1.6737351926282777
  },
  "4.0 Vaccination for flu" : {
    "transaction" : "4.0 Vaccination for flu",
    "sampleCount" : 193,
    "errorCount" : 0,
    "errorPct" : 0.0,
    "meanResTime" : 6122.740932642486,
    "medianResTime" : 6107.0,
    "minResTime" : 3375.0,
    "maxResTime" : 8089.0,
    "pct1ResTime" : 6937.2,
    "pct2ResTime" : 7195.799999999998,
    "pct3ResTime" : 7954.58,
    "throughput" : 0.11285949110310504,
    "receivedKBytesPerSec" : 132.74810227112914,
    "sentKBytesPerSec" : 1.6245126447218308
  },
  "4.0 Vaccination for hpv" : {
    "transaction" : "4.0 Vaccination for hpv",
    "sampleCount" : 192,
    "errorCount" : 0,
    "errorPct" : 0.0,
    "meanResTime" : 6304.927083333337,
    "medianResTime" : 6225.0,
    "minResTime" : 3377.0,
    "maxResTime" : 9488.0,
    "pct1ResTime" : 7194.200000000002,
    "pct2ResTime" : 7581.299999999999,
    "pct3ResTime" : 8482.669999999993,
    "throughput" : 0.11242896334054557,
    "receivedKBytesPerSec" : 132.71198081662516,
    "sentKBytesPerSec" : 1.62995005841036
  },
  "1.2 Sign-in page" : {
    "transaction" : "1.2 Sign-in page",
    "sampleCount" : 813,
    "errorCount" : 0,
    "errorPct" : 0.0,
    "meanResTime" : 1314.6051660516596,
    "medianResTime" : 1161.0,
    "minResTime" : 311.0,
    "maxResTime" : 2971.0,
    "pct1ResTime" : 2025.0,
    "pct2ResTime" : 2123.0999999999995,
    "pct3ResTime" : 2478.6000000000004,
    "throughput" : 0.45285087169615207,
    "receivedKBytesPerSec" : 181.45425602620995,
    "sentKBytesPerSec" : 1.919464930306641
  },
  "Debug Sampler" : {
    "transaction" : "Debug Sampler",
    "sampleCount" : 796,
    "errorCount" : 0,
    "errorPct" : 0.0,
    "meanResTime" : 0.5050251256281405,
    "medianResTime" : 0.0,
    "minResTime" : 0.0,
    "maxResTime" : 7.0,
    "pct1ResTime" : 1.0,
    "pct2ResTime" : 1.0,
    "pct3ResTime" : 1.0,
    "throughput" : 0.4509702943147716,
    "receivedKBytesPerSec" : 2.7811435602461754,
    "sentKBytesPerSec" : 0.0
  },
  "2.4 Patient attending session" : {
    "transaction" : "2.4 Patient attending session",
    "sampleCount" : 462,
    "errorCount" : 8,
    "errorPct" : 1.7316017,
    "meanResTime" : 1679.6645021645013,
    "medianResTime" : 1583.5,
    "minResTime" : 767.0,
    "maxResTime" : 3604.0,
    "pct1ResTime" : 2070.7999999999997,
    "pct2ResTime" : 2343.3999999999996,
    "pct3ResTime" : 2943.9400000000005,
    "throughput" : 0.29000263011043326,
    "receivedKBytesPerSec" : 118.08451970609458,
    "sentKBytesPerSec" : 1.2665780030965
  },
  "Total" : {
    "transaction" : "Total",
    "sampleCount" : 10805,
    "errorCount" : 8,
    "errorPct" : 0.074039795,
    "meanResTime" : 1269.8417399352118,
    "medianResTime" : 1183.0,
    "minResTime" : 0.0,
    "maxResTime" : 5870.0,
    "pct1ResTime" : 2339.3999999999996,
    "pct2ResTime" : 2652.0,
    "pct3ResTime" : 3375.0,
    "throughput" : 5.995709502464317,
    "receivedKBytesPerSec" : 2086.0046604086738,
    "sentKBytesPerSec" : 21.455437759624488
  },
  "1.4 Open Sessions list" : {
    "transaction" : "1.4 Open Sessions list",
    "sampleCount" : 806,
    "errorCount" : 0,
    "errorPct" : 0.0,
    "meanResTime" : 2510.52853598015,
    "medianResTime" : 2353.5,
    "minResTime" : 1742.0,
    "maxResTime" : 5870.0,
    "pct1ResTime" : 3249.9,
    "pct2ResTime" : 3551.849999999999,
    "pct3ResTime" : 4418.659999999997,
    "throughput" : 0.4517511803821165,
    "receivedKBytesPerSec" : 206.99424373678656,
    "sentKBytesPerSec" : 1.604244772633519
  },
  "4.2 Vaccination batch" : {
    "transaction" : "4.2 Vaccination batch",
    "sampleCount" : 771,
    "errorCount" : 0,
    "errorPct" : 0.0,
    "meanResTime" : 1505.9481193255517,
    "medianResTime" : 1512.0,
    "minResTime" : 1070.0,
    "maxResTime" : 2821.0,
    "pct1ResTime" : 1746.8000000000002,
    "pct2ResTime" : 1887.6,
    "pct3ResTime" : 2440.279999999999,
    "throughput" : 0.45118774735592865,