{
  "2.0 Register attendance" : {
    "transaction" : "2.0 Register attendance",
    "sampleCount" : 66,
    "errorCount" : 0,
    "errorPct" : 0.0,
    "meanResTime" : 1467.8181818181818,
    "medianResTime" : 1525.5,
    "minResTime" : 815.0,
    "maxResTime" : 2343.0,
    "pct1ResTime" : 1957.6000000000001,
    "pct2ResTime" : 2107.45,
    "pct3ResTime" : 2343.0,
    "throughput" : 0.13061263261634914,
    "receivedKBytesPerSec" : 23.15791892888736,
    "sentKBytesPerSec" : 0.559173737807014
  },
  "2.5 Select patient" : {
    "transaction" : "2.5 Select patient",
    "sampleCount" : 64,
    "errorCount" : 0,
    "errorPct" : 0.0,
    "meanResTime" : 176.53124999999991,
    "medianResTime" : 169.0,
    "minResTime" : 158.0,
    "maxResTime" : 279.0,
    "pct1ResTime" : 204.0,
    "pct2ResTime" : 216.5,
    "pct3ResTime" : 279.0,
    "throughput" : 0.12771952791669494,
    "receivedKBytesPerSec" : 3.2593171489159802,
    "sentKBytesPerSec" : 0.08855553205161465
  },
  "1.4 Select Organisations" : {
    "transaction" : "1.4 Select Organisations",
    "sampleCount" : 35,
    "errorCount" : 0,
    "errorPct" : 0.0,
    "meanResTime" : 208.77142857142854,
    "medianResTime" : 200.0,
    "minResTime" : 194.0,
    "maxResTime" : 300.0,
    "pct1ResTime" : 244.4,
    "pct2ResTime" : 289.59999999999997,
    "pct3ResTime" : 300.0,
    "throughput" : 0.6053478155591684,
    "receivedKBytesPerSec" : 8.695963248901727,
    "sentKBytesPerSec" : 0.8749167646753606
  },
  "2.5 Select menacwy" : {
    "transaction" : "2.5 Select menacwy",
    "sampleCount" : 30,
    "errorCount" : 0,
    "errorPct" : 0.0,
    "meanResTime" : 241.36666666666667,
    "medianResTime" : 182.0,
    "minResTime" : 162.0,
    "maxResTime" : 457.0,
    "pct1ResTime" : 413.9,
    "pct2ResTime" : 435.54999999999995,
    "pct3ResTime" : 457.0,
    "throughput" : 0.10223938329203999,
    "receivedKBytesPerSec" : 2.3678900762620603,
    "sentKBytesPerSec" : 0.07128800749073883
  },
  "2.3 Search by first/last name" : {
    "transaction" : "2.3 Search by first/last name",
    "sampleCount" : 71,
    "errorCount" : 0,
    "errorPct" : 0.0,
    "meanResTime" : 206.2957746478873,
    "medianResTime" : 155.0,
    "minResTime" : 140.0,
    "maxResTime" : 414.0,
    "pct1ResTime" : 389.0,
    "pct2ResTime" : 403.79999999999995,
    "pct3ResTime" : 414.0,
    "throughput" : 0.13684320082028825,
    "receivedKBytesPerSec" : 3.605761122846647,
    "sentKBytesPerSec" : 0.1180758213724024
  },
  "2.5 Select td_ipv" : {
    "transaction" : "2.5 Select td_ipv",
    "sampleCount" : 28,
    "errorCount" : 0,
    "errorPct" : 0.0,
    "meanResTime" : 205.35714285714286,
    "medianResTime" : 173.0,
    "minResTime" : 161.0,
    "maxResTime" : 412.0,
    "pct1ResTime" : 406.4,
    "pct2ResTime" : 411.1,
    "pct3ResTime" : 412.0,
    "throughput" : 0.362004990497369,
    "receivedKBytesPerSec" : 8.501928100798997,
    "sentKBytesPerSec" : 0.25206011545373447
  },
  "4.0 Vaccination for flu" : {
    "transaction" : "4.0 Vaccination for flu",
    "sampleCount" : 42,
    "errorCount" : 0,
    "errorPct" : 0.0,
    "meanResTime" : 1255.880952380952,
    "medianResTime" : 1222.0,
    "minResTime" : 1124.0,
    "maxResTime" : 1721.0,
    "pct1ResTime" : 1399.4,
    "pct2ResTime" : 1476.8,
    "pct3ResTime" : 1721.0,
    "throughput" : 0.13429385413768957,
    "receivedKBytesPerSec" : 7.047367260916971,
    "sentKBytesPerSec" : 0.7836993140621652
  },
  "4.0 Vaccination for hpv" : {
    "transaction" : "4.0 Vaccination for hpv",
    "sampleCount" : 42,
    "errorCount" : 0,
    "errorPct" : 0.0,
    "meanResTime" : 1240.2619047619048,
    "medianResTime" : 1255.0,
    "minResTime" : 466.0,
    "maxResTime" : 2162.0,
    "pct1ResTime" : 1461.5000000000002,
    "pct2ResTime" : 1523.9,
    "pct3ResTime" : 2162.0,
    "throughput" : 0.13570932355364557,
    "receivedKBytesPerSec" : 6.797056122469586,
    "sentKBytesPerSec" : 0.7812121346753477
  },
  "Select Organisations" : {
    "transaction" : "Select Organisations",
    "sampleCount" : 1,
    "errorCount" : 0,
    "errorPct" : 0.0,
    "meanResTime" : 0.0,
    "medianResTime" : 0.0,
    "minResTime" : 0.0,
    "maxResTime" : 0.0,
    "pct1ResTime" : 0.0,
    "pct2ResTime" : 0.0,
    "pct3ResTime" : 0.0,
    "throughput" : "Infinity",
    "receivedKBytesPerSec" : "NaN",
    "sentKBytesPerSec" : "NaN"
  },
  "1.2 Sign-in page" : {
    "transaction" : "1.2 Sign-in page",
    "sampleCount" : 35,
    "errorCount" : 0,
    "errorPct" : 0.0,
    "meanResTime" : 89.31428571428572,
    "medianResTime" : 88.0,
    "minResTime" : 85.0,
    "maxResTime" : 108.0,
    "pct1ResTime" : 93.8,
    "pct2ResTime" : 98.39999999999995,
    "pct3ResTime" : 108.0,
    "throughput" : 0.605243134813585,
    "receivedKBytesPerSec" : 3.647417368100228,
    "sentKBytesPerSec" : 0.36468263103513865
  },
  "2.4 Patient attending session" : {
    "transaction" : "2.4 Patient attending session",
    "sampleCount" : 65,
    "errorCount" : 0,
    "errorPct" : 0.0,
    "meanResTime" : 367.9076923076924,
    "medianResTime" : 346.0,
    "minResTime" : 325.0,
    "maxResTime" : 567.0,
    "pct1ResTime" : 444.19999999999993,
    "pct2ResTime" : 519.4999999999998,
    "pct3ResTime" : 567.0,
    "throughput" : 0.12937305816015587,
    "receivedKBytesPerSec" : 3.46763917990916,
    "sentKBytesPerSec" : 0.19229081496070044
  },
  "Logout" : {
    "transaction" : "Logout",
    "sampleCount" : 1,
    "errorCount" : 0,
    "errorPct" : 0.0,
    "meanResTime" : 301.0,
    "medianResTime" : 301.0,
    "minResTime" : 301.0,
    "maxResTime" : 301.0,
    "pct1ResTime" : 301.0,
    "pct2ResTime" : 301.0,
    "pct3ResTime" : 301.0,
    "throughput" : 3.3222591362126246,
    "receivedKBytesPerSec" : 20.835496262458474,
    "sentKBytesPerSec" : 7.024112333887043
  },
  "1.1 Homepage" : {
    "transaction" : "1.1 Homepage",
    "sampleCount" : 35,
    "errorCount" : 0,
    "errorPct" : 0.0,
    "meanResTime" : 262.11428571428576,
    "medianResTime" : 261.0,
    "minResTime" : 253.0,
    "maxResTime" : 290.0,
    "pct1ResTime" : 273.8,
    "pct2ResTime" : 285.2,
    "pct3ResTime" : 290.0,
    "throughput" : 0.6001165940811358,
    "receivedKBytesPerSec" : 3.097281445037893,
    "sentKBytesPerSec" : 0.3252585055810843
  },
  "1.3 Sign-in" : {
    "transaction" : "1.3 Sign-in",
    "sampleCount" : 35,
    "errorCount" : 0,
    "errorPct" : 0.0,
    "meanResTime" : 473.2285714285714,
    "medianResTime" : 470.0,
    "minResTime" : 405.0,
    "maxResTime" : 732.0,
    "pct1ResTime" : 546.4,
    "pct2ResTime" : 624.7999999999994,
    "pct3ResTime" : 732.0,
    "throughput" : 0.5972288580984234,
    "receivedKBytesPerSec" : 5.795569495043001,
    "sentKBytesPerSec" : 0.9395856351528906
  },
  "4.0 Vaccination for td_ipv" : {
    "transaction" : "4.0 Vaccination for td_ipv",
    "sampleCount" : 28,
    "errorCount" : 0,
    "errorPct" : 0.0,
    "meanResTime" : 1224.8928571428573,
    "medianResTime" : 1221.5,
    "minResTime" : 1135.0,
    "maxResTime" : 1387.0,
    "pct1ResTime" : 1296.1,
    "pct2ResTime" : 1350.5499999999997,
    "pct3ResTime" : 1387.0,
    "throughput" : 0.35681971683806757,
    "receivedKBytesPerSec" : 20.060443806469905,
    "sentKBytesPerSec" : 2.115431178397115
  },
  "2.1 Open session" : {
    "transaction" : "2.1 Open session",
    "sampleCount" : 71,
    "errorCount" : 0,
    "errorPct" : 0.0,
    "meanResTime" : 280.15492957746494,
    "medianResTime" : 207.0,
    "minResTime" : 138.0,
    "maxResTime" : 662.0,
    "pct1ResTime" : 458.0,
    "pct2ResTime" : 506.0,
    "pct3ResTime" : 662.0,
    "throughput" : 0.1363182551263344,
    "receivedKBytesPerSec" : 2.3299970510377466,
    "sentKBytesPerSec" : 0.08638014433415252
  },
  "4.3 Vaccination confirm" : {
    "transaction" : "4.3 Vaccination confirm",
    "sampleCount" : 137,
    "errorCount" : 0,
    "errorPct" : 0.0,
    "meanResTime" : 643.8978102189777,
    "medianResTime" : 583.0,
    "minResTime" : 492.0,
    "maxResTime" : 1528.0,