{
  "4.3 Vaccination confirm" : {
    "transaction" : "4.3 Vaccination confirm",
    "sampleCount" : 638,
    "errorCount" : 0,
    "errorPct" : 0.0,
    "meanResTime" : 5626.481191222574,
    "medianResTime" : 4491.0,
    "minResTime" : 2706.0,
    "maxResTime" : 23282.0,
    "pct1ResTime" : 9530.600000000002,
    "pct2ResTime" : 11970.299999999994,
    "pct3ResTime" : 19419.230000000003,
    "throughput" : 0.3895443369228806,
    "receivedKBytesPerSec" : 156.12003899564723,
    "sentKBytesPerSec" : 2.0206658460591607
  },
  "4.1 Vaccination questions" : {
    "transaction" : "4.1 Vaccination questions",
    "sampleCount" : 659,
    "errorCount" : 0,
    "errorPct" : 0.0,
    "meanResTime" : 2943.924127465857,
    "medianResTime" : 2328.0,
    "minResTime" : 1281.0,
    "maxResTime" : 20706.0,
    "pct1ResTime" : 4842.0,
    "pct2ResTime" : 5998.0,
    "pct3ResTime" : 13960.399999999969,
    "throughput" : 0.3918471998087738,
    "receivedKBytesPerSec" : 153.23724321168578,
    "sentKBytesPerSec" : 1.9466835982142114
  },
  "2.0 Register attendance" : {
    "transaction" : "2.0 Register attendance",
    "sampleCount" : 675,
    "errorCount" : 28,
    "errorPct" : 4.148148,
    "meanResTime" : 9174.4962962963,
    "medianResTime" : 7992.0,
    "minResTime" : 3128.0,
    "maxResTime" : 33975.0,
    "pct1ResTime" : 14910.8,
    "pct2ResTime" : 18516.6,
    "pct3ResTime" : 26488.960000000003,
    "throughput" : 0.38744094395537604,
    "receivedKBytesPerSec" : 733.8911489286755,
    "sentKBytesPerSec" : 6.725330173226281
  },
  "1.0 Login" : {
    "transaction" : "1.0 Login",
    "sampleCount" : 699,
    "errorCount" : 1,
    "errorPct" : 0.14306152,
    "meanResTime" : 20587.572246065814,
    "medianResTime" : 18708.0,
    "minResTime" : 6637.0,
    "maxResTime" : 51698.0,
    "pct1ResTime" : 27401.0,
    "pct2ResTime" : 31333.0,
    "pct3ResTime" : 46310.0,
    "throughput" : 0.388327508420707,
    "receivedKBytesPerSec" : 642.5424766631972,
    "sentKBytesPerSec" : 6.42403232875118
  },
  "4.0 Vaccination for menacwy" : {
    "transaction" : "4.0 Vaccination for menacwy",
    "sampleCount" : 161,
    "errorCount" : 0,
    "errorPct" : 0.0,
    "meanResTime" : 11058.962732919244,
    "medianResTime" : 9151.0,
    "minResTime" : 3896.0,
    "maxResTime" : 31697.0,
    "pct1ResTime" : 17361.800000000003,
    "pct2ResTime" : 22369.7,
    "pct3ResTime" : 29427.799999999985,
    "throughput" : 0.09710465288102268,
    "receivedKBytesPerSec" : 114.91584754249082,
    "sentKBytesPerSec" : 1.4153281164713012
  },
  "2.5 Select patient" : {
    "transaction" : "2.5 Select patient",
    "sampleCount" : 670,
    "errorCount" : 0,
    "errorPct" : 0.0,
    "meanResTime" : 1807.8701492537311,
    "medianResTime" : 1469.0,
    "minResTime" : 722.0,
    "maxResTime" : 19623.0,
    "pct1ResTime" : 2887.199999999999,
    "pct2ResTime" : 4373.5999999999985,
    "pct3ResTime" : 9033.93999999999,
    "throughput" : 0.387616856357871,
    "receivedKBytesPerSec" : 156.26271076847357,
    "sentKBytesPerSec" : 1.3777596186833638
  },
  "2.3 Search by first/last name" : {
    "transaction" : "2.3 Search by first/last name",
    "sampleCount" : 688,
    "errorCount" : 0,
    "errorPct" : 0.0,
    "meanResTime" : 1358.370639534885,
    "medianResTime" : 940.0,
    "minResTime" : 723.0,
    "maxResTime" : 14983.0,
    "pct1ResTime" : 2279.3000000000006,
    "pct2ResTime" : 3390.4999999999995,
    "pct3ResTime" : 8606.010000000006,
    "throughput" : 0.39289701586721454,
    "receivedKBytesPerSec" : 158.64943000397608,
    "sentKBytesPerSec" : 1.4609106641130265
  },
  "4.0 Vaccination for flu" : {
    "transaction" : "4.0 Vaccination for flu",
    "sampleCount" : 165,
    "errorCount" : 0,
    "errorPct" : 0.0,
    "meanResTime" : 11434.703030303028,
    "medianResTime" : 9568.0,
    "minResTime" : 4009.0,
    "maxResTime" : 50779.0,
    "pct1ResTime" : 17080.2,
    "pct2ResTime" : 22150.79999999999,
    "pct3ResTime" : 40291.60000000006,
    "throughput" : 0.0988451294511759,
    "receivedKBytesPerSec" : 115.45809459332867,
    "sentKBytesPerSec" : 1.4252863925301837
  },
  "4.0 Vaccination for hpv" : {
    "transaction" : "4.0 Vaccination for hpv",
    "sampleCount" : 164,
    "errorCount" : 0,
    "errorPct" : 0.0,
    "meanResTime" : 10996.310975609751,
    "medianResTime" : 9487.0,
    "minResTime" : 4257.0,
    "maxResTime" : 31263.0,
    "pct1ResTime" : 17169.5,
    "pct2ResTime" : 20487.25,
    "pct3ResTime" : 29736.79999999999,
    "throughput" : 0.09805727022909527,
    "receivedKBytesPerSec" : 114.90598334140014,
    "sentKBytesPerSec" : 1.4223290660732608
  },
  "1.2 Sign-in page" : {
    "transaction" : "1.2 Sign-in page",
    "sampleCount" : 704,
    "errorCount" : 0,
    "errorPct" : 0.0,
    "meanResTime" : 2309.0951704545478,
    "medianResTime" : 1492.0,
    "minResTime" : 301.0,
    "maxResTime" : 25181.0,
    "pct1ResTime" : 4539.0,
    "pct2ResTime" : 6155.25,
    "pct3ResTime" : 13377.600000000008,
    "throughput" : 0.39188377528805407,
    "receivedKBytesPerSec" : 156.40353894724237,
    "sentKBytesPerSec" : 1.6568703115893504
  },
  "2.4 Patient attending session" : {
    "transaction" : "2.4 Patient attending session",
    "sampleCount" : 471,
    "errorCount" : 30,
    "errorPct" : 6.3694267,
    "meanResTime" : 4210.1125265392775,
    "medianResTime" : 3296.0,
    "minResTime" : 1009.0,
    "maxResTime" : 19752.0,
    "pct1ResTime" : 7420.4,
    "pct2ResTime" : 9683.599999999993,
    "pct3ResTime" : 14850.999999999969,
    "throughput" : 0.2702674787314987,
    "receivedKBytesPerSec" : 108.90332299890171,
    "sentKBytesPerSec" : 1.1714005928885223
  },
  "Total" : {
    "transaction" : "Total",
    "sampleCount" : 7966,
    "errorCount" : 31,
    "errorPct" : 0.3891539,
    "meanResTime" : 3523.6737383881396,
    "medianResTime" : 1903.0,
    "minResTime" : 301.0,
    "maxResTime" : 31204.0,
    "pct1ResTime" : 11188.2,
    "pct2ResTime" : 12835.149999999996,
    "pct3ResTime" : 17347.749999999993,
    "throughput" : 4.398320179598994,
    "receivedKBytesPerSec" : 1783.577711402235,
    "sentKBytesPerSec" : 18.23285117199276
  },
  "1.4 Open Sessions list" : {
    "transaction" : "1.4 Open Sessions list",
    "sampleCount" : 698,
    "errorCount" : 1,
    "errorPct" : 0.14326647,
    "meanResTime" : 13523.030085959872,
    "medianResTime" : 12749.0,
    "minResTime" : 10528.0,
    "maxResTime" : 31204.0,
    "pct1ResTime" : 16109.500000000002,
    "pct2ResTime" : 19236.75,
    "pct3ResTime" : 25815.62999999999,
    "throughput" : 0.3896567894066945,
    "receivedKBytesPerSec" : 178.15651863482657,
    "sentKBytesPerSec" : 1.3818414981689482
  },
  "4.2 Vaccination batch" : {
    "transaction" : "4.2 Vaccination batch",
    "sampleCount" : 654,
    "errorCount" : 0,
    "errorPct" : 0.0,
    "meanResTime" : 2825.0229357798166,
    "medianResTime" : 2042.5,
    "minResTime" : 1250.0,
    "maxResTime" : 26105.0,
    "pct1ResTime" : 4969.5,
    "pct2ResTime" : 6639.0,
    "pct3ResTime" : 13854.350000000013,
    "throughput" : 0.3891624795005391,
    "receivedKBytesPerSec" : 152.9812167088309,
    "sentKBytesPerSec" : 1.7410943937693542
  },
  "1.1 Homepage" : {
    "transaction" : "1.1 Homepage",
    "sampleCount" : 706,
    "errorCount" : 0,
    "errorPct" : 0.0,
    "meanResTime" : 2483.6033994334343,
    "medianResTime" : 1823.5,
    "minResTime" : 1245.0,
    "maxResTime" : 14765.0,
    "pct1ResTime" : 4318.700000000013,
    "pct2ResTime" : 5985.099999999994,
    "pct3ResTime" : 10745.059999999963,
    "throughput" : 0.3930010192420202,
    "receivedKBytesPerSec" : 156.86529809176017,
    "sentKBytesPerSec" : 1.648946372999995
  },
  "1.3 Sign-in" : {
    "transaction" : "1.3 Sign-in",
    "sampleCount" : 699,
    "errorCount" : 0,
    "errorPct" : 0.0,
    "meanResTime" : 2287.589413447782,
    "medianResTime" : 1613.0,
    "minResTime" : 880.0,
    "maxResTime" : 25454.0,
    "pct1ResTime" : 4036.0,
    "pct2ResTime" : 6826.0,