{
  "1.2 Sign-in page" : {
    "transaction" : "1.2 Sign-in page",
    "sampleCount" : 70,
    "errorCount" : 0,
    "errorPct" : 0.0,
    "meanResTime" : 667.4571428571428,
    "medianResTime" : 744.5,
    "minResTime" : 307.0,
    "maxResTime" : 1008.0,
    "pct1ResTime" : 758.8,
    "pct2ResTime" : 861.5000000000001,
    "pct3ResTime" : 1008.0,
    "throughput" : 0.23647849734806256,
    "receivedKBytesPerSec" : 92.03124208219317,
    "sentKBytesPerSec" : 0.8412999666396406
  },
  "1.0 Login" : {
    "transaction" : "1.0 Login",
    "sampleCount" : 70,
    "errorCount" : 0,
    "errorPct" : 0.0,
    "meanResTime" : 5066.871428571429,
    "medianResTime" : 5058.5,
    "minResTime" : 4553.0,
    "maxResTime" : 6449.0,
    "pct1ResTime" : 5391.1,
    "pct2ResTime" : 5599.8,
    "pct3ResTime" : 6449.0,
    "throughput" : 0.2328296452008821,
    "receivedKBytesPerSec" : 380.5075319870513,
    "sentKBytesPerSec" : 3.6220471172363786
  },
  "Total" : {
    "transaction" : "Total",
    "sampleCount" : 280,
    "errorCount" : 0,
    "errorPct" : 0.0,
    "meanResTime" : 1266.7178571428576,
    "medianResTime" : 1348.0,
    "minResTime" : 307.0,
    "maxResTime" : 2795.0,
    "pct1ResTime" : 1847.0,
    "pct2ResTime" : 2057.7999999999997,
    "pct3ResTime" : 2450.95,
    "throughput" : 0.8956045010523352,
    "receivedKBytesPerSec" : 365.91588029726074,
    "sentKBytesPerSec" : 3.483149341250904
  },
  "1.4 Open Sessions list" : {
    "transaction" : "1.4 Open Sessions list",
    "sampleCount" : 70,
    "errorCount" : 0,
    "errorPct" : 0.0,
    "meanResTime" : 1857.7285714285713,
    "medianResTime" : 1791.5,
    "minResTime" : 1504.0,
    "maxResTime" : 2795.0,
    "pct1ResTime" : 2218.6,
    "pct2ResTime" : 2428.55,
    "pct3ResTime" : 2795.0,
    "throughput" : 0.2357910621713662,
    "receivedKBytesPerSec" : 108.17306427116984,
    "sentKBytesPerSec" : 0.8377030118939749
  },
  "1.1 Homepage" : {
    "transaction" : "1.1 Homepage",
    "sampleCount" : 70,
    "errorCount" : 0,
    "errorPct" : 0.0,
    "meanResTime" : 1369.3714285714286,
    "medianResTime" : 1358.0,
    "minResTime" : 1310.0,
    "maxResTime" : 1496.0,
    "pct1ResTime" : 1403.8,
    "pct2ResTime" : 1491.9,
    "pct3ResTime" : 1496.0,
    "throughput" : 0.23562756034590127,
    "receivedKBytesPerSec" : 91.60389576509952,
    "sentKBytesPerSec" : 0.7779851382123947
  },
  "1.3 Sign-in" : {
    "transaction" : "1.3 Sign-in",
    "sampleCount" : 70,
    "errorCount" : 0,
    "errorPct" : 0.0,
    "meanResTime" : 1172.3142857142857,
    "medianResTime" : 1109.0,
    "minResTime" : 888.0,
    "maxResTime" : 1798.0,
    "pct1ResTime" : 1388.7,
    "pct2ResTime" : 1493.4,
    "pct3ResTime" : 1798.0,
    "throughput" : 0.23632600835243636,
    "receivedKBytesPerSec" : 93.95574341832067,
    "sentKBytesPerSec" : 1.2157865351568697
  }
}