{
  "4.3 Vaccination confirm" : {
    "transaction" : "4.3 Vaccination confirm",
    "sampleCount" : 716,
    "errorCount" : 0,
    "errorPct" : 0.0,
    "meanResTime" : 2423.0656424581002,
    "medianResTime" : 2083.0,
    "minResTime" : 1285.0,
    "maxResTime" : 14399.0,
    "pct1ResTime" : 3537.1000000000004,
    "pct2ResTime" : 4225.95,
    "pct3ResTime" : 7514.7100000000055,
    "throughput" : 0.42931038721278625,
    "receivedKBytesPerSec" : 173.39414725357526,
    "sentKBytesPerSec" : 2.2268661154934883
  },
  "4.1 Vaccination questions" : {
    "transaction" : "4.1 Vaccination questions",
    "sampleCount" : 734,
    "errorCount" : 0,
    "errorPct" : 0.0,
    "meanResTime" : 1276.4577656675747,
    "medianResTime" : 1140.5,
    "minResTime" : 517.0,
    "maxResTime" : 12181.0,
    "pct1ResTime" : 1551.5,
    "pct2ResTime" : 1898.0,
    "pct3ResTime" : 3124.8999999999996,
    "throughput" : 0.42842900802924994,
    "receivedKBytesPerSec" : 169.12342253927653,
    "sentKBytesPerSec" : 2.136100648859818
  },
  "2.0 Register attendance" : {
    "transaction" : "2.0 Register attendance",
    "sampleCount" : 755,
    "errorCount" : 21,
    "errorPct" : 2.781457,
    "meanResTime" : 3773.708609271524,
    "medianResTime" : 3551.0,
    "minResTime" : 1346.0,
    "maxResTime" : 15677.0,
    "pct1ResTime" : 5168.799999999999,
    "pct2ResTime" : 5911.19999999999,
    "pct3ResTime" : 8815.399999999952,
    "throughput" : 0.43075831149588384,
    "receivedKBytesPerSec" : 861.5068786673294,
    "sentKBytesPerSec" : 7.907445456833453
  },
  "1.0 Login" : {
    "transaction" : "1.0 Login",
    "sampleCount" : 783,
    "errorCount" : 0,
    "errorPct" : 0.0,
    "meanResTime" : 3701.639846743297,
    "medianResTime" : 3496.0,
    "minResTime" : 1980.0,
    "maxResTime" : 13204.0,
    "pct1ResTime" : 4579.6,
    "pct2ResTime" : 5164.0,
    "pct3ResTime" : 7718.5999999999985,
    "throughput" : 0.4380196588593252,
    "receivedKBytesPerSec" : 729.5960436638261,
    "sentKBytesPerSec" : 7.233523247033299
  },
  "4.0 Vaccination for menacwy" : {
    "transaction" : "4.0 Vaccination for menacwy",
    "sampleCount" : 186,
    "errorCount" : 0,
    "errorPct" : 0.0,
    "meanResTime" : 4260.129032258065,
    "medianResTime" : 3969.5,
    "minResTime" : 1705.0,
    "maxResTime" : 14299.0,
    "pct1ResTime" : 5560.300000000002,
    "pct2ResTime" : 5986.25,
    "pct3ResTime" : 10737.219999999981,
    "throughput" : 0.11018565690792982,
    "receivedKBytesPerSec" : 130.64825524566663,
    "sentKBytesPerSec" : 1.599694832751798
  },
  "2.5 Select patient" : {
    "transaction" : "2.5 Select patient",
    "sampleCount" : 751,
    "errorCount" : 0,
    "errorPct" : 0.0,
    "meanResTime" : 461.3648468708387,
    "medianResTime" : 351.0,
    "minResTime" : 259.0,
    "maxResTime" : 8947.0,
    "pct1ResTime" : 651.6000000000001,
    "pct2ResTime" : 1019.9999999999991,
    "pct3ResTime" : 2134.4800000000128,
    "throughput" : 0.42664733592541,
    "receivedKBytesPerSec" : 173.5110072110004,
    "sentKBytesPerSec" : 1.5165191716480062
  },
  "2.3 Search by first/last name" : {
    "transaction" : "2.3 Search by first/last name",
    "sampleCount" : 756,
    "errorCount" : 0,
    "errorPct" : 0.0,
    "meanResTime" : 451.10317460317435,
    "medianResTime" : 360.0,
    "minResTime" : 256.0,
    "maxResTime" : 7986.0,
    "pct1ResTime" : 657.1000000000005,
    "pct2ResTime" : 884.6999999999991,
    "pct3ResTime" : 1625.2999999999945,
    "throughput" : 0.42750992433752927,
    "receivedKBytesPerSec" : 174.2112765947859,
    "sentKBytesPerSec" : 1.5895788756870695
  },
  "4.0 Vaccination for flu" : {
    "transaction" : "4.0 Vaccination for flu",
    "sampleCount" : 159,
    "errorCount" : 0,
    "errorPct" : 0.0,
    "meanResTime" : 4665.490566037737,
    "medianResTime" : 4188.0,
    "minResTime" : 3174.0,
    "maxResTime" : 16714.0,
    "pct1ResTime" : 6039.0,
    "pct2ResTime" : 8288.0,
    "pct3ResTime" : 13645.60000000003,
    "throughput" : 0.11431134960724346,
    "receivedKBytesPerSec" : 136.5971818567758,
    "sentKBytesPerSec" : 1.6716567513702982
  },
  "4.0 Vaccination for hpv" : {
    "transaction" : "4.0 Vaccination for hpv",
    "sampleCount" : 199,
    "errorCount" : 0,
    "errorPct" : 0.0,
    "meanResTime" : 4350.6733668341685,
    "medianResTime" : 3995.0,
    "minResTime" : 1507.0,
    "maxResTime" : 14537.0,
    "pct1ResTime" : 5872.0,
    "pct2ResTime" : 7312.0,
    "pct3ResTime" : 11954.0,
    "throughput" : 0.1176072885787366,
    "receivedKBytesPerSec" : 138.63737356847108,
    "sentKBytesPerSec" : 1.7014451946710898
  },
  "1.2 Sign-in page" : {
    "transaction" : "1.2 Sign-in page",
    "sampleCount" : 785,
    "errorCount" : 0,
    "errorPct" : 0.0,
    "meanResTime" : 800.3171974522294,
    "medianResTime" : 599.0,
    "minResTime" : 304.0,
    "maxResTime" : 10924.0,
    "pct1ResTime" : 1291.3999999999999,
    "pct2ResTime" : 1608.5999999999974,
    "pct3ResTime" : 2780.3999999999996,
    "throughput" : 0.43758528732351654,
    "receivedKBytesPerSec" : 175.8359242086953,
    "sentKBytesPerSec" : 1.8536955235930936
  },
  "2.4 Patient attending session" : {
    "transaction" : "2.4 Patient attending session",
    "sampleCount" : 688,
    "errorCount" : 21,
    "errorPct" : 3.0523255,
    "meanResTime" : 1818.1860465116274,
    "medianResTime" : 1560.0,
    "minResTime" : 268.0,
    "maxResTime" : 13732.0,
    "pct1ResTime" : 2675.2000000000003,
    "pct2ResTime" : 3210.55,
    "pct3ResTime" : 5478.0,
    "throughput" : 0.39315453944917217,
    "receivedKBytesPerSec" : 160.4555105664211,
    "sentKBytesPerSec" : 1.7133689918929018
  },
  "Total" : {
    "transaction" : "Total",
    "sampleCount" : 9037,
    "errorCount" : 21,
    "errorPct" : 0.232378,
    "meanResTime" : 996.8270443731275,
    "medianResTime" : 743.0,
    "minResTime" : 254.0,
    "maxResTime" : 14399.0,
    "pct1ResTime" : 1855.0,
    "pct2ResTime" : 2330.1000000000004,
    "pct3ResTime" : 3933.480000000003,
    "throughput" : 5.0197077826855905,
    "receivedKBytesPerSec" : 2050.560472942174,
    "sentKBytesPerSec" : 20.836787972684057
  },
  "1.4 Open Sessions list" : {
    "transaction" : "1.4 Open Sessions list",
    "sampleCount" : 783,
    "errorCount" : 0,
    "errorPct" : 0.0,
    "meanResTime" : 1256.772669220946,
    "medianResTime" : 1121.0,
    "minResTime" : 693.0,
    "maxResTime" : 5206.0,
    "pct1ResTime" : 1808.0,
    "pct2ResTime" : 2000.0,
    "pct3ResTime" : 2763.0399999999945,
    "throughput" : 0.43873755649516494,
    "receivedKBytesPerSec" : 201.7532939724436,
    "sentKBytesPerSec" : 1.5579732645001922
  },
  "4.2 Vaccination batch" : {
    "transaction" : "4.2 Vaccination batch",
    "sampleCount" : 734,
    "errorCount" : 0,
    "errorPct" : 0.0,
    "meanResTime" : 789.4795640326976,
    "medianResTime" : 698.5,
    "minResTime" : 388.0,
    "maxResTime" : 6503.0,
    "pct1ResTime" : 1074.0,
    "pct2ResTime" : 1342.25,
    "pct3ResTime" : 3038.0499999999993,
    "throughput" : 0.4280737033274274,
    "receivedKBytesPerSec" : 170.1035706491834,
    "sentKBytesPerSec" : 1.9154398245889268
  },
  "1.1 Homepage" : {
    "transaction" : "1.1 Homepage",
    "sampleCount" : 786,
    "errorCount" : 0,
    "errorPct" : 0.0,
    "meanResTime" : 707.0419847328247,
    "medianResTime" : 612.0,
    "minResTime" : 367.0,
    "maxResTime" : 3983.0,
    "pct1ResTime" : 1018.2000000000003,
    "pct2ResTime" : 1301.6,
    "pct3ResTime" : 2000.3799999999999,
    "throughput" : 0.43746893608779214,
    "receivedKBytesPerSec" : 175.59975939730305,
    "sentKBytesPerSec" : 1.8401595874573313
  },
  "1.3 Sign-in" : {
    "transaction" : "1.3 Sign-in",
    "sampleCount" : 783,
    "errorCount" : 0,
    "errorPct" : 0.0,
    "meanResTime" : 935.9412515964236,
    "medianResTime" : 819.0,
    "minResTime" : 371.0,
    "maxResTime" : 9374.0,
    "pct1ResTime" : 1415.2,
    "pct2ResTime" : 1726.1999999999991,
    "pct3ResTime" : 2383.8799999999906,