{
  "4.3 Vaccination confirm" : {
    "transaction" : "4.3 Vaccination confirm",
    "sampleCount" : 1529,
    "errorCount" : 0,
    "errorPct" : 0.0,
    "meanResTime" : 1365.2799215173318,
    "medianResTime" : 1310.0,
    "minResTime" : 970.0,
    "maxResTime" : 2670.0,
    "pct1ResTime" : 1709.0,
    "pct2ResTime" : 1890.5,
    "pct3ResTime" : 2306.9000000000005,
    "throughput" : 0.4404719070244178,
    "receivedKBytesPerSec" : 172.3683320468231,
    "sentKBytesPerSec" : 2.284789349495877
  },
  "4.1 Vaccination questions" : {
    "transaction" : "4.1 Vaccination questions",
    "sampleCount" : 1545,
    "errorCount" : 0,
    "errorPct" : 0.0,
    "meanResTime" : 1212.6511326860814,
    "medianResTime" : 1186.0,
    "minResTime" : 503.0,
    "maxResTime" : 2395.0,
    "pct1ResTime" : 1338.4,
    "pct2ResTime" : 1451.5999999999985,
    "pct3ResTime" : 1827.0199999999995,
    "throughput" : 0.4398408715510924,
    "receivedKBytesPerSec" : 168.3024046978528,
    "sentKBytesPerSec" : 2.1865830643400366
  },
  "Get Next Patient from STS" : {
    "transaction" : "Get Next Patient from STS",
    "sampleCount" : 1591,
    "errorCount" : 0,
    "errorPct" : 0.0,
    "meanResTime" : 0.6543054682589562,
    "medianResTime" : 1.0,
    "minResTime" : 0.0,
    "maxResTime" : 10.0,
    "pct1ResTime" : 1.0,
    "pct2ResTime" : 1.0,
    "pct3ResTime" : 1.0,
    "throughput" : 0.44424985438321873,
    "receivedKBytesPerSec" : 0.18658077225339945,
    "sentKBytesPerSec" : 0.2836306310623631
  },
  "2.0 Register attendance" : {
    "transaction" : "2.0 Register attendance",
    "sampleCount" : 1566,
    "errorCount" : 14,
    "errorPct" : 0.89399743,
    "meanResTime" : 2663.2911877394627,
    "medianResTime" : 2688.0,
    "minResTime" : 1514.0,
    "maxResTime" : 4890.0,
    "pct1ResTime" : 3364.6,
    "pct2ResTime" : 3624.0,
    "pct3ResTime" : 4053.189999999997,
    "throughput" : 0.43879226212541894,
    "receivedKBytesPerSec" : 794.2231343106758,
    "sentKBytesPerSec" : 7.690420623432459
  },
  "1.0 Login" : {
    "transaction" : "1.0 Login",
    "sampleCount" : 1594,
    "errorCount" : 0,
    "errorPct" : 0.0,
    "meanResTime" : 3076.7710163111633,
    "medianResTime" : 3092.0,
    "minResTime" : 1738.0,
    "maxResTime" : 4822.0,
    "pct1ResTime" : 3526.5,
    "pct2ResTime" : 3742.0,
    "pct3ResTime" : 4082.25,
    "throughput" : 0.44388007997638584,
    "receivedKBytesPerSec" : 717.0957250544582,
    "sentKBytesPerSec" : 7.376898399253981
  },
  "4.0 Vaccination for menacwy" : {
    "transaction" : "4.0 Vaccination for menacwy",
    "sampleCount" : 392,
    "errorCount" : 0,
    "errorPct" : 0.0,
    "meanResTime" : 3353.1913265306125,
    "medianResTime" : 3289.0,
    "minResTime" : 1799.0,
    "maxResTime" : 4599.0,
    "pct1ResTime" : 3848.7,
    "pct2ResTime" : 3938.35,
    "pct3ResTime" : 4276.549999999999,
    "throughput" : 0.11245141209713277,
    "receivedKBytesPerSec" : 130.129371174375,
    "sentKBytesPerSec" : 1.6424873868672816
  },
  "2.5 Select patient" : {
    "transaction" : "2.5 Select patient",
    "sampleCount" : 1562,
    "errorCount" : 0,
    "errorPct" : 0.0,
    "meanResTime" : 407.60179257362364,
    "medianResTime" : 369.5,
    "minResTime" : 300.0,
    "maxResTime" : 1600.0,
    "pct1ResTime" : 532.0,
    "pct2ResTime" : 616.5499999999997,
    "pct3ResTime" : 861.2199999999993,
    "throughput" : 0.4390224022282776,
    "receivedKBytesPerSec" : 173.0513500703012,
    "sentKBytesPerSec" : 1.5604963191119492
  },
  "2.3 Search by first/last name" : {
    "transaction" : "2.3 Search by first/last name",
    "sampleCount" : 1568,
    "errorCount" : 0,
    "errorPct" : 0.0,
    "meanResTime" : 427.02678571428595,
    "medianResTime" : 410.0,
    "minResTime" : 300.0,
    "maxResTime" : 1165.0,
    "pct1ResTime" : 558.3000000000004,
    "pct2ResTime" : 623.0,
    "pct3ResTime" : 824.2699999999991,
    "throughput" : 0.4392070743710908,
    "receivedKBytesPerSec" : 173.22992873520337,
    "sentKBytesPerSec" : 1.624105934897635
  },
  "4.0 Vaccination for flu" : {
    "transaction" : "4.0 Vaccination for flu",
    "sampleCount" : 366,
    "errorCount" : 0,
    "errorPct" : 0.0,
    "meanResTime" : 3355.5601092896204,
    "medianResTime" : 3288.0,
    "minResTime" : 2785.0,
    "maxResTime" : 4628.0,
    "pct1ResTime" : 3733.4,
    "pct2ResTime" : 4009.95,
    "pct3ResTime" : 4358.089999999999,
    "throughput" : 0.11037334537991049,
    "receivedKBytesPerSec" : 127.88908380661685,
    "sentKBytesPerSec" : 1.6129721042678296
  },
  "4.0 Vaccination for hpv" : {
    "transaction" : "4.0 Vaccination for hpv",
    "sampleCount" : 394,
    "errorCount" : 0,
    "errorPct" : 0.0,
    "meanResTime" : 3324.865482233502,
    "medianResTime" : 3268.5,
    "minResTime" : 1785.0,
    "maxResTime" : 5128.0,
    "pct1ResTime" : 3705.0,
    "pct2ResTime" : 3973.75,
    "pct3ResTime" : 4399.0,
    "throughput" : 0.1125878985725912,
    "receivedKBytesPerSec" : 129.3276936266284,
    "sentKBytesPerSec" : 1.636160105778331
  },
  "1.2 Sign-in page" : {
    "transaction" : "1.2 Sign-in page",
    "sampleCount" : 1596,
    "errorCount" : 0,
    "errorPct" : 0.0,
    "meanResTime" : 649.4235588972433,
    "medianResTime" : 542.0,
    "minResTime" : 204.0,
    "maxResTime" : 2184.0,
    "pct1ResTime" : 1191.0,
    "pct2ResTime" : 1243.4499999999996,
    "pct3ResTime" : 1428.2099999999998,
    "throughput" : 0.44448714788805943,
    "receivedKBytesPerSec" : 173.26233719022017,
    "sentKBytesPerSec" : 1.899013996488802
  },
  "Debug Sampler" : {
    "transaction" : "Debug Sampler",
    "sampleCount" : 1566,
    "errorCount" : 0,
    "errorPct" : 0.0,
    "meanResTime" : 0.45146871008940026,
    "medianResTime" : 0.0,
    "minResTime" : 0.0,
    "maxResTime" : 7.0,
    "pct1ResTime" : 1.0,
    "pct2ResTime" : 1.0,
    "pct3ResTime" : 1.0,
    "throughput" : 0.4386961368126849,
    "receivedKBytesPerSec" : 2.803190958934148,
    "sentKBytesPerSec" : 0.0
  },
  "2.4 Patient attending session" : {
    "transaction" : "2.4 Patient attending session",
    "sampleCount" : 902,
    "errorCount" : 14,
    "errorPct" : 1.5521064,
    "meanResTime" : 923.3370288248346,
    "medianResTime" : 864.0,
    "minResTime" : 355.0,
    "maxResTime" : 2590.0,
    "pct1ResTime" : 1173.1000000000001,
    "pct2ResTime" : 1360.499999999999,
    "pct3ResTime" : 1630.97,
    "throughput" : 0.25626820086653884,
    "receivedKBytesPerSec" : 101.22462921283471,
    "sentKBytesPerSec" : 1.1195735892108813
  },
  "Total" : {
    "transaction" : "Total",
    "sampleCount" : 21330,
    "errorCount" : 14,
    "errorPct" : 0.06563526,
    "meanResTime" : 668.164697609001,
    "medianResTime" : 620.0,
    "minResTime" : 0.0,
    "maxResTime" : 2670.0,
    "pct1ResTime" : 1266.0,
    "pct2ResTime" : 1386.0,
    "pct3ResTime" : 1733.9600000000064,
    "throughput" : 5.9240027928632015,
    "receivedKBytesPerSec" : 2000.2757584309245,
    "sentKBytesPerSec" : 21.26278659541963
  },
  "1.4 Open Sessions list" : {
    "transaction" : "1.4 Open Sessions list",
    "sampleCount" : 1591,
    "errorCount" : 0,
    "errorPct" : 0.0,
    "meanResTime" : 950.6932746700185,
    "medianResTime" : 811.0,
    "minResTime" : 458.0,
    "maxResTime" : 2090.0,
    "pct1ResTime" : 1421.0,
    "pct2ResTime" : 1504.1999999999996,
    "pct3ResTime" : 1786.2399999999998,
    "throughput" : 0.4441626668297031,
    "receivedKBytesPerSec" : 198.4535277994078,
    "sentKBytesPerSec" : 1.5782817790745782
  },
  "4.2 Vaccination batch" : {
    "transaction" : "4.2 Vaccination batch",
    "sampleCount" : 1545,
    "errorCount" : 0,
    "errorPct" : 0.0,
    "meanResTime" : 779.0478964401292,
    "medianResTime" : 775.0,
    "minResTime" : 490.0,
    "maxResTime" : 1872.0,
    "pct1ResTime" : 933.4000000000001,
    "pct2ResTime" : 1072.499999999999,
    "pct3ResTime" : 1283.0,
    "throughput" : 0.43968202878679347,
    "receivedKBytesPerSec" : 169.39328942507095,
    "sentKBytesPerSec" : 1.9685211523518151
  },