{
  "4.3 Vaccination confirm" : {
    "transaction" : "4.3 Vaccination confirm",
    "sampleCount" : 1509,
    "errorCount" : 0,
    "errorPct" : 0.0,
    "meanResTime" : 1892.2876076872103,
    "medianResTime" : 1797.0,
    "minResTime" : 1288.0,
    "maxResTime" : 4901.0,
    "pct1ResTime" : 2412.0,
    "pct2ResTime" : 2726.0,
    "pct3ResTime" : 3662.0000000000036,
    "throughput" : 0.43650324166572413,
    "receivedKBytesPerSec" : 170.82881747928997,
    "sentKBytesPerSec" : 2.2642277973088953
  },
  "4.1 Vaccination questions" : {
    "transaction" : "4.1 Vaccination questions",
    "sampleCount" : 1538,
    "errorCount" : 0,
    "errorPct" : 0.0,
    "meanResTime" : 1837.157347204158,
    "medianResTime" : 1778.0,
    "minResTime" : 1014.0,
    "maxResTime" : 3462.0,
    "pct1ResTime" : 2019.0,
    "pct2ResTime" : 2214.2999999999997,
    "pct3ResTime" : 2575.5399999999986,
    "throughput" : 0.43857647998174976,
    "receivedKBytesPerSec" : 167.81389210560553,
    "sentKBytesPerSec" : 2.180088896483261
  },
  "Get Next Patient from STS" : {
    "transaction" : "Get Next Patient from STS",
    "sampleCount" : 1564,
    "errorCount" : 0,
    "errorPct" : 0.0,
    "meanResTime" : 0.5287723785166245,
    "medianResTime" : 1.0,
    "minResTime" : 0.0,
    "maxResTime" : 2.0,
    "pct1ResTime" : 1.0,
    "pct2ResTime" : 1.0,
    "pct3ResTime" : 1.0,
    "throughput" : 0.43671463267664185,
    "receivedKBytesPerSec" : 0.18380050839279521,
    "sentKBytesPerSec" : 0.2788063705502716
  },
  "2.0 Register attendance" : {
    "transaction" : "2.0 Register attendance",
    "sampleCount" : 1559,
    "errorCount" : 18,
    "errorPct" : 1.1545863,
    "meanResTime" : 3657.146889031434,
    "medianResTime" : 3622.0,
    "minResTime" : 2153.0,
    "maxResTime" : 7890.0,
    "pct1ResTime" : 4626.0,
    "pct2ResTime" : 4970.0,
    "pct3ResTime" : 5652.800000000004,
    "throughput" : 0.436616160343154,
    "receivedKBytesPerSec" : 779.5114531180598,
    "sentKBytesPerSec" : 7.53604219887138
  },
  "1.0 Login" : {
    "transaction" : "1.0 Login",
    "sampleCount" : 1569,
    "errorCount" : 0,
    "errorPct" : 0.0,
    "meanResTime" : 4721.450605481206,
    "medianResTime" : 4673.0,
    "minResTime" : 2685.0,
    "maxResTime" : 7752.0,
    "pct1ResTime" : 5319.0,
    "pct2ResTime" : 5602.0,
    "pct3ResTime" : 6245.5999999999985,
    "throughput" : 0.4366282393001036,
    "receivedKBytesPerSec" : 705.3027483490082,
    "sentKBytesPerSec" : 7.253901388719213
  },
  "4.0 Vaccination for menacwy" : {
    "transaction" : "4.0 Vaccination for menacwy",
    "sampleCount" : 381,
    "errorCount" : 0,
    "errorPct" : 0.0,
    "meanResTime" : 4808.574803149606,
    "medianResTime" : 4711.0,
    "minResTime" : 2440.0,
    "maxResTime" : 8350.0,
    "pct1ResTime" : 5412.2,
    "pct2ResTime" : 5641.3,
    "pct3ResTime" : 6528.400000000001,
    "throughput" : 0.10910053055502103,
    "receivedKBytesPerSec" : 126.13906956128844,
    "sentKBytesPerSec" : 1.591905107522725
  },
  "2.5 Select patient" : {
    "transaction" : "2.5 Select patient",
    "sampleCount" : 1552,
    "errorCount" : 0,
    "errorPct" : 0.0,
    "meanResTime" : 577.9452319587631,
    "medianResTime" : 513.0,
    "minResTime" : 443.0,
    "maxResTime" : 1980.0,
    "pct1ResTime" : 767.4000000000001,
    "pct2ResTime" : 899.0499999999997,
    "pct3ResTime" : 1165.2300000000002,
    "throughput" : 0.4374509911139949,
    "receivedKBytesPerSec" : 172.41542916220033,
    "sentKBytesPerSec" : 1.5548889900286824
  },
  "2.3 Search by first/last name" : {
    "transaction" : "2.3 Search by first/last name",
    "sampleCount" : 1560,
    "errorCount" : 0,
    "errorPct" : 0.0,
    "meanResTime" : 602.7987179487193,
    "medianResTime" : 592.0,
    "minResTime" : 437.0,
    "maxResTime" : 1891.0,
    "pct1ResTime" : 793.9000000000001,
    "pct2ResTime" : 906.9499999999998,
    "pct3ResTime" : 1198.849999999998,
    "throughput" : 0.4366350218233543,
    "receivedKBytesPerSec" : 172.31175091553408,
    "sentKBytesPerSec" : 1.6145054440130342
  },
  "4.0 Vaccination for flu" : {
    "transaction" : "4.0 Vaccination for flu",
    "sampleCount" : 390,
    "errorCount" : 0,
    "errorPct" : 0.0,
    "meanResTime" : 4844.192307692307,
    "medianResTime" : 4745.5,
    "minResTime" : 2621.0,
    "maxResTime" : 7319.0,
    "pct1ResTime" : 5539.200000000001,
    "pct2ResTime" : 5864.35,
    "pct3ResTime" : 6534.919999999998,
    "throughput" : 0.11138637190595792,
    "receivedKBytesPerSec" : 128.39128494194057,
    "sentKBytesPerSec" : 1.6189474760776346
  },
  "4.0 Vaccination for hpv" : {
    "transaction" : "4.0 Vaccination for hpv",
    "sampleCount" : 377,
    "errorCount" : 0,
    "errorPct" : 0.0,
    "meanResTime" : 4851.872679045092,
    "medianResTime" : 4745.0,
    "minResTime" : 2806.0,
    "maxResTime" : 7528.0,
    "pct1ResTime" : 5497.0,
    "pct2ResTime" : 5795.299999999999,
    "pct3ResTime" : 6619.639999999992,
    "throughput" : 0.10829617654172677,
    "receivedKBytesPerSec" : 124.91691854684053,
    "sentKBytesPerSec" : 1.580702604300421
  },
  "1.2 Sign-in page" : {
    "transaction" : "1.2 Sign-in page",
    "sampleCount" : 1572,
    "errorCount" : 0,
    "errorPct" : 0.0,
    "meanResTime" : 1099.4860050890607,
    "medianResTime" : 876.5,
    "minResTime" : 305.0,
    "maxResTime" : 2644.0,
    "pct1ResTime" : 1857.0,
    "pct2ResTime" : 1930.0499999999997,
    "pct3ResTime" : 2287.81,
    "throughput" : 0.43779081619580945,
    "receivedKBytesPerSec" : 170.70786378490004,
    "sentKBytesPerSec" : 1.8701558773417075
  },
  "2.4 Patient attending session" : {
    "transaction" : "2.4 Patient attending session",
    "sampleCount" : 805,
    "errorCount" : 18,
    "errorPct" : 2.2360249,
    "meanResTime" : 1269.2248447204963,
    "medianResTime" : 1178.0,
    "minResTime" : 452.0,
    "maxResTime" : 3565.0,
    "pct1ResTime" : 1682.4,
    "pct2ResTime" : 1886.3999999999999,
    "pct3ResTime" : 2682.039999999999,
    "throughput" : 0.22642118672266162,
    "receivedKBytesPerSec" : 89.43404691649151,
    "sentKBytesPerSec" : 0.9880692405306019
  },
  "Debug Sampler" : {
    "transaction" : "Debug Sampler",
    "sampleCount" : 1559,
    "errorCount" : 0,
    "errorPct" : 0.0,
    "meanResTime" : 0.48428479794740253,
    "medianResTime" : 0.0,
    "minResTime" : 0.0,
    "maxResTime" : 8.0,
    "pct1ResTime" : 1.0,
    "pct2ResTime" : 1.0,
    "pct3ResTime" : 1.0,
    "throughput" : 0.43826247902510634,
    "receivedKBytesPerSec" : 2.814571453036198,
    "sentKBytesPerSec" : 0.0
  },
  "Total" : {
    "transaction" : "Total",
    "sampleCount" : 21028,
    "errorCount" : 18,
    "errorPct" : 0.08560015,
    "meanResTime" : 977.186227886624,
    "medianResTime" : 928.5,
    "minResTime" : 0.0,
    "maxResTime" : 4901.0,
    "pct1ResTime" : 1838.0,
    "pct2ResTime" : 2014.0,
    "pct3ResTime" : 2499.0,
    "throughput" : 5.838605376303781,
    "receivedKBytesPerSec" : 1970.066557102143,
    "sentKBytesPerSec" : 20.933923843794815
  },
  "1.4 Open Sessions list" : {
    "transaction" : "1.4 Open Sessions list",
    "sampleCount" : 1564,
    "errorCount" : 0,
    "errorPct" : 0.0,
    "meanResTime" : 1365.770460358057,
    "medianResTime" : 1180.5,
    "minResTime" : 656.0,
    "maxResTime" : 3241.0,
    "pct1ResTime" : 2095.0,
    "pct2ResTime" : 2213.0,
    "pct3ResTime" : 2584.149999999999,
    "throughput" : 0.43662429121835206,
    "receivedKBytesPerSec" : 195.17873321097244,
    "sentKBytesPerSec" : 1.5514778495178847
  },
  "4.2 Vaccination batch" : {
    "transaction" : "4.2 Vaccination batch",
    "sampleCount" : 1530,
    "errorCount" : 0,
    "errorPct" : 0.0,
    "meanResTime" : 1134.1071895424832,
    "medianResTime" : 1150.0,
    "minResTime" : 689.0,
    "maxResTime" : 2471.0,
    "pct1ResTime" : 1323.0,
    "pct2ResTime" : 1484.3500000000001,
    "pct3ResTime" : 1909.800000000001,
    "throughput" : 0.4376643028980242,
    "receivedKBytesPerSec" : 168.6147710830654,