{
  "4.3 Vaccination confirm" : {
    "transaction" : "4.3 Vaccination confirm",
    "sampleCount" : 1503,
    "errorCount" : 0,
    "errorPct" : 0.0,
    "meanResTime" : 1625.3632734530959,
    "medianResTime" : 1403.0,
    "minResTime" : 906.0,
    "maxResTime" : 13151.0,
    "pct1ResTime" : 2349.2000000000025,
    "pct2ResTime" : 2909.9999999999995,
    "pct3ResTime" : 4269.000000000002,
    "throughput" : 0.4336414601628334,
    "receivedKBytesPerSec" : 119.57380917155656,
    "sentKBytesPerSec" : 2.249400118494044
  },
  "4.1 Vaccination questions" : {
    "transaction" : "4.1 Vaccination questions",
    "sampleCount" : 1521,
    "errorCount" : 0,
    "errorPct" : 0.0,
    "meanResTime" : 1123.741617356999,
    "medianResTime" : 1051.0,
    "minResTime" : 466.0,
    "maxResTime" : 9705.0,
    "pct1ResTime" : 1331.8,
    "pct2ResTime" : 1523.8999999999985,
    "pct3ResTime" : 3047.0199999999995,
    "throughput" : 0.4327422887372631,
    "receivedKBytesPerSec" : 116.8034358841514,
    "sentKBytesPerSec" : 2.151332406500922
  },
  "Get Next Patient from STS" : {
    "transaction" : "Get Next Patient from STS",
    "sampleCount" : 1569,
    "errorCount" : 0,
    "errorPct" : 0.0,
    "meanResTime" : 0.61504142766093,
    "medianResTime" : 1.0,
    "minResTime" : 0.0,
    "maxResTime" : 6.0,
    "pct1ResTime" : 1.0,
    "pct2ResTime" : 1.0,
    "pct3ResTime" : 1.0,
    "throughput" : 0.4377539789158265,
    "receivedKBytesPerSec" : 0.18371784590306636,
    "sentKBytesPerSec" : 0.27948225050952724
  },
  "2.0 Register attendance" : {
    "transaction" : "2.0 Register attendance",
    "sampleCount" : 1538,
    "errorCount" : 16,
    "errorPct" : 1.040312,
    "meanResTime" : 2794.698309492847,
    "medianResTime" : 2629.5,
    "minResTime" : 1244.0,
    "maxResTime" : 13027.0,
    "pct1ResTime" : 3886.3,
    "pct2ResTime" : 4441.65,
    "pct3ResTime" : 7269.109999999995,
    "throughput" : 0.4306524889221787,
    "receivedKBytesPerSec" : 561.4477095226387,
    "sentKBytesPerSec" : 7.5568946968212085
  },
  "1.0 Login" : {
    "transaction" : "1.0 Login",
    "sampleCount" : 1569,
    "errorCount" : 0,
    "errorPct" : 0.0,
    "meanResTime" : 3242.3231357552577,
    "medianResTime" : 3046.0,
    "minResTime" : 1801.0,
    "maxResTime" : 15286.0,
    "pct1ResTime" : 3906.0,
    "pct2ResTime" : 4354.5,
    "pct3ResTime" : 8641.399999999996,
    "throughput" : 0.43730900828685243,
    "receivedKBytesPerSec" : 512.6903178898893,
    "sentKBytesPerSec" : 7.270205648114805
  },
  "4.0 Vaccination for menacwy" : {
    "transaction" : "4.0 Vaccination for menacwy",
    "sampleCount" : 384,
    "errorCount" : 0,
    "errorPct" : 0.0,
    "meanResTime" : 3453.5078125000023,
    "medianResTime" : 3174.5,
    "minResTime" : 1341.0,
    "maxResTime" : 13482.0,
    "pct1ResTime" : 4302.5,
    "pct2ResTime" : 5039.25,
    "pct3ResTime" : 8441.749999999944,
    "throughput" : 0.11051240631267586,
    "receivedKBytesPerSec" : 87.7949406641551,
    "sentKBytesPerSec" : 1.6125824544143519
  },
  "2.5 Select patient" : {
    "transaction" : "2.5 Select patient",
    "sampleCount" : 1535,
    "errorCount" : 0,
    "errorPct" : 0.0,
    "meanResTime" : 479.2527687296427,
    "medianResTime" : 397.0,
    "minResTime" : 279.0,
    "maxResTime" : 7510.0,
    "pct1ResTime" : 627.4000000000001,
    "pct2ResTime" : 840.1999999999998,
    "pct3ResTime" : 1951.5199999999945,
    "throughput" : 0.43107382314740056,
    "receivedKBytesPerSec" : 121.59575310668023,
    "sentKBytesPerSec" : 1.5322414061677256
  },
  "2.3 Search by first/last name" : {
    "transaction" : "2.3 Search by first/last name",
    "sampleCount" : 1546,
    "errorCount" : 0,
    "errorPct" : 0.0,
    "meanResTime" : 460.43984476067266,
    "medianResTime" : 390.0,
    "minResTime" : 273.0,
    "maxResTime" : 7480.0,
    "pct1ResTime" : 611.6999999999996,
    "pct2ResTime" : 765.6499999999999,
    "pct3ResTime" : 1285.7099999999998,
    "throughput" : 0.43308172946958695,
    "receivedKBytesPerSec" : 123.23222563319995,
    "sentKBytesPerSec" : 1.601423638443287
  },
  "4.0 Vaccination for flu" : {
    "transaction" : "4.0 Vaccination for flu",
    "sampleCount" : 351,
    "errorCount" : 0,
    "errorPct" : 0.0,
    "meanResTime" : 3486.883190883191,
    "medianResTime" : 3231.0,
    "minResTime" : 2524.0,
    "maxResTime" : 11729.0,
    "pct1ResTime" : 4398.6,
    "pct2ResTime" : 4848.999999999998,
    "pct3ResTime" : 9280.920000000004,
    "throughput" : 0.11128961839075212,
    "receivedKBytesPerSec" : 99.24270359916491,
    "sentKBytesPerSec" : 1.6263399341393745
  },
  "4.0 Vaccination for hpv" : {
    "transaction" : "4.0 Vaccination for hpv",
    "sampleCount" : 396,
    "errorCount" : 0,
    "errorPct" : 0.0,
    "meanResTime" : 3474.479797979797,
    "medianResTime" : 3151.0,
    "minResTime" : 1308.0,
    "maxResTime" : 12889.0,
    "pct1ResTime" : 4403.6,
    "pct2ResTime" : 5258.049999999996,
    "pct3ResTime" : 11191.789999999992,
    "throughput" : 0.11345901880296724,
    "receivedKBytesPerSec" : 89.59852033305236,
    "sentKBytesPerSec" : 1.6518356589447682
  },
  "1.2 Sign-in page" : {
    "transaction" : "1.2 Sign-in page",
    "sampleCount" : 1569,
    "errorCount" : 0,
    "errorPct" : 0.0,
    "meanResTime" : 702.6469088591456,
    "medianResTime" : 546.0,
    "minResTime" : 181.0,
    "maxResTime" : 9238.0,
    "pct1ResTime" : 1094.0,
    "pct2ResTime" : 1237.5,
    "pct3ResTime" : 2121.4999999999964,
    "throughput" : 0.4375172887647568,
    "receivedKBytesPerSec" : 122.03987171483843,
    "sentKBytesPerSec" : 1.8689710770293944
  },
  "Debug Sampler" : {
    "transaction" : "Debug Sampler",
    "sampleCount" : 1538,
    "errorCount" : 0,
    "errorPct" : 0.0,
    "meanResTime" : 0.566970091027308,
    "medianResTime" : 1.0,
    "minResTime" : 0.0,
    "maxResTime" : 9.0,
    "pct1ResTime" : 1.0,
    "pct2ResTime" : 1.0,
    "pct3ResTime" : 1.0,
    "throughput" : 0.43106130207419524,
    "receivedKBytesPerSec" : 2.7123547751880777,
    "sentKBytesPerSec" : 0.0
  },
  "2.4 Patient attending session" : {
    "transaction" : "2.4 Patient attending session",
    "sampleCount" : 892,
    "errorCount" : 16,
    "errorPct" : 1.7937219,
    "meanResTime" : 1117.7298206278033,
    "medianResTime" : 970.0,
    "minResTime" : 457.0,
    "maxResTime" : 7100.0,
    "pct1ResTime" : 1590.1000000000006,
    "pct2ResTime" : 1936.499999999999,
    "pct3ResTime" : 3123.839999999993,
    "throughput" : 0.26299937817747915,
    "receivedKBytesPerSec" : 70.31088383777052,
    "sentKBytesPerSec" : 1.148524982950741
  },
  "Total" : {
    "transaction" : "Total",
    "sampleCount" : 20998,
    "errorCount" : 16,
    "errorPct" : 0.076197736,
    "meanResTime" : 699.148871321074,
    "medianResTime" : 596.0,
    "minResTime" : 0.0,
    "maxResTime" : 13151.0,
    "pct1ResTime" : 1290.0,
    "pct2ResTime" : 1567.0,
    "pct3ResTime" : 2703.0,
    "throughput" : 5.83183658415128,
    "receivedKBytesPerSec" : 1411.8846223185924,
    "sentKBytesPerSec" : 20.93079409441143
  },
  "1.4 Open Sessions list" : {
    "transaction" : "1.4 Open Sessions list",
    "sampleCount" : 1569,
    "errorCount" : 0,
    "errorPct" : 0.0,
    "meanResTime" : 1043.835564053539,
    "medianResTime" : 936.0,
    "minResTime" : 496.0,
    "maxResTime" : 9277.0,
    "pct1ResTime" : 1463.0,
    "pct2ResTime" : 1636.0,
    "pct3ResTime" : 2236.9999999999995,
    "throughput" : 0.43766068827931287,
    "receivedKBytesPerSec" : 146.57698307284875,
    "sentKBytesPerSec" : 1.5551637593484071
  },
  "4.2 Vaccination batch" : {
    "transaction" : "4.2 Vaccination batch",
    "sampleCount" : 1517,
    "errorCount" : 0,
    "errorPct" : 0.0,
    "meanResTime" : 742.8622280817426,
    "medianResTime" : 690.0,
    "minResTime" : 439.0,
    "maxResTime" : 9040.0,
    "pct1ResTime" : 955.0,
    "pct2ResTime" : 1135.3999999999996,
    "pct3ResTime" : 1981.4199999999948,
    "throughput" : 0.4322629435254306,