{
  "4.3 Vaccination confirm" : {
    "transaction" : "4.3 Vaccination confirm",
    "sampleCount" : 1533,
    "errorCount" : 0,
    "errorPct" : 0.0,
    "meanResTime" : 1448.4494455316353,
    "medianResTime" : 1339.0,
    "minResTime" : 994.0,
    "maxResTime" : 4704.0,
    "pct1ResTime" : 1915.8000000000004,
    "pct2ResTime" : 2207.3,
    "pct3ResTime" : 2940.180000000002,
    "throughput" : 0.44344923084844595,
    "receivedKBytesPerSec" : 173.5328712798934,
    "sentKBytesPerSec" : 2.3001957075893458
  },
  "4.1 Vaccination questions" : {
    "transaction" : "4.1 Vaccination questions",
    "sampleCount" : 1559,
    "errorCount" : 0,
    "errorPct" : 0.0,
    "meanResTime" : 1251.119948685054,
    "medianResTime" : 1202.0,
    "minResTime" : 507.0,
    "maxResTime" : 3720.0,
    "pct1ResTime" : 1387.0,
    "pct2ResTime" : 1584.0,
    "pct3ResTime" : 2113.600000000001,
    "throughput" : 0.4451406290331055,
    "receivedKBytesPerSec" : 170.3276789090928,
    "sentKBytesPerSec" : 2.2127614607829393
  },
  "Get Next Patient from STS" : {
    "transaction" : "Get Next Patient from STS",
    "sampleCount" : 1597,
    "errorCount" : 0,
    "errorPct" : 0.0,
    "meanResTime" : 0.6462116468378202,
    "medianResTime" : 1.0,
    "minResTime" : 0.0,
    "maxResTime" : 11.0,
    "pct1ResTime" : 1.0,
    "pct2ResTime" : 1.0,
    "pct3ResTime" : 1.0,
    "throughput" : 0.44544411363873454,
    "receivedKBytesPerSec" : 0.18765642929683424,
    "sentKBytesPerSec" : 0.28438339958163955
  },
  "2.0 Register attendance" : {
    "transaction" : "2.0 Register attendance",
    "sampleCount" : 1586,
    "errorCount" : 1,
    "errorPct" : 0.0630517,
    "meanResTime" : 2975.284993694832,
    "medianResTime" : 2937.0,
    "minResTime" : 1543.0,
    "maxResTime" : 11642.0,
    "pct1ResTime" : 3765.8999999999996,
    "pct2ResTime" : 4074.199999999999,
    "pct3ResTime" : 4851.679999999996,
    "throughput" : 0.44420021834709345,
    "receivedKBytesPerSec" : 815.1356905107798,
    "sentKBytesPerSec" : 7.898717669887678
  },
  "1.0 Login" : {
    "transaction" : "1.0 Login",
    "sampleCount" : 1597,
    "errorCount" : 0,
    "errorPct" : 0.0,
    "meanResTime" : 3248.2855353788377,
    "medianResTime" : 3219.0,
    "minResTime" : 2044.0,
    "maxResTime" : 11448.0,
    "pct1ResTime" : 3733.4,
    "pct2ResTime" : 3974.0,
    "pct3ResTime" : 4855.159999999998,
    "throughput" : 0.44516920332274074,
    "receivedKBytesPerSec" : 719.6215671952529,
    "sentKBytesPerSec" : 7.401322924506606
  },
  "4.0 Vaccination for menacwy" : {
    "transaction" : "4.0 Vaccination for menacwy",
    "sampleCount" : 388,
    "errorCount" : 0,
    "errorPct" : 0.0,
    "meanResTime" : 3518.822164948454,
    "medianResTime" : 3382.0,
    "minResTime" : 1777.0,
    "maxResTime" : 10062.0,
    "pct1ResTime" : 4105.900000000001,
    "pct2ResTime" : 4487.699999999999,
    "pct3ResTime" : 5171.160000000001,
    "throughput" : 0.11112514495673709,
    "receivedKBytesPerSec" : 128.47900392373077,
    "sentKBytesPerSec" : 1.6215457496923293
  },
  "2.5 Select patient" : {
    "transaction" : "2.5 Select patient",
    "sampleCount" : 1580,
    "errorCount" : 0,
    "errorPct" : 0.0,
    "meanResTime" : 461.34620253164627,
    "medianResTime" : 437.0,
    "minResTime" : 319.0,
    "maxResTime" : 7783.0,
    "pct1ResTime" : 566.0,
    "pct2ResTime" : 699.0,
    "pct3ResTime" : 1141.0900000000006,
    "throughput" : 0.4456617089152086,
    "receivedKBytesPerSec" : 175.67903031204781,
    "sentKBytesPerSec" : 1.5840776490604436
  },
  "2.3 Search by first/last name" : {
    "transaction" : "2.3 Search by first/last name",
    "sampleCount" : 1588,
    "errorCount" : 0,
    "errorPct" : 0.0,
    "meanResTime" : 471.5774559193953,
    "medianResTime" : 438.0,
    "minResTime" : 320.0,
    "maxResTime" : 8048.0,
    "pct1ResTime" : 610.1000000000001,
    "pct2ResTime" : 652.55,
    "pct3ResTime" : 982.0899999999981,
    "throughput" : 0.4447368281022144,
    "receivedKBytesPerSec" : 175.793043739608,
    "sentKBytesPerSec" : 1.644555787060959
  },
  "4.0 Vaccination for flu" : {
    "transaction" : "4.0 Vaccination for flu",
    "sampleCount" : 390,
    "errorCount" : 0,
    "errorPct" : 0.0,
    "meanResTime" : 3501.2230769230787,
    "medianResTime" : 3370.5,
    "minResTime" : 1799.0,
    "maxResTime" : 6358.0,
    "pct1ResTime" : 4085.4,
    "pct2ResTime" : 4405.049999999999,
    "pct3ResTime" : 5219.349999999997,
    "throughput" : 0.11197632763010142,
    "receivedKBytesPerSec" : 129.29896064882675,
    "sentKBytesPerSec" : 1.63044049280064
  },
  "4.0 Vaccination for hpv" : {
    "transaction" : "4.0 Vaccination for hpv",
    "sampleCount" : 388,
    "errorCount" : 0,
    "errorPct" : 0.0,
    "meanResTime" : 3479.092783505156,
    "medianResTime" : 3352.0,
    "minResTime" : 1748.0,
    "maxResTime" : 10168.0,
    "pct1ResTime" : 4044.4000000000005,
    "pct2ResTime" : 4231.649999999999,
    "pct3ResTime" : 5555.1100000000015,
    "throughput" : 0.11156500688798902,
    "receivedKBytesPerSec" : 128.25158761111214,
    "sentKBytesPerSec" : 1.6225976053635165
  },
  "1.2 Sign-in page" : {
    "transaction" : "1.2 Sign-in page",
    "sampleCount" : 1598,
    "errorCount" : 0,
    "errorPct" : 0.0,
    "meanResTime" : 712.9687108886101,
    "medianResTime" : 576.0,
    "minResTime" : 199.0,
    "maxResTime" : 6900.0,
    "pct1ResTime" : 1209.0,
    "pct2ResTime" : 1249.1,
    "pct3ResTime" : 1488.4899999999996,
    "throughput" : 0.4446275882236571,
    "receivedKBytesPerSec" : 173.36709537863462,
    "sentKBytesPerSec" : 1.899624113353324
  },
  "2.4 Patient attending session" : {
    "transaction" : "2.4 Patient attending session",
    "sampleCount" : 1004,
    "errorCount" : 1,
    "errorPct" : 0.0996016,
    "meanResTime" : 1012.890438247011,
    "medianResTime" : 920.0,
    "minResTime" : 428.0,
    "maxResTime" : 7739.0,
    "pct1ResTime" : 1340.5,
    "pct2ResTime" : 1577.0,
    "pct3ResTime" : 2258.3000000000025,
    "throughput" : 0.2822737431157117,
    "receivedKBytesPerSec" : 111.84594818876339,
    "sentKBytesPerSec" : 1.2361243890629046
  },
  "Debug Sampler" : {
    "transaction" : "Debug Sampler",
    "sampleCount" : 1586,
    "errorCount" : 0,
    "errorPct" : 0.0,
    "meanResTime" : 0.5353089533417418,
    "medianResTime" : 1.0,
    "minResTime" : 0.0,
    "maxResTime" : 6.0,
    "pct1ResTime" : 1.0,
    "pct2ResTime" : 1.0,
    "pct3ResTime" : 1.0,
    "throughput" : 0.446050777228011,
    "receivedKBytesPerSec" : 2.91768140684373,
    "sentKBytesPerSec" : 0.0
  },
  "Total" : {
    "transaction" : "Total",
    "sampleCount" : 21582,
    "errorCount" : 1,
    "errorPct" : 0.004633491,
    "meanResTime" : 712.9653414882756,
    "medianResTime" : 648.0,
    "minResTime" : 0.0,
    "maxResTime" : 8048.0,
    "pct1ResTime" : 1305.0,
    "pct2ResTime" : 1464.0,
    "pct3ResTime" : 2018.9800000000032,
    "throughput" : 5.993053922212481,
    "receivedKBytesPerSec" : 2026.0374944826945,
    "sentKBytesPerSec" : 21.52278619239683
  },
  "1.4 Open Sessions list" : {
    "transaction" : "1.4 Open Sessions list",
    "sampleCount" : 1597,
    "errorCount" : 0,
    "errorPct" : 0.0,
    "meanResTime" : 980.0281778334371,
    "medianResTime" : 837.0,
    "minResTime" : 452.0,
    "maxResTime" : 2829.0,
    "pct1ResTime" : 1455.2,
    "pct2ResTime" : 1595.2999999999997,
    "pct3ResTime" : 2029.3199999999988,
    "throughput" : 0.4453669703918811,
    "receivedKBytesPerSec" : 199.00422803186285,
    "sentKBytesPerSec" : 1.582564945892933
  },
  "4.2 Vaccination batch" : {
    "transaction" : "4.2 Vaccination batch",
    "sampleCount" : 1555,
    "errorCount" : 0,
    "errorPct" : 0.0,
    "meanResTime" : 831.4051446945332,
    "medianResTime" : 798.0,
    "minResTime" : 508.0,
    "maxResTime" : 7894.0,
    "pct1ResTime" : 994.4000000000001,
    "pct2ResTime" : 1227.3999999999996,
    "pct3ResTime" : 1704.7600000000016,
    "throughput" : 0.44562692400499104,