{
  "1.2 Sign-in page" : {
    "transaction" : "1.2 Sign-in page",
    "sampleCount" : 70,
    "errorCount" : 0,
    "errorPct" : 0.0,
    "meanResTime" : 610.4999999999998,
    "medianResTime" : 606.0,
    "minResTime" : 307.0,
    "maxResTime" : 902.0,
    "pct1ResTime" : 758.0,
    "pct2ResTime" : 762.25,
    "pct3ResTime" : 902.0,
    "throughput" : 0.07883380032975051,
    "receivedKBytesPerSec" : 30.62077253745732,
    "sentKBytesPerSec" : 0.27661117635233756
  },
  "Get Next Patient from STS" : {
    "transaction" : "Get Next Patient from STS",
    "sampleCount" : 70,
    "errorCount" : 0,
    "errorPct" : 0.0,
    "meanResTime" : 1.0714285714285716,
    "medianResTime" : 1.0,
    "minResTime" : 0.0,
    "maxResTime" : 6.0,
    "pct1ResTime" : 1.0,
    "pct2ResTime" : 2.0,
    "pct3ResTime" : 6.0,
    "throughput" : 0.07885475854672934,
    "receivedKBytesPerSec" : 0.025720204447858983,
    "sentKBytesPerSec" : 0.05033921451366891
  },
  "1.0 Login" : {
    "transaction" : "1.0 Login",
    "sampleCount" : 70,
    "errorCount" : 0,
    "errorPct" : 0.0,
    "meanResTime" : 5438.642857142859,
    "medianResTime" : 5411.0,
    "minResTime" : 4841.0,
    "maxResTime" : 7364.0,
    "pct1ResTime" : 5827.1,
    "pct2ResTime" : 5894.55,
    "pct3ResTime" : 7364.0,
    "throughput" : 0.0784216192720009,
    "receivedKBytesPerSec" : 127.95467454467848,
    "sentKBytesPerSec" : 1.2029753862544827
  },
  "Total" : {
    "transaction" : "Total",
    "sampleCount" : 350,
    "errorCount" : 0,
    "errorPct" : 0.0,
    "meanResTime" : 1087.9428571428564,
    "medianResTime" : 1297.5,
    "minResTime" : 0.0,
    "maxResTime" : 2685.0,
    "pct1ResTime" : 2140.8,
    "pct2ResTime" : 2298.9,
    "pct3ResTime" : 2550.3500000000004,
    "throughput" : 0.38610464539046213,
    "receivedKBytesPerSec" : 126.0207857022692,
    "sentKBytesPerSec" : 1.2338531985322507
  },
  "1.4 Open Sessions list" : {
    "transaction" : "1.4 Open Sessions list",
    "sampleCount" : 70,
    "errorCount" : 0,
    "errorPct" : 0.0,
    "meanResTime" : 2114.9428571428575,
    "medianResTime" : 2138.5,
    "minResTime" : 1722.0,
    "maxResTime" : 2685.0,
    "pct1ResTime" : 2452.9,
    "pct2ResTime" : 2530.35,
    "pct3ResTime" : 2685.0,
    "throughput" : 0.07867979795027887,
    "receivedKBytesPerSec" : 36.06638910026279,
    "sentKBytesPerSec" : 0.2756866357867193
  },
  "1.1 Homepage" : {
    "transaction" : "1.1 Homepage",
    "sampleCount" : 70,
    "errorCount" : 0,
    "errorPct" : 0.0,
    "meanResTime" : 1358.6571428571426,
    "medianResTime" : 1358.5,
    "minResTime" : 1247.0,
    "maxResTime" : 1519.0,
    "pct1ResTime" : 1391.0,
    "pct2ResTime" : 1495.4,
    "pct3ResTime" : 1519.0,
    "throughput" : 0.0787852662548073,
    "receivedKBytesPerSec" : 30.569760449177313,
    "sentKBytesPerSec" : 0.25628293153785464
  },
  "1.3 Sign-in" : {
    "transaction" : "1.3 Sign-in",
    "sampleCount" : 70,
    "errorCount" : 0,
    "errorPct" : 0.0,
    "meanResTime" : 1354.542857142857,
    "medianResTime" : 1357.5,
    "minResTime" : 1057.0,
    "maxResTime" : 2558.0,
    "pct1ResTime" : 1535.9,
    "pct2ResTime" : 1555.5,
    "pct3ResTime" : 2558.0,
    "throughput" : 0.07877276532918012,
    "receivedKBytesPerSec" : 31.25663326466974,
    "sentKBytesPerSec" : 0.39971024282267575
  }
}