{
  "4.3 Vaccination confirm" : {
    "transaction" : "4.3 Vaccination confirm",
    "sampleCount" : 1309,
    "errorCount" : 0,
    "errorPct" : 0.0,
    "meanResTime" : 2541.3812070282665,
    "medianResTime" : 2242.0,
    "minResTime" : 1373.0,
    "maxResTime" : 12173.0,
    "pct1ResTime" : 3669.0,
    "pct2ResTime" : 4381.0,
    "pct3ResTime" : 7247.900000000012,
    "throughput" : 0.4226968511183545,
    "receivedKBytesPerSec" : 170.7313310690339,
    "sentKBytesPerSec" : 2.5219829003139385
  },
  "4.1 Vaccination questions" : {
    "transaction" : "4.1 Vaccination questions",
    "sampleCount" : 1309,
    "errorCount" : 0,
    "errorPct" : 0.0,
    "meanResTime" : 1402.3712757830397,
    "medianResTime" : 1260.0,
    "minResTime" : 472.0,
    "maxResTime" : 5864.0,
    "pct1ResTime" : 1765.0,
    "pct2ResTime" : 2166.0,
    "pct3ResTime" : 3206.1000000000117,
    "throughput" : 0.4229838228883688,
    "receivedKBytesPerSec" : 166.97029541372763,
    "sentKBytesPerSec" : 2.3920023986317167
  },
  "2.0 Register attendance" : {
    "transaction" : "2.0 Register attendance",
    "sampleCount" : 1309,
    "errorCount" : 12,
    "errorPct" : 0.91673034,
    "meanResTime" : 4052.61191749427,
    "medianResTime" : 3909.0,
    "minResTime" : 1675.0,
    "maxResTime" : 11629.0,
    "pct1ResTime" : 5674.0,
    "pct2ResTime" : 6559.5,
    "pct3ResTime" : 8764.60000000001,
    "throughput" : 0.4224774802397374,
    "receivedKBytesPerSec" : 809.8573772260553,
    "sentKBytesPerSec" : 8.533416561201948
  },
  "1.0 Login" : {
    "transaction" : "1.0 Login",
    "sampleCount" : 1379,
    "errorCount" : 0,
    "errorPct" : 0.0,
    "meanResTime" : 3995.7338651196515,
    "medianResTime" : 3811.0,
    "minResTime" : 2052.0,
    "maxResTime" : 12127.0,
    "pct1ResTime" : 4933.0,
    "pct2ResTime" : 5387.0,
    "pct3ResTime" : 7369.8000000000075,
    "throughput" : 0.42643712248022514,
    "receivedKBytesPerSec" : 710.8830535401819,
    "sentKBytesPerSec" : 8.124005333575722
  },
  "4.0 Vaccination for menacwy" : {
    "transaction" : "4.0 Vaccination for menacwy",
    "sampleCount" : 327,
    "errorCount" : 0,
    "errorPct" : 0.0,
    "meanResTime" : 4817.620795107031,
    "medianResTime" : 4427.0,
    "minResTime" : 3285.0,
    "maxResTime" : 11805.0,
    "pct1ResTime" : 6286.4,
    "pct2ResTime" : 7213.599999999994,
    "pct3ResTime" : 10661.92,
    "throughput" : 0.10656811560196319,
    "receivedKBytesPerSec" : 127.50738880924796,
    "sentKBytesPerSec" : 1.78789967371662
  },
  "2.5 Select patient" : {
    "transaction" : "2.5 Select patient",
    "sampleCount" : 1309,
    "errorCount" : 0,
    "errorPct" : 0.0,
    "meanResTime" : 474.6684491978608,
    "medianResTime" : 385.0,
    "minResTime" : 280.0,
    "maxResTime" : 4880.0,
    "pct1ResTime" : 736.0,
    "pct2ResTime" : 1007.0,
    "pct3ResTime" : 1627.7000000000003,
    "throughput" : 0.4239192811054416,
    "receivedKBytesPerSec" : 172.40700855218287,
    "sentKBytesPerSec" : 1.7427681625447076
  },
  "2.3 Search by first/last name" : {
    "transaction" : "2.3 Search by first/last name",
    "sampleCount" : 1309,
    "errorCount" : 0,
    "errorPct" : 0.0,
    "meanResTime" : 494.2161955691365,
    "medianResTime" : 416.0,
    "minResTime" : 279.0,
    "maxResTime" : 3343.0,
    "pct1ResTime" : 736.0,
    "pct2ResTime" : 952.5,
    "pct3ResTime" : 1569.9,
    "throughput" : 0.42250788934231115,
    "receivedKBytesPerSec" : 172.002527207519,
    "sentKBytesPerSec" : 1.8061240172414852
  },
  "4.0 Vaccination for flu" : {
    "transaction" : "4.0 Vaccination for flu",
    "sampleCount" : 327,
    "errorCount" : 0,
    "errorPct" : 0.0,
    "meanResTime" : 4841.186544342514,
    "medianResTime" : 4434.0,
    "minResTime" : 3220.0,
    "maxResTime" : 12845.0,
    "pct1ResTime" : 6397.4,
    "pct2ResTime" : 7885.399999999998,
    "pct3ResTime" : 11387.199999999977,
    "throughput" : 0.10601057252841375,
    "receivedKBytesPerSec" : 126.68136115052512,
    "sentKBytesPerSec" : 1.7751366653977276
  },
  "4.0 Vaccination for hpv" : {
    "transaction" : "4.0 Vaccination for hpv",
    "sampleCount" : 327,
    "errorCount" : 0,
    "errorPct" : 0.0,
    "meanResTime" : 4800.275229357799,
    "medianResTime" : 4483.0,
    "minResTime" : 3296.0,
    "maxResTime" : 15075.0,
    "pct1ResTime" : 6069.999999999999,
    "pct2ResTime" : 6837.799999999998,
    "pct3ResTime" : 10813.799999999997,
    "throughput" : 0.10647342120592383,
    "receivedKBytesPerSec" : 127.01866894782037,
    "sentKBytesPerSec" : 1.785367865161506
  },
  "1.2 Sign-in page" : {
    "transaction" : "1.2 Sign-in page",
    "sampleCount" : 1379,
    "errorCount" : 0,
    "errorPct" : 0.0,
    "meanResTime" : 876.2936910804925,
    "medianResTime" : 648.0,
    "minResTime" : 227.0,
    "maxResTime" : 7532.0,
    "pct1ResTime" : 1445.0,
    "pct2ResTime" : 1784.0,
    "pct3ResTime" : 2697.8,
    "throughput" : 0.4265840761949071,
    "receivedKBytesPerSec" : 171.64906356443012,
    "sentKBytesPerSec" : 2.090645208318575
  },
  "2.4 Patient attending session" : {
    "transaction" : "2.4 Patient attending session",
    "sampleCount" : 926,
    "errorCount" : 12,
    "errorPct" : 1.2958963,
    "meanResTime" : 2002.5410367170618,
    "medianResTime" : 1748.5,
    "minResTime" : 508.0,
    "maxResTime" : 8671.0,
    "pct1ResTime" : 2939.9000000000015,
    "pct2ResTime" : 3671.25,
    "pct3ResTime" : 5910.310000000001,
    "throughput" : 0.29980900935786153,
    "receivedKBytesPerSec" : 122.28330936321586,
    "sentKBytesPerSec" : 1.5101739335411493
  },
  "Total" : {
    "transaction" : "Total",
    "sampleCount" : 15605,
    "errorCount" : 12,
    "errorPct" : 0.07689843,
    "meanResTime" : 1095.1480294777307,
    "medianResTime" : 857.0,
    "minResTime" : 227.0,
    "maxResTime" : 12173.0,
    "pct1ResTime" : 2047.0,
    "pct2ResTime" : 2516.399999999998,
    "pct3ResTime" : 3977.9400000000005,
    "throughput" : 4.805586983741995,
    "receivedKBytesPerSec" : 1962.7892370003751,
    "sentKBytesPerSec" : 22.991044250798826
  },
  "1.4 Open Sessions list" : {
    "transaction" : "1.4 Open Sessions list",
    "sampleCount" : 1379,
    "errorCount" : 0,
    "errorPct" : 0.0,
    "meanResTime" : 1387.7440174039164,
    "medianResTime" : 1236.0,
    "minResTime" : 723.0,
    "maxResTime" : 4600.0,
    "pct1ResTime" : 2002.0,
    "pct2ResTime" : 2279.0,
    "pct3ResTime" : 2957.4000000000024,
    "throughput" : 0.4263677701831341,
    "receivedKBytesPerSec" : 196.07671106251993,
    "sentKBytesPerSec" : 1.7522339838263152
  },
  "4.2 Vaccination batch" : {
    "transaction" : "4.2 Vaccination batch",
    "sampleCount" : 1309,
    "errorCount" : 0,
    "errorPct" : 0.0,
    "meanResTime" : 849.8304048892286,
    "medianResTime" : 772.0,
    "minResTime" : 429.0,
    "maxResTime" : 7293.0,
    "pct1ResTime" : 1166.0,
    "pct2ResTime" : 1479.0,
    "pct3ResTime" : 2283.0000000000027,
    "throughput" : 0.42328008109904075,
    "receivedKBytesPerSec" : 168.20173473542167,
    "sentKBytesPerSec" : 2.177646129545855
  },
  "1.1 Homepage" : {
    "transaction" : "1.1 Homepage",
    "sampleCount" : 1379,
    "errorCount" : 0,
    "errorPct" : 0.0,
    "meanResTime" : 742.6823785351694,
    "medianResTime" : 635.0,
    "minResTime" : 386.0,
    "maxResTime" : 5980.0,
    "pct1ResTime" : 1049.0,
    "pct2ResTime" : 1369.0,
    "pct3ResTime" : 2326.8000000000056,
    "throughput" : 0.426784883087558,
    "receivedKBytesPerSec" : 171.54612113394484,
    "sentKBytesPerSec" : 2.0829213466834884
  },
  "1.3 Sign-in" : {
    "transaction" : "1.3 Sign-in",
    "sampleCount" : 1379,
    "errorCount" : 0,
    "errorPct" : 0.0,
    "meanResTime" : 989.0130529369114,
    "medianResTime" : 858.0,
    "minResTime" : 391.0,
    "maxResTime" : 7048.0,
    "pct1ResTime" : 1535.0,
    "pct2ResTime" : 1821.0,
    "pct3ResTime" : 2510.4,
    "throughput" : 0.4264770828101593,
    "receivedKBytesPerSec" : 171.79427476599815,
    "sentKBytesPerSec" : 2.200543416155657
  },