{
  "4.3 Vaccination confirm" : {
    "transaction" : "4.3 Vaccination confirm",
    "sampleCount" : 1461,
    "errorCount" : 0,
    "errorPct" : 0.0,
    "meanResTime" : 2958.1964407939795,
    "medianResTime" : 2392.0,
    "minResTime" : 1433.0,
    "maxResTime" : 19561.0,
    "pct1ResTime" : 4395.4,
    "pct2ResTime" : 5842.299999999995,
    "pct3ResTime" : 11619.339999999976,
    "throughput" : 0.4240169467471283,
    "receivedKBytesPerSec" : 168.08273765808852,
    "sentKBytesPerSec" : 2.1994425159376387
  },
  "4.1 Vaccination questions" : {
    "transaction" : "4.1 Vaccination questions",
    "sampleCount" : 1484,
    "errorCount" : 0,
    "errorPct" : 0.0,
    "meanResTime" : 1898.9656334231831,
    "medianResTime" : 1645.0,
    "minResTime" : 721.0,
    "maxResTime" : 16399.0,
    "pct1ResTime" : 2402.0,
    "pct2ResTime" : 3045.75,
    "pct3ResTime" : 6069.200000000039,
    "throughput" : 0.42306189047657466,
    "receivedKBytesPerSec" : 164.35814242511105,
    "sentKBytesPerSec" : 2.1099296406596686
  },
  "2.0 Register attendance" : {
    "transaction" : "2.0 Register attendance",
    "sampleCount" : 1512,
    "errorCount" : 52,
    "errorPct" : 3.4391534,
    "meanResTime" : 4803.2334656084695,
    "medianResTime" : 4327.0,
    "minResTime" : 1647.0,
    "maxResTime" : 22202.0,
    "pct1ResTime" : 7515.500000000001,
    "pct2ResTime" : 9430.699999999997,
    "pct3ResTime" : 15128.209999999992,
    "throughput" : 0.42472148719936625,
    "receivedKBytesPerSec" : 792.8914291324144,
    "sentKBytesPerSec" : 7.311910427253102
  },
  "1.0 Login" : {
    "transaction" : "1.0 Login",
    "sampleCount" : 1529,
    "errorCount" : 0,
    "errorPct" : 0.0,
    "meanResTime" : 5246.209287115766,
    "medianResTime" : 4761.0,
    "minResTime" : 2263.0,
    "maxResTime" : 23424.0,
    "pct1ResTime" : 6733.0,
    "pct2ResTime" : 8665.0,
    "pct3ResTime" : 13152.600000000002,
    "throughput" : 0.4257889417961276,
    "receivedKBytesPerSec" : 698.2089034305667,
    "sentKBytesPerSec" : 7.053431438721062
  },
  "4.0 Vaccination for menacwy" : {
    "transaction" : "4.0 Vaccination for menacwy",
    "sampleCount" : 368,
    "errorCount" : 0,
    "errorPct" : 0.0,
    "meanResTime" : 6089.116847826085,
    "medianResTime" : 5232.5,
    "minResTime" : 2400.0,
    "maxResTime" : 22749.0,
    "pct1ResTime" : 8146.800000000006,
    "pct2ResTime" : 12011.700000000004,
    "pct3ResTime" : 19909.17,
    "throughput" : 0.1057151688627461,
    "receivedKBytesPerSec" : 124.39821504345166,
    "sentKBytesPerSec" : 1.5440313777631014
  },
  "2.5 Select patient" : {
    "transaction" : "2.5 Select patient",
    "sampleCount" : 1507,
    "errorCount" : 0,
    "errorPct" : 0.0,
    "meanResTime" : 658.0258792302587,
    "medianResTime" : 474.0,
    "minResTime" : 352.0,
    "maxResTime" : 6789.0,
    "pct1ResTime" : 1096.8000000000002,
    "pct2ResTime" : 1585.1999999999994,
    "pct3ResTime" : 3584.1600000000017,
    "throughput" : 0.42529521612024085,
    "receivedKBytesPerSec" : 170.34132228563513,
    "sentKBytesPerSec" : 1.511684105028728
  },
  "2.3 Search by first/last name" : {
    "transaction" : "2.3 Search by first/last name",
    "sampleCount" : 1521,
    "errorCount" : 0,
    "errorPct" : 0.0,
    "meanResTime" : 665.0729783037474,
    "medianResTime" : 518.0,
    "minResTime" : 359.0,
    "maxResTime" : 8385.0,
    "pct1ResTime" : 930.1999999999998,
    "pct2ResTime" : 1290.8999999999999,
    "pct3ResTime" : 4054.6399999999826,
    "throughput" : 0.42643504785829234,
    "receivedKBytesPerSec" : 170.85541490022163,
    "sentKBytesPerSec" : 1.5855857515392033
  },
  "4.0 Vaccination for flu" : {
    "transaction" : "4.0 Vaccination for flu",
    "sampleCount" : 372,
    "errorCount" : 0,
    "errorPct" : 0.0,
    "meanResTime" : 6006.0349462365575,
    "medianResTime" : 5276.0,
    "minResTime" : 2434.0,
    "maxResTime" : 22297.0,
    "pct1ResTime" : 8065.299999999998,
    "pct2ResTime" : 10725.349999999973,
    "pct3ResTime" : 17222.459999999995,
    "throughput" : 0.10639505800675723,
    "receivedKBytesPerSec" : 124.18242762633484,
    "sentKBytesPerSec" : 1.5492009529150388
  },
  "4.0 Vaccination for hpv" : {
    "transaction" : "4.0 Vaccination for hpv",
    "sampleCount" : 370,
    "errorCount" : 0,
    "errorPct" : 0.0,
    "meanResTime" : 6003.021621621622,
    "medianResTime" : 5192.5,
    "minResTime" : 2459.0,
    "maxResTime" : 22071.0,
    "pct1ResTime" : 8865.900000000001,
    "pct2ResTime" : 11022.749999999995,
    "pct3ResTime" : 16924.80000000003,
    "throughput" : 0.10631224653867438,
    "receivedKBytesPerSec" : 124.03397949509728,
    "sentKBytesPerSec" : 1.5504387454336017
  },
  "1.2 Sign-in page" : {
    "transaction" : "1.2 Sign-in page",
    "sampleCount" : 1531,
    "errorCount" : 0,
    "errorPct" : 0.0,
    "meanResTime" : 1230.606139777926,
    "medianResTime" : 912.0,
    "minResTime" : 308.0,
    "maxResTime" : 18292.0,
    "pct1ResTime" : 1976.0,
    "pct2ResTime" : 2323.9999999999986,
    "pct3ResTime" : 5225.280000000017,
    "throughput" : 0.42597922356591633,
    "receivedKBytesPerSec" : 168.60201472687177,
    "sentKBytesPerSec" : 1.8192962301882099
  },
  "2.4 Patient attending session" : {
    "transaction" : "2.4 Patient attending session",
    "sampleCount" : 985,
    "errorCount" : 52,
    "errorPct" : 5.2791877,
    "meanResTime" : 2296.7380710659913,
    "medianResTime" : 1808.0,
    "minResTime" : 398.0,
    "maxResTime" : 15337.0,
    "pct1ResTime" : 3860.999999999999,
    "pct2ResTime" : 5695.09999999998,
    "pct3ResTime" : 9444.439999999997,
    "throughput" : 0.2769369702701836,
    "receivedKBytesPerSec" : 111.37061691233342,
    "sentKBytesPerSec" : 1.202471889579607
  },
  "Total" : {
    "transaction" : "Total",
    "sampleCount" : 17603,
    "errorCount" : 52,
    "errorPct" : 0.2954042,
    "meanResTime" : 1375.5974549792613,
    "medianResTime" : 1043.0,
    "minResTime" : 308.0,
    "maxResTime" : 20329.0,
    "pct1ResTime" : 2346.0,
    "pct2ResTime" : 3128.9999999999964,
    "pct3ResTime" : 6528.599999999969,
    "throughput" : 4.888491951747699,
    "receivedKBytesPerSec" : 1965.7927551449031,
    "sentKBytesPerSec" : 20.30189427067105
  },
  "1.4 Open Sessions list" : {
    "transaction" : "1.4 Open Sessions list",
    "sampleCount" : 1527,
    "errorCount" : 0,
    "errorPct" : 0.0,
    "meanResTime" : 1596.4099541584799,
    "medianResTime" : 1335.0,
    "minResTime" : 771.0,
    "maxResTime" : 17269.0,
    "pct1ResTime" : 2305.6000000000004,
    "pct2ResTime" : 2732.9999999999973,
    "pct3ResTime" : 5057.08,
    "throughput" : 0.426192739595957,
    "receivedKBytesPerSec" : 193.0079081587441,
    "sentKBytesPerSec" : 1.5143869987944076
  },
  "4.2 Vaccination batch" : {
    "transaction" : "4.2 Vaccination batch",
    "sampleCount" : 1478,
    "errorCount" : 0,
    "errorPct" : 0.0,
    "meanResTime" : 1186.9600811907972,
    "medianResTime" : 989.0,
    "minResTime" : 524.0,
    "maxResTime" : 18309.0,
    "pct1ResTime" : 1528.3000000000004,
    "pct2ResTime" : 2063.5999999999995,
    "pct3ResTime" : 6172.210000000007,
    "throughput" : 0.4224513152012732,
    "receivedKBytesPerSec" : 164.870970938465,
    "sentKBytesPerSec" : 1.8913318038528244
  },
  "1.1 Homepage" : {
    "transaction" : "1.1 Homepage",
    "sampleCount" : 1531,
    "errorCount" : 0,
    "errorPct" : 0.0,
    "meanResTime" : 1031.952318745921,
    "medianResTime" : 848.0,
    "minResTime" : 508.0,
    "maxResTime" : 11136.0,
    "pct1ResTime" : 1490.3999999999999,
    "pct2ResTime" : 2009.7999999999963,
    "pct3ResTime" : 5144.760000000018,
    "throughput" : 0.4258768445390961,
    "receivedKBytesPerSec" : 168.5273843909356,
    "sentKBytesPerSec" : 1.8107018934064472
  },
  "1.3 Sign-in" : {
    "transaction" : "1.3 Sign-in",
    "sampleCount" : 1530,
    "errorCount" : 0,
    "errorPct" : 0.0,
    "meanResTime" : 1388.9313725490176,
    "medianResTime" : 1141.0,
    "minResTime" : 509.0,