{
  "4.3 Vaccination confirm" : {
    "transaction" : "4.3 Vaccination confirm",
    "sampleCount" : 4195,
    "errorCount" : 0,
    "errorPct" : 0.0,
    "meanResTime" : 2938.0181168057143,
    "medianResTime" : 2399.0,
    "minResTime" : 1429.0,
    "maxResTime" : 17430.0,
    "pct1ResTime" : 4567.200000000001,
    "pct2ResTime" : 6166.599999999998,
    "pct3ResTime" : 10983.759999999998,
    "throughput" : 0.8018778660682371,
    "receivedKBytesPerSec" : 317.24449058414746,
    "sentKBytesPerSec" : 4.159428756699837
  },
  "4.1 Vaccination questions" : {
    "transaction" : "4.1 Vaccination questions",
    "sampleCount" : 4195,
    "errorCount" : 0,
    "errorPct" : 0.0,
    "meanResTime" : 1872.4891537544684,
    "medianResTime" : 1666.0,
    "minResTime" : 530.0,
    "maxResTime" : 11141.0,
    "pct1ResTime" : 2332.4,
    "pct2ResTime" : 2864.7999999999993,
    "pct3ResTime" : 5373.079999999998,
    "throughput" : 0.8026215014934117,
    "receivedKBytesPerSec" : 310.8746169087693,
    "sentKBytesPerSec" : 4.003745695057306
  },
  "2.0 Register attendance" : {
    "transaction" : "2.0 Register attendance",
    "sampleCount" : 4195,
    "errorCount" : 147,
    "errorPct" : 3.5041716,
    "meanResTime" : 5052.927056019075,
    "medianResTime" : 4479.0,
    "minResTime" : 1601.0,
    "maxResTime" : 22673.0,
    "pct1ResTime" : 7615.0,
    "pct2ResTime" : 9682.199999999986,
    "pct3ResTime" : 14460.199999999993,
    "throughput" : 0.80027669161228,
    "receivedKBytesPerSec" : 1539.7166262651335,
    "sentKBytesPerSec" : 14.361791537233756
  },
  "1.0 Login" : {
    "transaction" : "1.0 Login",
    "sampleCount" : 4335,
    "errorCount" : 0,
    "errorPct" : 0.0,
    "meanResTime" : 5351.442675893878,
    "medianResTime" : 4932.0,
    "minResTime" : 2523.0,
    "maxResTime" : 21615.0,
    "pct1ResTime" : 6827.8,
    "pct2ResTime" : 8171.999999999997,
    "pct3ResTime" : 12763.080000000016,
    "throughput" : 0.8054852523733014,
    "receivedKBytesPerSec" : 1318.432802511855,
    "sentKBytesPerSec" : 13.360919485454719
  },
  "4.0 Vaccination for menacwy" : {
    "transaction" : "4.0 Vaccination for menacwy",
    "sampleCount" : 1014,
    "errorCount" : 0,
    "errorPct" : 0.0,
    "meanResTime" : 5964.604536489148,
    "medianResTime" : 5370.5,
    "minResTime" : 3836.0,
    "maxResTime" : 22441.0,
    "pct1ResTime" : 8211.5,
    "pct2ResTime" : 9844.5,
    "pct3ResTime" : 16146.000000000013,
    "throughput" : 0.21287776092903718,
    "receivedKBytesPerSec" : 249.5947198491796,
    "sentKBytesPerSec" : 3.1214461327941554
  },
  "2.5 Select patient" : {
    "transaction" : "2.5 Select patient",
    "sampleCount" : 4195,
    "errorCount" : 0,
    "errorPct" : 0.0,
    "meanResTime" : 737.9237187127549,
    "medianResTime" : 534.0,
    "minResTime" : 351.0,
    "maxResTime" : 8372.0,
    "pct1ResTime" : 1328.2000000000003,
    "pct2ResTime" : 1780.5999999999995,
    "pct3ResTime" : 3691.119999999999,
    "throughput" : 0.8026411581757947,
    "receivedKBytesPerSec" : 319.6129405169,
    "sentKBytesPerSec" : 2.8528987653891376
  },
  "2.3 Search by first/last name" : {
    "transaction" : "2.3 Search by first/last name",
    "sampleCount" : 4195,
    "errorCount" : 0,
    "errorPct" : 0.0,
    "meanResTime" : 676.2333730631727,
    "medianResTime" : 542.0,
    "minResTime" : 348.0,
    "maxResTime" : 8717.0,
    "pct1ResTime" : 1053.4,
    "pct2ResTime" : 1369.1999999999998,
    "pct3ResTime" : 2474.039999999999,
    "throughput" : 0.800653654024864,
    "receivedKBytesPerSec" : 319.96690722022595,
    "sentKBytesPerSec" : 2.977031723956664
  },
  "4.0 Vaccination for flu" : {
    "transaction" : "4.0 Vaccination for flu",
    "sampleCount" : 1017,
    "errorCount" : 0,
    "errorPct" : 0.0,
    "meanResTime" : 6025.61356932154,
    "medianResTime" : 5330.0,
    "minResTime" : 3682.0,
    "maxResTime" : 20560.0,
    "pct1ResTime" : 8475.6,
    "pct2ResTime" : 10856.999999999998,
    "pct3ResTime" : 15495.119999999999,
    "throughput" : 0.2135215626335166,
    "receivedKBytesPerSec" : 250.63729545882205,
    "sentKBytesPerSec" : 3.1242817742576348
  },
  "4.0 Vaccination for hpv" : {
    "transaction" : "4.0 Vaccination for hpv",
    "sampleCount" : 1147,
    "errorCount" : 0,
    "errorPct" : 0.0,
    "meanResTime" : 5902.636442894507,
    "medianResTime" : 5168.0,
    "minResTime" : 3748.0,
    "maxResTime" : 27421.0,
    "pct1ResTime" : 8229.2,
    "pct2ResTime" : 10413.799999999997,
    "pct3ResTime" : 16781.639999999992,
    "throughput" : 0.21963389117533236,
    "receivedKBytesPerSec" : 256.90965998610386,
    "sentKBytesPerSec" : 3.2189432073934663
  },
  "1.2 Sign-in page" : {
    "transaction" : "1.2 Sign-in page",
    "sampleCount" : 4335,
    "errorCount" : 0,
    "errorPct" : 0.0,
    "meanResTime" : 1271.310265282585,
    "medianResTime" : 995.0,
    "minResTime" : 314.0,
    "maxResTime" : 11381.0,
    "pct1ResTime" : 2060.4,
    "pct2ResTime" : 2538.0,
    "pct3ResTime" : 4696.480000000002,
    "throughput" : 0.8058693313087764,
    "receivedKBytesPerSec" : 318.08757328199954,
    "sentKBytesPerSec" : 3.450353549027157
  },
  "2.4 Patient attending session" : {
    "transaction" : "2.4 Patient attending session",
    "sampleCount" : 3420,
    "errorCount" : 147,
    "errorPct" : 4.2982454,
    "meanResTime" : 2301.1108187134478,
    "medianResTime" : 1827.5,
    "minResTime" : 374.0,
    "maxResTime" : 19224.0,
    "pct1ResTime" : 3752.8,
    "pct2ResTime" : 4900.0499999999965,
    "pct3ResTime" : 8994.559999999994,
    "throughput" : 0.717323552563771,
    "receivedKBytesPerSec" : 284.58433354054705,
    "sentKBytesPerSec" : 3.1196925824182737
  },
  "Total" : {
    "transaction" : "Total",
    "sampleCount" : 50125,
    "errorCount" : 147,
    "errorPct" : 0.29326683,
    "meanResTime" : 1387.3820648378967,
    "medianResTime" : 1027.0,
    "minResTime" : 314.0,
    "maxResTime" : 19224.0,
    "pct1ResTime" : 2151.0,
    "pct2ResTime" : 2515.0,
    "pct3ResTime" : 3608.950000000008,
    "throughput" : 9.29033516007734,
    "receivedKBytesPerSec" : 3722.985439871364,
    "sentKBytesPerSec" : 38.67379373801755
  },
  "1.4 Open Sessions list" : {
    "transaction" : "1.4 Open Sessions list",
    "sampleCount" : 4335,
    "errorCount" : 0,
    "errorPct" : 0.0,
    "meanResTime" : 1630.2216839677028,
    "medianResTime" : 1418.0,
    "minResTime" : 750.0,
    "maxResTime" : 7759.0,
    "pct1ResTime" : 2426.8,
    "pct2ResTime" : 2756.3999999999996,
    "pct3ResTime" : 4021.8000000000065,
    "throughput" : 0.8057613329355642,
    "receivedKBytesPerSec" : 364.5857335329498,
    "sentKBytesPerSec" : 2.863669758148459
  },
  "4.2 Vaccination batch" : {
    "transaction" : "4.2 Vaccination batch",
    "sampleCount" : 4195,
    "errorCount" : 0,
    "errorPct" : 0.0,
    "meanResTime" : 1184.008343265795,
    "medianResTime" : 1004.0,
    "minResTime" : 512.0,
    "maxResTime" : 10765.0,
    "pct1ResTime" : 1673.4,
    "pct2ResTime" : 2177.3999999999987,
    "pct3ResTime" : 4441.639999999999,
    "throughput" : 0.8025023534648876,
    "receivedKBytesPerSec" : 312.9247619878691,
    "sentKBytesPerSec" : 3.5934168470423815
  },
  "1.1 Homepage" : {
    "transaction" : "1.1 Homepage",
    "sampleCount" : 4335,
    "errorCount" : 0,
    "errorPct" : 0.0,
    "meanResTime" : 1077.7817762399109,
    "medianResTime" : 877.0,
    "minResTime" : 502.0,
    "maxResTime" : 9797.0,
    "pct1ResTime" : 1657.0,
    "pct2ResTime" : 2176.0,
    "pct3ResTime" : 4608.520000000014,
    "throughput" : 0.8060485436459947,
    "receivedKBytesPerSec" : 318.4852597998118,
    "sentKBytesPerSec" : 3.438366551574649
  },
  "1.3 Sign-in" : {
    "transaction" : "1.3 Sign-in",
    "sampleCount" : 4335,
    "errorCount" : 0,
    "errorPct" : 0.0,
    "meanResTime" : 1372.1289504036895,
    "medianResTime" : 1200.0,
    "minResTime" : 500.0,
    "maxResTime" : 9550.0,
    "pct1ResTime" : 2043.4,
    "pct2ResTime" : 2512.2,
    "pct3ResTime" : 4878.520000000006,