{
  "4.3 Vaccination confirm" : {
    "transaction" : "4.3 Vaccination confirm",
    "sampleCount" : 1467,
    "errorCount" : 0,
    "errorPct" : 0.0,
    "meanResTime" : 2032.3987730061313,
    "medianResTime" : 1727.0,
    "minResTime" : 1009.0,
    "maxResTime" : 13907.0,
    "pct1ResTime" : 3074.4,
    "pct2ResTime" : 3888.599999999997,
    "pct3ResTime" : 6224.279999999993,
    "throughput" : 0.4260390910469061,
    "receivedKBytesPerSec" : 165.29739333893906,
    "sentKBytesPerSec" : 2.2099617888929837
  },
  "4.1 Vaccination questions" : {
    "transaction" : "4.1 Vaccination questions",
    "sampleCount" : 1493,
    "errorCount" : 0,
    "errorPct" : 0.0,
    "meanResTime" : 1289.621567314133,
    "medianResTime" : 1151.0,
    "minResTime" : 592.0,
    "maxResTime" : 5755.0,
    "pct1ResTime" : 1635.6000000000001,
    "pct2ResTime" : 1951.4999999999998,
    "pct3ResTime" : 3268.439999999988,
    "throughput" : 0.42754647885549274,
    "receivedKBytesPerSec" : 162.86888054414382,
    "sentKBytesPerSec" : 2.1252628293117333
  },
  "Get Next Patient from STS" : {
    "transaction" : "Get Next Patient from STS",
    "sampleCount" : 1530,
    "errorCount" : 0,
    "errorPct" : 0.0,
    "meanResTime" : 0.5372549019607833,
    "medianResTime" : 1.0,
    "minResTime" : 0.0,
    "maxResTime" : 2.0,
    "pct1ResTime" : 1.0,
    "pct2ResTime" : 1.0,
    "pct3ResTime" : 1.0,
    "throughput" : 0.42726843935594727,
    "receivedKBytesPerSec" : 0.1798175284503532,
    "sentKBytesPerSec" : 0.2727706130317712
  },
  "2.0 Register attendance" : {
    "transaction" : "2.0 Register attendance",
    "sampleCount" : 1520,
    "errorCount" : 11,
    "errorPct" : 0.7236842,
    "meanResTime" : 5687.798026315802,
    "medianResTime" : 5019.5,
    "minResTime" : 2392.0,
    "maxResTime" : 20031.0,
    "pct1ResTime" : 8705.700000000003,
    "pct2ResTime" : 10657.250000000002,
    "pct3ResTime" : 14466.06,
    "throughput" : 0.4256291470839923,
    "receivedKBytesPerSec" : 791.3473536542782,
    "sentKBytesPerSec" : 7.725365361144931
  },
  "1.0 Login" : {
    "transaction" : "1.0 Login",
    "sampleCount" : 1532,
    "errorCount" : 0,
    "errorPct" : 0.0,
    "meanResTime" : 4386.1540469974,
    "medianResTime" : 4151.0,
    "minResTime" : 1775.0,
    "maxResTime" : 14367.0,
    "pct1ResTime" : 5479.7,
    "pct2ResTime" : 5985.699999999998,
    "pct3ResTime" : 9034.850000000004,
    "throughput" : 0.42673405276460713,
    "receivedKBytesPerSec" : 686.3047484299871,
    "sentKBytesPerSec" : 7.091744866134475
  },
  "4.0 Vaccination for menacwy" : {
    "transaction" : "4.0 Vaccination for menacwy",
    "sampleCount" : 370,
    "errorCount" : 0,
    "errorPct" : 0.0,
    "meanResTime" : 4141.275675675682,
    "medianResTime" : 3797.5,
    "minResTime" : 1614.0,
    "maxResTime" : 11732.0,
    "pct1ResTime" : 5446.800000000001,
    "pct2ResTime" : 6523.049999999998,
    "pct3ResTime" : 9950.770000000015,
    "throughput" : 0.1068891192943238,
    "receivedKBytesPerSec" : 122.6796157448106,
    "sentKBytesPerSec" : 1.553449746116675
  },
  "2.5 Select patient" : {
    "transaction" : "2.5 Select patient",
    "sampleCount" : 1513,
    "errorCount" : 0,
    "errorPct" : 0.0,
    "meanResTime" : 565.0449438202245,
    "medianResTime" : 422.0,
    "minResTime" : 295.0,
    "maxResTime" : 6688.0,
    "pct1ResTime" : 898.4000000000005,
    "pct2ResTime" : 1201.0999999999997,
    "pct3ResTime" : 2481.059999999993,
    "throughput" : 0.4283841141693213,
    "receivedKBytesPerSec" : 168.54137150152383,
    "sentKBytesPerSec" : 1.522656079012661
  },
  "2.3 Search by first/last name" : {
    "transaction" : "2.3 Search by first/last name",
    "sampleCount" : 1523,
    "errorCount" : 0,
    "errorPct" : 0.0,
    "meanResTime" : 500.1240971766252,
    "medianResTime" : 427.0,
    "minResTime" : 293.0,
    "maxResTime" : 4546.0,
    "pct1ResTime" : 696.4000000000005,
    "pct2ResTime" : 864.9999999999998,
    "pct3ResTime" : 1408.76,
    "throughput" : 0.42659726081422655,
    "receivedKBytesPerSec" : 167.1473915112817,
    "sentKBytesPerSec" : 1.5774055963615428
  },
  "4.0 Vaccination for flu" : {
    "transaction" : "4.0 Vaccination for flu",
    "sampleCount" : 372,
    "errorCount" : 0,
    "errorPct" : 0.0,
    "meanResTime" : 4313.962365591402,
    "medianResTime" : 3889.0,
    "minResTime" : 1994.0,
    "maxResTime" : 15635.0,
    "pct1ResTime" : 5794.299999999999,
    "pct2ResTime" : 6785.099999999982,
    "pct3ResTime" : 11349.759999999998,
    "throughput" : 0.10644559557026081,
    "receivedKBytesPerSec" : 122.43721626803101,
    "sentKBytesPerSec" : 1.5541037951503158
  },
  "4.0 Vaccination for hpv" : {
    "transaction" : "4.0 Vaccination for hpv",
    "sampleCount" : 381,
    "errorCount" : 0,
    "errorPct" : 0.0,
    "meanResTime" : 4120.845144356954,
    "medianResTime" : 3850.0,
    "minResTime" : 1845.0,
    "maxResTime" : 9330.0,
    "pct1ResTime" : 5482.6,
    "pct2ResTime" : 6009.0999999999985,
    "pct3ResTime" : 8051.280000000001,
    "throughput" : 0.10918751307527634,
    "receivedKBytesPerSec" : 124.7523043943138,
    "sentKBytesPerSec" : 1.5863371914951239
  },
  "1.2 Sign-in page" : {
    "transaction" : "1.2 Sign-in page",
    "sampleCount" : 1536,
    "errorCount" : 0,
    "errorPct" : 0.0,
    "meanResTime" : 809.0631510416655,
    "medianResTime" : 644.5,
    "minResTime" : 186.0,
    "maxResTime" : 9066.0,
    "pct1ResTime" : 1272.3,
    "pct2ResTime" : 1599.099999999998,
    "pct3ResTime" : 2425.339999999998,
    "throughput" : 0.42744794652448087,
    "receivedKBytesPerSec" : 165.58397286307334,
    "sentKBytesPerSec" : 1.825611932278303
  },
  "2.4 Patient attending session" : {
    "transaction" : "2.4 Patient attending session",
    "sampleCount" : 1093,
    "errorCount" : 11,
    "errorPct" : 1.0064044,
    "meanResTime" : 1380.1774931381512,
    "medianResTime" : 1187.0,
    "minResTime" : 378.0,
    "maxResTime" : 7109.0,
    "pct1ResTime" : 2033.6,
    "pct2ResTime" : 2544.8999999999996,
    "pct3ResTime" : 4379.479999999994,
    "throughput" : 0.3074731446260277,
    "receivedKBytesPerSec" : 119.91354950704431,
    "sentKBytesPerSec" : 1.3444782685513486
  },
  "Debug Sampler" : {
    "transaction" : "Debug Sampler",
    "sampleCount" : 1520,
    "errorCount" : 0,
    "errorPct" : 0.0,
    "meanResTime" : 0.4500000000000003,
    "medianResTime" : 0.0,
    "minResTime" : 0.0,
    "maxResTime" : 4.0,
    "pct1ResTime" : 1.0,
    "pct2ResTime" : 1.0,
    "pct3ResTime" : 1.0,
    "throughput" : 0.42778449005415137,
    "receivedKBytesPerSec" : 2.6478523657502513,
    "sentKBytesPerSec" : 0.0
  },
  "Total" : {
    "transaction" : "Total",
    "sampleCount" : 20821,
    "errorCount" : 11,
    "errorPct" : 0.052831277,
    "meanResTime" : 1040.2524374429624,
    "medianResTime" : 770.0,
    "minResTime" : 0.0,
    "maxResTime" : 17494.0,
    "pct1ResTime" : 2124.0,
    "pct2ResTime" : 2825.9500000000007,
    "pct3ResTime" : 5474.910000000014,
    "throughput" : 5.780173513474348,
    "receivedKBytesPerSec" : 1946.4944985908207,
    "sentKBytesPerSec" : 20.784869678893745
  },
  "1.4 Open Sessions list" : {
    "transaction" : "1.4 Open Sessions list",
    "sampleCount" : 1530,
    "errorCount" : 0,
    "errorPct" : 0.0,
    "meanResTime" : 1863.3594771241842,
    "medianResTime" : 1764.5,
    "minResTime" : 1142.0,
    "maxResTime" : 6279.0,
    "pct1ResTime" : 2457.8,
    "pct2ResTime" : 2797.9,
    "pct3ResTime" : 3693.4500000000003,
    "throughput" : 0.4270398269065235,
    "receivedKBytesPerSec" : 190.03585752074352,
    "sentKBytesPerSec" : 1.5173989335587434
  },
  "4.2 Vaccination batch" : {
    "transaction" : "4.2 Vaccination batch",
    "sampleCount" : 1493,
    "errorCount" : 0,
    "errorPct" : 0.0,
    "meanResTime" : 907.7836570663078,
    "medianResTime" : 785.0,
    "minResTime" : 464.0,
    "maxResTime" : 6804.0,
    "pct1ResTime" : 1220.4000000000005,
    "pct2ResTime" : 1525.6,
    "pct3ResTime" : 3124.8799999999974,