{
  "4.3 Vaccination confirm" : {
    "transaction" : "4.3 Vaccination confirm",
    "sampleCount" : 520,
    "errorCount" : 0,
    "errorPct" : 0.0,
    "meanResTime" : 1610.0499999999997,
    "medianResTime" : 1452.0,
    "minResTime" : 1056.0,
    "maxResTime" : 5122.0,
    "pct1ResTime" : 2181.8,
    "pct2ResTime" : 2520.9999999999995,
    "pct3ResTime" : 3889.1799999999876,
    "throughput" : 0.4832763160218181,
    "receivedKBytesPerSec" : 189.16285879636084,
    "sentKBytesPerSec" : 2.5067063664800475
  },
  "4.1 Vaccination questions" : {
    "transaction" : "4.1 Vaccination questions",
    "sampleCount" : 543,
    "errorCount" : 0,
    "errorPct" : 0.0,
    "meanResTime" : 1212.7458563535915,
    "medianResTime" : 1133.0,
    "minResTime" : 489.0,
    "maxResTime" : 2981.0,
    "pct1ResTime" : 1481.4,
    "pct2ResTime" : 1695.999999999999,
    "pct3ResTime" : 2394.999999999992,
    "throughput" : 0.48402020227230996,
    "receivedKBytesPerSec" : 185.19071234425334,
    "sentKBytesPerSec" : 2.403800218767326
  },
  "Get Next Patient from STS" : {
    "transaction" : "Get Next Patient from STS",
    "sampleCount" : 577,
    "errorCount" : 0,
    "errorPct" : 0.0,
    "meanResTime" : 0.6759098786828421,
    "medianResTime" : 1.0,
    "minResTime" : 0.0,
    "maxResTime" : 2.0,
    "pct1ResTime" : 1.0,
    "pct2ResTime" : 1.0,
    "pct3ResTime" : 1.0,
    "throughput" : 0.487261942562204,
    "receivedKBytesPerSec" : 0.20525849953300548,
    "sentKBytesPerSec" : 0.3110611271479216
  },
  "2.0 Register attendance" : {
    "transaction" : "2.0 Register attendance",
    "sampleCount" : 571,
    "errorCount" : 0,
    "errorPct" : 0.0,
    "meanResTime" : 2581.094570928194,
    "medianResTime" : 2443.0,
    "minResTime" : 1590.0,
    "maxResTime" : 5299.0,
    "pct1ResTime" : 3377.8000000000006,
    "pct2ResTime" : 3788.5999999999995,
    "pct3ResTime" : 4492.119999999999,
    "throughput" : 0.487859059141163,
    "receivedKBytesPerSec" : 780.8071943792079,
    "sentKBytesPerSec" : 7.403805898737205
  },
  "1.0 Login" : {
    "transaction" : "1.0 Login",
    "sampleCount" : 581,
    "errorCount" : 0,
    "errorPct" : 0.0,
    "meanResTime" : 3216.6282271944933,
    "medianResTime" : 3164.0,
    "minResTime" : 1672.0,
    "maxResTime" : 5912.0,
    "pct1ResTime" : 3828.0,
    "pct2ResTime" : 4127.799999999999,
    "pct3ResTime" : 4628.199999999998,
    "throughput" : 0.4871688446719576,
    "receivedKBytesPerSec" : 785.4445361663647,
    "sentKBytesPerSec" : 8.040379732025691
  },
  "4.0 Vaccination for menacwy" : {
    "transaction" : "4.0 Vaccination for menacwy",
    "sampleCount" : 130,
    "errorCount" : 0,
    "errorPct" : 0.0,
    "meanResTime" : 3626.9692307692308,
    "medianResTime" : 3406.0,
    "minResTime" : 1803.0,
    "maxResTime" : 7163.0,
    "pct1ResTime" : 4399.8,
    "pct2ResTime" : 5211.199999999997,
    "pct3ResTime" : 6990.6399999999985,
    "throughput" : 0.11796861671814939,
    "receivedKBytesPerSec" : 135.84818290472535,
    "sentKBytesPerSec" : 1.7125158123318946
  },
  "2.5 Select patient" : {
    "transaction" : "2.5 Select patient",
    "sampleCount" : 565,
    "errorCount" : 0,
    "errorPct" : 0.0,
    "meanResTime" : 450.3681415929202,
    "medianResTime" : 401.0,
    "minResTime" : 312.0,
    "maxResTime" : 2507.0,
    "pct1ResTime" : 623.2,
    "pct2ResTime" : 768.4999999999997,
    "pct3ResTime" : 1088.1600000000008,
    "throughput" : 0.48636918089404124,
    "receivedKBytesPerSec" : 191.68110373415317,
    "sentKBytesPerSec" : 1.7287534209938458
  },
  "2.3 Search by first/last name" : {
    "transaction" : "2.3 Search by first/last name",
    "sampleCount" : 572,
    "errorCount" : 0,
    "errorPct" : 0.0,
    "meanResTime" : 452.0751748251751,
    "medianResTime" : 419.5,
    "minResTime" : 310.0,
    "maxResTime" : 2555.0,
    "pct1ResTime" : 588.7,
    "pct2ResTime" : 685.9000000000003,
    "pct3ResTime" : 1054.3699999999994,
    "throughput" : 0.49026708413651704,
    "receivedKBytesPerSec" : 193.08980042240538,
    "sentKBytesPerSec" : 1.8128886995151328
  },
  "4.0 Vaccination for flu" : {
    "transaction" : "4.0 Vaccination for flu",
    "sampleCount" : 138,
    "errorCount" : 0,
    "errorPct" : 0.0,
    "meanResTime" : 3667.884057971015,
    "medianResTime" : 3567.5,
    "minResTime" : 1784.0,
    "maxResTime" : 7282.0,
    "pct1ResTime" : 4432.5,
    "pct2ResTime" : 4805.199999999995,
    "pct3ResTime" : 6587.4099999999735,
    "throughput" : 0.12464897313633978,
    "receivedKBytesPerSec" : 143.0159832740611,
    "sentKBytesPerSec" : 1.8017683048823558
  },
  "4.0 Vaccination for hpv" : {
    "transaction" : "4.0 Vaccination for hpv",
    "sampleCount" : 141,
    "errorCount" : 0,
    "errorPct" : 0.0,
    "meanResTime" : 3564.489361702128,
    "medianResTime" : 3456.0,
    "minResTime" : 1394.0,
    "maxResTime" : 6975.0,
    "pct1ResTime" : 4338.6,
    "pct2ResTime" : 4554.5,
    "pct3ResTime" : 6288.30000000002,
    "throughput" : 0.12754963580508244,
    "receivedKBytesPerSec" : 145.05705036972432,
    "sentKBytesPerSec" : 1.8330807782698841
  },
  "1.2 Sign-in page" : {
    "transaction" : "1.2 Sign-in page",
    "sampleCount" : 584,
    "errorCount" : 0,
    "errorPct" : 0.0,
    "meanResTime" : 672.1969178082195,
    "medianResTime" : 543.0,
    "minResTime" : 177.0,
    "maxResTime" : 2021.0,
    "pct1ResTime" : 1146.5,
    "pct2ResTime" : 1331.75,
    "pct3ResTime" : 1797.449999999999,
    "throughput" : 0.4887237865381702,
    "receivedKBytesPerSec" : 190.1104956610596,
    "sentKBytesPerSec" : 2.0583187546079373
  },
  "Debug Sampler" : {
    "transaction" : "Debug Sampler",
    "sampleCount" : 571,
    "errorCount" : 0,
    "errorPct" : 0.0,
    "meanResTime" : 0.5183887915936962,
    "medianResTime" : 1.0,
    "minResTime" : 0.0,
    "maxResTime" : 4.0,
    "pct1ResTime" : 1.0,
    "pct2ResTime" : 1.0,
    "pct3ResTime" : 1.0,
    "throughput" : 0.48840069727539126,
    "receivedKBytesPerSec" : 2.9157748159516284,
    "sentKBytesPerSec" : 0.0
  },
  "2.4 Patient attending session" : {
    "transaction" : "2.4 Patient attending session",
    "sampleCount" : 26,
    "errorCount" : 0,
    "errorPct" : 0.0,
    "meanResTime" : 1122.7692307692307,
    "medianResTime" : 1021.5,
    "minResTime" : 742.0,
    "maxResTime" : 2303.0,
    "pct1ResTime" : 1649.3,
    "pct2ResTime" : 2079.349999999999,
    "pct3ResTime" : 2303.0,
    "throughput" : 0.026544371980577686,
    "receivedKBytesPerSec" : 10.546459645982306,
    "sentKBytesPerSec" : 0.1162612386063388
  },
  "Total" : {
    "transaction" : "Total",
    "sampleCount" : 7394,
    "errorCount" : 0,
    "errorPct" : 0.0,
    "meanResTime" : 717.2339734920212,
    "medianResTime" : 641.0,
    "minResTime" : 0.0,
    "maxResTime" : 5122.0,
    "pct1ResTime" : 1351.0,
    "pct2ResTime" : 1579.75,
    "pct3ResTime" : 2249.7500000000027,
    "throughput" : 6.158382196162047,
    "receivedKBytesPerSec" : 2063.0268430404826,
    "sentKBytesPerSec" : 21.77113693660256
  },
  "1.4 Open Sessions list" : {
    "transaction" : "1.4 Open Sessions list",
    "sampleCount" : 578,
    "errorCount" : 0,
    "errorPct" : 0.0,
    "meanResTime" : 995.1695501730105,
    "medianResTime" : 868.0,
    "minResTime" : 532.0,
    "maxResTime" : 2460.0,
    "pct1ResTime" : 1423.5,
    "pct2ResTime" : 1571.099999999999,
    "pct3ResTime" : 2025.4200000000073,
    "throughput" : 0.48722509293523614,
    "receivedKBytesPerSec" : 217.79818104563734,
    "sentKBytesPerSec" : 1.7293547059790444
  },
  "4.2 Vaccination batch" : {
    "transaction" : "4.2 Vaccination batch",
    "sampleCount" : 540,
    "errorCount" : 0,
    "errorPct" : 0.0,
    "meanResTime" : 839.535185185186,
    "medianResTime" : 775.5,
    "minResTime" : 514.0,
    "maxResTime" : 3390.0,
    "pct1ResTime" : 1092.3000000000002,
    "pct2ResTime" : 1272.199999999999,
    "pct3ResTime" : 2003.970000000009,
    "throughput" : 0.48551501904747346,
    "receivedKBytesPerSec" : 187.0516607367151,