{
  "4.3 Vaccination confirm" : {
    "transaction" : "4.3 Vaccination confirm",
    "sampleCount" : 1523,
    "errorCount" : 0,
    "errorPct" : 0.0,
    "meanResTime" : 1722.40183847669,
    "medianResTime" : 1632.0,
    "minResTime" : 1187.0,
    "maxResTime" : 5064.0,
    "pct1ResTime" : 2173.0,
    "pct2ResTime" : 2444.8,
    "pct3ResTime" : 3385.3199999999997,
    "throughput" : 0.4405765506819246,
    "receivedKBytesPerSec" : 172.416848713212,
    "sentKBytesPerSec" : 2.285334068055481
  },
  "4.1 Vaccination questions" : {
    "transaction" : "4.1 Vaccination questions",
    "sampleCount" : 1546,
    "errorCount" : 0,
    "errorPct" : 0.0,
    "meanResTime" : 1576.9948253557554,
    "medianResTime" : 1535.0,
    "minResTime" : 649.0,
    "maxResTime" : 3428.0,
    "pct1ResTime" : 1752.0,
    "pct2ResTime" : 1866.5999999999995,
    "pct3ResTime" : 2253.909999999999,
    "throughput" : 0.441702296651948,
    "receivedKBytesPerSec" : 169.00861937542052,
    "sentKBytesPerSec" : 2.1955891219559756
  },
  "Get Next Patient from STS" : {
    "transaction" : "Get Next Patient from STS",
    "sampleCount" : 1585,
    "errorCount" : 0,
    "errorPct" : 0.0,
    "meanResTime" : 0.6208201892744495,
    "medianResTime" : 1.0,
    "minResTime" : 0.0,
    "maxResTime" : 7.0,
    "pct1ResTime" : 1.0,
    "pct2ResTime" : 1.0,
    "pct3ResTime" : 1.0,
    "throughput" : 0.4422598389560324,
    "receivedKBytesPerSec" : 0.18596363535913452,
    "sentKBytesPerSec" : 0.28234665529486874
  },
  "2.0 Register attendance" : {
    "transaction" : "2.0 Register attendance",
    "sampleCount" : 1577,
    "errorCount" : 18,
    "errorPct" : 1.1414077,
    "meanResTime" : 3129.996195307546,
    "medianResTime" : 3157.0,
    "minResTime" : 1720.0,
    "maxResTime" : 5567.0,
    "pct1ResTime" : 3942.0,
    "pct2ResTime" : 4226.499999999998,
    "pct3ResTime" : 4884.320000000003,
    "throughput" : 0.44239508265382066,
    "receivedKBytesPerSec" : 795.9309005754748,
    "sentKBytesPerSec" : 7.699989299989733
  },
  "1.0 Login" : {
    "transaction" : "1.0 Login",
    "sampleCount" : 1587,
    "errorCount" : 0,
    "errorPct" : 0.0,
    "meanResTime" : 4064.736609955892,
    "medianResTime" : 4036.0,
    "minResTime" : 2308.0,
    "maxResTime" : 6446.0,
    "pct1ResTime" : 4556.2,
    "pct2ResTime" : 4837.4,
    "pct3ResTime" : 5514.279999999995,
    "throughput" : 0.4420605425171991,
    "receivedKBytesPerSec" : 714.4484683551888,
    "sentKBytesPerSec" : 7.347481844389676
  },
  "4.0 Vaccination for menacwy" : {
    "transaction" : "4.0 Vaccination for menacwy",
    "sampleCount" : 384,
    "errorCount" : 0,
    "errorPct" : 0.0,
    "meanResTime" : 4309.088541666669,
    "medianResTime" : 4187.0,
    "minResTime" : 2567.0,
    "maxResTime" : 6688.0,
    "pct1ResTime" : 4932.5,
    "pct2ResTime" : 5300.0,
    "pct3ResTime" : 6549.6,
    "throughput" : 0.11051253353148845,
    "receivedKBytesPerSec" : 127.54466592073705,
    "sentKBytesPerSec" : 1.6095405619490382
  },
  "2.5 Select patient" : {
    "transaction" : "2.5 Select patient",
    "sampleCount" : 1573,
    "errorCount" : 0,
    "errorPct" : 0.0,
    "meanResTime" : 514.948506039416,
    "medianResTime" : 462.0,
    "minResTime" : 386.0,
    "maxResTime" : 2245.0,
    "pct1ResTime" : 668.6000000000001,
    "pct2ResTime" : 771.0,
    "pct3ResTime" : 1139.78,
    "throughput" : 0.44336760952983867,
    "receivedKBytesPerSec" : 174.73996513042704,
    "sentKBytesPerSec" : 1.5759212706984744
  },
  "2.3 Search by first/last name" : {
    "transaction" : "2.3 Search by first/last name",
    "sampleCount" : 1577,
    "errorCount" : 0,
    "errorPct" : 0.0,
    "meanResTime" : 526.0259987317697,
    "medianResTime" : 480.0,
    "minResTime" : 370.0,
    "maxResTime" : 2066.0,
    "pct1ResTime" : 697.6000000000001,
    "pct2ResTime" : 800.0,
    "pct3ResTime" : 1119.3200000000002,
    "throughput" : 0.4425238168731497,
    "receivedKBytesPerSec" : 174.4949930636426,
    "sentKBytesPerSec" : 1.6362470272754057
  },
  "4.0 Vaccination for flu" : {
    "transaction" : "4.0 Vaccination for flu",
    "sampleCount" : 395,
    "errorCount" : 0,
    "errorPct" : 0.0,
    "meanResTime" : 4237.812658227844,
    "medianResTime" : 4191.0,
    "minResTime" : 2453.0,
    "maxResTime" : 6821.0,
    "pct1ResTime" : 4747.6,
    "pct2ResTime" : 4988.2,
    "pct3ResTime" : 5820.160000000001,
    "throughput" : 0.11273780184119382,
    "receivedKBytesPerSec" : 129.84582960662357,
    "sentKBytesPerSec" : 1.6372116489901405
  },
  "4.0 Vaccination for hpv" : {
    "transaction" : "4.0 Vaccination for hpv",
    "sampleCount" : 380,
    "errorCount" : 0,
    "errorPct" : 0.0,
    "meanResTime" : 4306.207894736841,
    "medianResTime" : 4200.0,
    "minResTime" : 2469.0,
    "maxResTime" : 6322.0,
    "pct1ResTime" : 4930.400000000001,
    "pct2ResTime" : 5185.349999999999,
    "pct3ResTime" : 5984.94,
    "throughput" : 0.1094245965183973,
    "receivedKBytesPerSec" : 126.10899770111162,
    "sentKBytesPerSec" : 1.5957206235992574
  },
  "1.2 Sign-in page" : {
    "transaction" : "1.2 Sign-in page",
    "sampleCount" : 1589,
    "errorCount" : 0,
    "errorPct" : 0.0,
    "meanResTime" : 909.772183763374,
    "medianResTime" : 713.0,
    "minResTime" : 259.0,
    "maxResTime" : 3154.0,
    "pct1ResTime" : 1581.0,
    "pct2ResTime" : 1653.0,
    "pct3ResTime" : 1921.7999999999984,
    "throughput" : 0.44210965042732164,
    "receivedKBytesPerSec" : 172.39131808739026,
    "sentKBytesPerSec" : 1.8887742136068497
  },
  "2.4 Patient attending session" : {
    "transaction" : "2.4 Patient attending session",
    "sampleCount" : 864,
    "errorCount" : 18,
    "errorPct" : 2.0833333,
    "meanResTime" : 1140.5960648148152,
    "medianResTime" : 1066.5,
    "minResTime" : 383.0,
    "maxResTime" : 3494.0,
    "pct1ResTime" : 1468.0,
    "pct2ResTime" : 1673.5,
    "pct3ResTime" : 2189.1000000000004,
    "throughput" : 0.2429897184975361,
    "receivedKBytesPerSec" : 95.95252194861231,
    "sentKBytesPerSec" : 1.060637861018318
  },
  "Debug Sampler" : {
    "transaction" : "Debug Sampler",
    "sampleCount" : 1577,
    "errorCount" : 0,
    "errorPct" : 0.0,
    "meanResTime" : 0.44958782498414745,
    "medianResTime" : 0.0,
    "minResTime" : 0.0,
    "maxResTime" : 3.0,
    "pct1ResTime" : 1.0,
    "pct2ResTime" : 1.0,
    "pct3ResTime" : 1.0,
    "throughput" : 0.4436345059312555,
    "receivedKBytesPerSec" : 2.784314705741902,
    "sentKBytesPerSec" : 0.0
  },
  "Total" : {
    "transaction" : "Total",
    "sampleCount" : 21306,
    "errorCount" : 18,
    "errorPct" : 0.08448324,
    "meanResTime" : 846.5278794705722,
    "medianResTime" : 786.5,
    "minResTime" : 0.0,
    "maxResTime" : 5064.0,
    "pct1ResTime" : 1608.0,
    "pct2ResTime" : 1779.9500000000007,
    "pct3ResTime" : 2275.9600000000064,
    "throughput" : 5.917148260029033,
    "receivedKBytesPerSec" : 1997.1396744221504,
    "sentKBytesPerSec" : 21.21700721536048
  },
  "1.4 Open Sessions list" : {
    "transaction" : "1.4 Open Sessions list",
    "sampleCount" : 1585,
    "errorCount" : 0,
    "errorPct" : 0.0,
    "meanResTime" : 1235.1022082018899,
    "medianResTime" : 1072.0,
    "minResTime" : 601.0,
    "maxResTime" : 2950.0,
    "pct1ResTime" : 1847.4,
    "pct2ResTime" : 1960.499999999999,
    "pct3ResTime" : 2326.14,
    "throughput" : 0.4421602751492256,
    "receivedKBytesPerSec" : 197.65341534029048,
    "sentKBytesPerSec" : 1.5711626952270124
  },
  "4.2 Vaccination batch" : {
    "transaction" : "4.2 Vaccination batch",
    "sampleCount" : 1546,
    "errorCount" : 0,
    "errorPct" : 0.0,
    "meanResTime" : 1018.3900388098311,
    "medianResTime" : 1011.5,
    "minResTime" : 626.0,
    "maxResTime" : 2602.0,
    "pct1ResTime" : 1201.6,
    "pct2ResTime" : 1349.2999999999997,
    "pct3ResTime" : 1754.3799999999987,
    "throughput" : 0.4417435670021556,
    "receivedKBytesPerSec" : 170.18610010363545,
    "sentKBytesPerSec" : 1.9777516323939186
  },