{
  "4.3 Vaccination confirm" : {
    "transaction" : "4.3 Vaccination confirm",
    "sampleCount" : 604,
    "errorCount" : 0,
    "errorPct" : 0.0,
    "meanResTime" : 1959.4205298013235,
    "medianResTime" : 1815.5,
    "minResTime" : 1257.0,
    "maxResTime" : 6274.0,
    "pct1ResTime" : 2675.5,
    "pct2ResTime" : 3022.0,
    "pct3ResTime" : 3842.2500000000055,
    "throughput" : 0.4529596865878937,
    "receivedKBytesPerSec" : 182.74855984106478,
    "sentKBytesPerSec" : 2.380477834738333
  },
  "4.1 Vaccination questions" : {
    "transaction" : "4.1 Vaccination questions",
    "sampleCount" : 604,
    "errorCount" : 0,
    "errorPct" : 0.0,
    "meanResTime" : 1462.490066225166,
    "medianResTime" : 1404.0,
    "minResTime" : 672.0,
    "maxResTime" : 3136.0,
    "pct1ResTime" : 1626.5,
    "pct2ResTime" : 1785.25,
    "pct3ResTime" : 2257.900000000001,
    "throughput" : 0.45417392605537166,
    "receivedKBytesPerSec" : 179.31228235345372,
    "sentKBytesPerSec" : 2.2827076015199035
  },
  "2.0 Register attendance" : {
    "transaction" : "2.0 Register attendance",
    "sampleCount" : 604,
    "errorCount" : 8,
    "errorPct" : 1.3245033,
    "meanResTime" : 3412.9271523178786,
    "medianResTime" : 3417.5,
    "minResTime" : 1766.0,
    "maxResTime" : 6978.0,
    "pct1ResTime" : 4587.0,
    "pct2ResTime" : 4962.0,
    "pct3ResTime" : 6059.150000000002,
    "throughput" : 0.4584628136561195,
    "receivedKBytesPerSec" : 855.3934593192056,
    "sentKBytesPerSec" : 7.846964618236726
  },
  "1.0 Login" : {
    "transaction" : "1.0 Login",
    "sampleCount" : 674,
    "errorCount" : 0,
    "errorPct" : 0.0,
    "meanResTime" : 4986.066765578638,
    "medianResTime" : 4819.0,
    "minResTime" : 3256.0,
    "maxResTime" : 9713.0,
    "pct1ResTime" : 5920.0,
    "pct2ResTime" : 6403.25,
    "pct3ResTime" : 7728.25,
    "throughput" : 0.4597647832454618,
    "receivedKBytesPerSec" : 764.5289517889471,
    "sentKBytesPerSec" : 7.710574823435657
  },
  "4.0 Vaccination for menacwy" : {
    "transaction" : "4.0 Vaccination for menacwy",
    "sampleCount" : 152,
    "errorCount" : 0,
    "errorPct" : 0.0,
    "meanResTime" : 4308.16447368421,
    "medianResTime" : 4179.0,
    "minResTime" : 3317.0,
    "maxResTime" : 5988.0,
    "pct1ResTime" : 5174.900000000001,
    "pct2ResTime" : 5388.2,
    "pct3ResTime" : 5937.12,
    "throughput" : 0.11589932923263206,
    "receivedKBytesPerSec" : 138.69302606167028,
    "sentKBytesPerSec" : 1.7181512622542572
  },
  "2.5 Select patient" : {
    "transaction" : "2.5 Select patient",
    "sampleCount" : 604,
    "errorCount" : 0,
    "errorPct" : 0.0,
    "meanResTime" : 474.9205298013242,
    "medianResTime" : 396.0,
    "minResTime" : 321.0,
    "maxResTime" : 2022.0,
    "pct1ResTime" : 644.0,
    "pct2ResTime" : 843.25,
    "pct3ResTime" : 1558.1500000000008,
    "throughput" : 0.45630329361832644,
    "receivedKBytesPerSec" : 185.64000278862505,
    "sentKBytesPerSec" : 1.6441875971722038
  },
  "2.3 Search by first/last name" : {
    "transaction" : "2.3 Search by first/last name",
    "sampleCount" : 604,
    "errorCount" : 0,
    "errorPct" : 0.0,
    "meanResTime" : 465.360927152318,
    "medianResTime" : 423.0,
    "minResTime" : 321.0,
    "maxResTime" : 1567.0,
    "pct1ResTime" : 627.5,
    "pct2ResTime" : 779.0,
    "pct3ResTime" : 1108.2000000000007,
    "throughput" : 0.45907365928069843,
    "receivedKBytesPerSec" : 186.82905115759337,
    "sentKBytesPerSec" : 1.72934202973262
  },
  "4.0 Vaccination for flu" : {
    "transaction" : "4.0 Vaccination for flu",
    "sampleCount" : 150,
    "errorCount" : 0,
    "errorPct" : 0.0,
    "meanResTime" : 4236.513333333334,
    "medianResTime" : 4114.0,
    "minResTime" : 3372.0,
    "maxResTime" : 6545.0,
    "pct1ResTime" : 4975.6,
    "pct2ResTime" : 5428.599999999999,
    "pct3ResTime" : 6266.5400000000045,
    "throughput" : 0.11337757074193526,
    "receivedKBytesPerSec" : 135.50639463080674,
    "sentKBytesPerSec" : 1.6770579965956496
  },
  "4.0 Vaccination for hpv" : {
    "transaction" : "4.0 Vaccination for hpv",
    "sampleCount" : 151,
    "errorCount" : 0,
    "errorPct" : 0.0,
    "meanResTime" : 4357.827814569535,
    "medianResTime" : 4152.0,
    "minResTime" : 3554.0,
    "maxResTime" : 8604.0,
    "pct1ResTime" : 5250.400000000001,
    "pct2ResTime" : 5834.200000000002,
    "pct3ResTime" : 7565.039999999979,
    "throughput" : 0.11450506135120522,
    "receivedKBytesPerSec" : 136.62091594664975,
    "sentKBytesPerSec" : 1.696451312315209
  },
  "1.2 Sign-in page" : {
    "transaction" : "1.2 Sign-in page",
    "sampleCount" : 674,
    "errorCount" : 0,
    "errorPct" : 0.0,
    "meanResTime" : 858.6053412462908,
    "medianResTime" : 648.0,
    "minResTime" : 263.0,
    "maxResTime" : 3038.0,
    "pct1ResTime" : 1531.0,
    "pct2ResTime" : 1655.25,
    "pct3ResTime" : 2027.75,
    "throughput" : 0.46086068810466596,
    "receivedKBytesPerSec" : 184.90538696528364,
    "sentKBytesPerSec" : 1.9734143928621979
  },
  "2.4 Patient attending session" : {
    "transaction" : "2.4 Patient attending session",
    "sampleCount" : 344,
    "errorCount" : 8,
    "errorPct" : 2.3255813,
    "meanResTime" : 1473.4651162790688,
    "medianResTime" : 1348.5,
    "minResTime" : 400.0,
    "maxResTime" : 3717.0,
    "pct1ResTime" : 2023.0,
    "pct2ResTime" : 2377.25,
    "pct3ResTime" : 3141.1500000000024,
    "throughput" : 0.29671901227071124,
    "receivedKBytesPerSec" : 120.95221091379321,
    "sentKBytesPerSec" : 1.3119667791151217
  },
  "Total" : {
    "transaction" : "Total",
    "sampleCount" : 7268,
    "errorCount" : 8,
    "errorPct" : 0.11007155,
    "meanResTime" : 1103.759356081449,
    "medianResTime" : 900.0,
    "minResTime" : 263.0,
    "maxResTime" : 6307.0,
    "pct1ResTime" : 1982.1000000000004,
    "pct2ResTime" : 2451.0,
    "pct3ResTime" : 3368.5499999999975,
    "throughput" : 4.914652873902098,
    "receivedKBytesPerSec" : 2008.2732308773225,
    "sentKBytesPerSec" : 20.684262862082047
  },
  "1.4 Open Sessions list" : {
    "transaction" : "1.4 Open Sessions list",
    "sampleCount" : 674,
    "errorCount" : 0,
    "errorPct" : 0.0,
    "meanResTime" : 2343.181008902078,
    "medianResTime" : 2158.5,
    "minResTime" : 1425.0,
    "maxResTime" : 6307.0,
    "pct1ResTime" : 3138.5,
    "pct2ResTime" : 3703.5,
    "pct3ResTime" : 4787.0,
    "throughput" : 0.46024073185104863,
    "receivedKBytesPerSec" : 211.14307645194341,
    "sentKBytesPerSec" : 1.656460125671668
  },
  "4.2 Vaccination batch" : {
    "transaction" : "4.2 Vaccination batch",
    "sampleCount" : 604,
    "errorCount" : 0,
    "errorPct" : 0.0,
    "meanResTime" : 882.9006622516566,
    "medianResTime" : 873.5,
    "minResTime" : 482.0,
    "maxResTime" : 2360.0,
    "pct1ResTime" : 1108.0,
    "pct2ResTime" : 1269.0,
    "pct3ResTime" : 1650.8500000000001,
    "throughput" : 0.454826811889956,
    "receivedKBytesPerSec" : 180.77136702377598,
    "sentKBytesPerSec" : 2.0613149158909256
  },
  "1.1 Homepage" : {
    "transaction" : "1.1 Homepage",
    "sampleCount" : 674,
    "errorCount" : 0,
    "errorPct" : 0.0,
    "meanResTime" : 770.1691394658752,
    "medianResTime" : 690.5,
    "minResTime" : 483.0,
    "maxResTime" : 2400.0,
    "pct1ResTime" : 1139.0,
    "pct2ResTime" : 1179.75,
    "pct3ResTime" : 1733.0,
    "throughput" : 0.46101420388866166,
    "receivedKBytesPerSec" : 184.77073908241928,
    "sentKBytesPerSec" : 1.9585936388504332
  },
  "1.3 Sign-in" : {
    "transaction" : "1.3 Sign-in",
    "sampleCount" : 674,
    "errorCount" : 0,
    "errorPct" : 0.0,
    "meanResTime" : 1014.1112759643918,
    "medianResTime" : 911.0,
    "minResTime" : 458.0,
    "maxResTime" : 3110.0,
    "pct1ResTime" : 1529.0,
    "pct2ResTime" : 1618.25,
    "pct3ResTime" : 2166.5,
    "throughput" : 0.4609070157706789,
    "receivedKBytesPerSec" : 185.32783705064983,
    "sentKBytesPerSec" : 2.139121672314601
  },