{
  "4.3 Vaccination confirm" : {
    "transaction" : "4.3 Vaccination confirm",
    "sampleCount" : 709,
    "errorCount" : 0,
    "errorPct" : 0.0,
    "meanResTime" : 4440.729196050782,
    "medianResTime" : 4099.0,
    "minResTime" : 1415.0,
    "maxResTime" : 14843.0,
    "pct1ResTime" : 7070.0,
    "pct2ResTime" : 7742.5,
    "pct3ResTime" : 10030.699999999995,
    "throughput" : 0.4273676863012683,
    "receivedKBytesPerSec" : 172.41952919161653,
    "sentKBytesPerSec" : 2.24596430635934
  },
  "4.1 Vaccination questions" : {
    "transaction" : "4.1 Vaccination questions",
    "sampleCount" : 728,
    "errorCount" : 0,
    "errorPct" : 0.0,
    "meanResTime" : 1843.8887362637372,
    "medianResTime" : 1797.0,
    "minResTime" : 572.0,
    "maxResTime" : 9289.0,
    "pct1ResTime" : 2349.2,
    "pct2ResTime" : 2657.449999999998,
    "pct3ResTime" : 4595.610000000003,
    "throughput" : 0.42814613898047116,
    "receivedKBytesPerSec" : 169.03472804872544,
    "sentKBytesPerSec" : 2.152219570895237
  },
  "2.0 Register attendance" : {
    "transaction" : "2.0 Register attendance",
    "sampleCount" : 750,
    "errorCount" : 41,
    "errorPct" : 5.4666667,
    "meanResTime" : 6152.917333333327,
    "medianResTime" : 5670.0,
    "minResTime" : 2118.0,
    "maxResTime" : 16108.0,
    "pct1ResTime" : 9874.3,
    "pct2ResTime" : 11157.8,
    "pct3ResTime" : 13921.79,
    "throughput" : 0.4266900910044626,
    "receivedKBytesPerSec" : 811.2987307196527,
    "sentKBytesPerSec" : 7.452015210186117
  },
  "1.0 Login" : {
    "transaction" : "1.0 Login",
    "sampleCount" : 771,
    "errorCount" : 0,
    "errorPct" : 0.0,
    "meanResTime" : 11098.619974059664,
    "medianResTime" : 9954.0,
    "minResTime" : 3886.0,
    "maxResTime" : 28410.0,
    "pct1ResTime" : 17397.800000000003,
    "pct2ResTime" : 20639.8,
    "pct3ResTime" : 25423.359999999997,
    "throughput" : 0.4309795477565586,
    "receivedKBytesPerSec" : 716.5804310165806,
    "sentKBytesPerSec" : 7.233435101418543
  },
  "4.0 Vaccination for menacwy" : {
    "transaction" : "4.0 Vaccination for menacwy",
    "sampleCount" : 180,
    "errorCount" : 0,
    "errorPct" : 0.0,
    "meanResTime" : 7541.155555555557,
    "medianResTime" : 7117.0,
    "minResTime" : 3306.0,
    "maxResTime" : 17883.0,
    "pct1ResTime" : 10343.0,
    "pct2ResTime" : 11405.449999999999,
    "pct3ResTime" : 16193.339999999995,
    "throughput" : 0.10715376386525058,
    "receivedKBytesPerSec" : 127.2666096379825,
    "sentKBytesPerSec" : 1.5760904830194027
  },
  "2.5 Select patient" : {
    "transaction" : "2.5 Select patient",
    "sampleCount" : 746,
    "errorCount" : 0,
    "errorPct" : 0.0,
    "meanResTime" : 1027.2439678284184,
    "medianResTime" : 881.0,
    "minResTime" : 343.0,
    "maxResTime" : 4086.0,
    "pct1ResTime" : 1784.3000000000002,
    "pct2ResTime" : 1916.65,
    "pct3ResTime" : 2905.4799999999996,
    "throughput" : 0.4282306153892077,
    "receivedKBytesPerSec" : 174.21614957353455,
    "sentKBytesPerSec" : 1.543030884877432
  },
  "2.3 Search by first/last name" : {
    "transaction" : "2.3 Search by first/last name",
    "sampleCount" : 759,
    "errorCount" : 0,
    "errorPct" : 0.0,
    "meanResTime" : 780.2358366271409,
    "medianResTime" : 713.0,
    "minResTime" : 348.0,
    "maxResTime" : 7722.0,
    "pct1ResTime" : 1119.0,
    "pct2ResTime" : 1301.0,
    "pct3ResTime" : 2340.1999999999907,
    "throughput" : 0.42910350722861323,
    "receivedKBytesPerSec" : 174.8691897268578,
    "sentKBytesPerSec" : 1.616560076575754
  },
  "4.0 Vaccination for flu" : {
    "transaction" : "4.0 Vaccination for flu",
    "sampleCount" : 181,
    "errorCount" : 0,
    "errorPct" : 0.0,
    "meanResTime" : 7432.6353591160205,
    "medianResTime" : 7182.0,
    "minResTime" : 3251.0,
    "maxResTime" : 17503.0,
    "pct1ResTime" : 10122.2,
    "pct2ResTime" : 11436.1,
    "pct3ResTime" : 13914.68000000003,
    "throughput" : 0.10694119238838677,
    "receivedKBytesPerSec" : 127.0988103337023,
    "sentKBytesPerSec" : 1.5727839964425805
  },
  "4.0 Vaccination for hpv" : {
    "transaction" : "4.0 Vaccination for hpv",
    "sampleCount" : 180,
    "errorCount" : 0,
    "errorPct" : 0.0,
    "meanResTime" : 7531.883333333335,
    "medianResTime" : 7161.0,
    "minResTime" : 3503.0,
    "maxResTime" : 16848.0,
    "pct1ResTime" : 10418.4,
    "pct2ResTime" : 11629.45,
    "pct3ResTime" : 14903.999999999995,
    "throughput" : 0.10636342847148073,
    "receivedKBytesPerSec" : 126.19457867543998,
    "sentKBytesPerSec" : 1.5667277616230115
  },
  "1.2 Sign-in page" : {
    "transaction" : "1.2 Sign-in page",
    "sampleCount" : 772,
    "errorCount" : 0,
    "errorPct" : 0.0,
    "meanResTime" : 1297.2202072538864,
    "medianResTime" : 1146.0,
    "minResTime" : 279.0,
    "maxResTime" : 9104.0,
    "pct1ResTime" : 2038.7,
    "pct2ResTime" : 2310.749999999996,
    "pct3ResTime" : 4299.469999999999,
    "throughput" : 0.4308723378842829,
    "receivedKBytesPerSec" : 172.9470459876339,
    "sentKBytesPerSec" : 1.849592851453971
  },
  "2.4 Patient attending session" : {
    "transaction" : "2.4 Patient attending session",
    "sampleCount" : 494,
    "errorCount" : 41,
    "errorPct" : 8.299595,
    "meanResTime" : 3301.248987854248,
    "medianResTime" : 2937.5,
    "minResTime" : 542.0,
    "maxResTime" : 10968.0,
    "pct1ResTime" : 5740.5,
    "pct2ResTime" : 6857.75,
    "pct3ResTime" : 9174.25,
    "throughput" : 0.28149431313108286,
    "receivedKBytesPerSec" : 114.54755204742239,
    "sentKBytesPerSec" : 1.2324313127521482
  },
  "Total" : {
    "transaction" : "Total",
    "sampleCount" : 8778,
    "errorCount" : 41,
    "errorPct" : 0.46707678,
    "meanResTime" : 2128.570858965604,
    "medianResTime" : 1347.0,
    "minResTime" : 279.0,
    "maxResTime" : 23148.0,
    "pct1ResTime" : 4778.1,
    "pct2ResTime" : 6882.0999999999985,
    "pct3ResTime" : 12365.719999999972,
    "throughput" : 4.870427108382262,
    "receivedKBytesPerSec" : 1990.2359029903912,
    "sentKBytesPerSec" : 20.456925543408
  },
  "1.4 Open Sessions list" : {
    "transaction" : "1.4 Open Sessions list",
    "sampleCount" : 770,
    "errorCount" : 0,
    "errorPct" : 0.0,
    "meanResTime" : 7093.745454545456,
    "medianResTime" : 6113.5,
    "minResTime" : 1761.0,
    "maxResTime" : 23148.0,
    "pct1ResTime" : 12629.8,
    "pct2ResTime" : 16266.949999999999,
    "pct3ResTime" : 20143.73,
    "throughput" : 0.43167556834012893,
    "receivedKBytesPerSec" : 198.03841175433652,
    "sentKBytesPerSec" : 1.5539400696959826
  },
  "4.2 Vaccination batch" : {
    "transaction" : "4.2 Vaccination batch",
    "sampleCount" : 723,
    "errorCount" : 0,
    "errorPct" : 0.0,
    "meanResTime" : 1330.5504840940532,
    "medianResTime" : 1274.0,
    "minResTime" : 532.0,
    "maxResTime" : 9107.0,
    "pct1ResTime" : 1783.8000000000002,
    "pct2ResTime" : 2027.3999999999983,
    "pct3ResTime" : 3280.7199999999975,
    "throughput" : 0.42702684185595435,
    "receivedKBytesPerSec" : 169.72243695946108,
    "sentKBytesPerSec" : 1.9357446190114358
  },
  "1.1 Homepage" : {
    "transaction" : "1.1 Homepage",
    "sampleCount" : 775,
    "errorCount" : 0,
    "errorPct" : 0.0,
    "meanResTime" : 1308.0890322580647,
    "medianResTime" : 1244.0,
    "minResTime" : 516.0,
    "maxResTime" : 9752.0,
    "pct1ResTime" : 1773.3999999999999,
    "pct2ResTime" : 2091.3999999999996,
    "pct3ResTime" : 3376.5200000000004,
    "throughput" : 0.4305990939083841,
    "receivedKBytesPerSec" : 172.65441040427422,
    "sentKBytesPerSec" : 1.835529559447122
  },
  "1.3 Sign-in" : {
    "transaction" : "1.3 Sign-in",
    "sampleCount" : 771,
    "errorCount" : 0,
    "errorPct" : 0.0,
    "meanResTime" : 1408.9740596627753,
    "medianResTime" : 1286.0,
    "minResTime" : 505.0,
    "maxResTime" : 8738.0,
    "pct1ResTime" : 2055.000000000001,
    "pct2ResTime" : 2299.3999999999996,
    "pct3ResTime" : 4371.71999999999,