{
  "2.0 Register attendance" : {
    "transaction" : "2.0 Register attendance",
    "sampleCount" : 245,
    "errorCount" : 233,
    "errorPct" : 95.10204,
    "meanResTime" : 62478.306122448965,
    "medianResTime" : 62902.0,
    "minResTime" : 24275.0,
    "maxResTime" : 111501.0,
    "pct1ResTime" : 87808.0,
    "pct2ResTime" : 93118.69999999998,
    "pct3ResTime" : 109163.2,
    "throughput" : 0.3182752340297282,
    "receivedKBytesPerSec" : 18.707276421391214,
    "sentKBytesPerSec" : 0.4282481570889638
  },
  "2.5 Select patient" : {
    "transaction" : "2.5 Select patient",
    "sampleCount" : 6,
    "errorCount" : 0,
    "errorPct" : 0.0,
    "meanResTime" : 724.6666666666666,
    "medianResTime" : 635.5,
    "minResTime" : 605.0,
    "maxResTime" : 938.0,
    "pct1ResTime" : 938.0,
    "pct2ResTime" : 938.0,
    "pct3ResTime" : 938.0,
    "throughput" : 0.15569856757317832,
    "receivedKBytesPerSec" : 3.528001819727008,
    "sentKBytesPerSec" : 0.10830984339319077
  },
  "Choose session" : {
    "transaction" : "Choose session",
    "sampleCount" : 245,
    "errorCount" : 0,
    "errorPct" : 0.0,
    "meanResTime" : 0.7836734693877557,
    "medianResTime" : 1.0,
    "minResTime" : 0.0,
    "maxResTime" : 42.0,
    "pct1ResTime" : 1.0,
    "pct2ResTime" : 1.0,
    "pct3ResTime" : 1.0,
    "throughput" : 0.3380294126980404,
    "receivedKBytesPerSec" : 0.0,
    "sentKBytesPerSec" : 0.0
  },
  "2.5 Select menacwy" : {
    "transaction" : "2.5 Select menacwy",
    "sampleCount" : 2,
    "errorCount" : 0,
    "errorPct" : 0.0,
    "meanResTime" : 590.0,
    "medianResTime" : 590.0,
    "minResTime" : 583.0,
    "maxResTime" : 597.0,
    "pct1ResTime" : 597.0,
    "pct2ResTime" : 597.0,
    "pct3ResTime" : 597.0,
    "throughput" : 0.10229132569558103,
    "receivedKBytesPerSec" : 2.377773853058511,
    "sentKBytesPerSec" : 0.07671849427168577
  },
  "2.3 Search by first/last name" : {
    "transaction" : "2.3 Search by first/last name",
    "sampleCount" : 55,
    "errorCount" : 41,
    "errorPct" : 74.545456,
    "meanResTime" : 40384.745454545446,
    "medianResTime" : 39212.0,
    "minResTime" : 11922.0,
    "maxResTime" : 60249.0,
    "pct1ResTime" : 60084.0,
    "pct2ResTime" : 60240.6,
    "pct3ResTime" : 60249.0,
    "throughput" : 0.07458163095110563,
    "receivedKBytesPerSec" : 2.0710042340330896,
    "sentKBytesPerSec" : 0.058293384134724256
  },
  "2.5 Select td_ipv" : {
    "transaction" : "2.5 Select td_ipv",
    "sampleCount" : 2,
    "errorCount" : 0,
    "errorPct" : 0.0,
    "meanResTime" : 830.5,
    "medianResTime" : 830.5,
    "minResTime" : 822.0,
    "maxResTime" : 839.0,
    "pct1ResTime" : 839.0,
    "pct2ResTime" : 839.0,
    "pct3ResTime" : 839.0,
    "throughput" : 0.0640717603716162,
    "receivedKBytesPerSec" : 1.5602474771744355,
    "sentKBytesPerSec" : 0.04467503604036521
  },
  "4.0 Vaccination for flu" : {
    "transaction" : "4.0 Vaccination for flu",
    "sampleCount" : 1,
    "errorCount" : 0,
    "errorPct" : 0.0,
    "meanResTime" : 2950.0,
    "medianResTime" : 2950.0,
    "minResTime" : 2950.0,
    "maxResTime" : 2950.0,
    "pct1ResTime" : 2950.0,
    "pct2ResTime" : 2950.0,
    "pct3ResTime" : 2950.0,
    "throughput" : 0.33898305084745767,
    "receivedKBytesPerSec" : 15.298265360169491,
    "sentKBytesPerSec" : 2.015029131355932
  },
  "4.0 Vaccination for hpv" : {
    "transaction" : "4.0 Vaccination for hpv",
    "sampleCount" : 3,
    "errorCount" : 0,
    "errorPct" : 0.0,
    "meanResTime" : 2969.0,
    "medianResTime" : 2967.0,
    "minResTime" : 2910.0,
    "maxResTime" : 3030.0,
    "pct1ResTime" : 3030.0,
    "pct2ResTime" : 3030.0,
    "pct3ResTime" : 3030.0,
    "throughput" : 0.12987575219706482,
    "receivedKBytesPerSec" : 5.583642690159747,
    "sentKBytesPerSec" : 0.7743926279276159
  },
  "1.2 Sign-in page" : {
    "transaction" : "1.2 Sign-in page",
    "sampleCount" : 56,
    "errorCount" : 0,
    "errorPct" : 0.0,
    "meanResTime" : 723.6964285714286,
    "medianResTime" : 103.0,
    "minResTime" : 89.0,
    "maxResTime" : 12435.0,
    "pct1ResTime" : 2504.2000000000057,
    "pct2ResTime" : 4632.999999999999,
    "pct3ResTime" : 12435.0,
    "throughput" : 0.07770223393922575,
    "receivedKBytesPerSec" : 0.45900470029138335,
    "sentKBytesPerSec" : 0.04681863119189676
  },
  "Get correct patient name" : {
    "transaction" : "Get correct patient name",
    "sampleCount" : 14,
    "errorCount" : 0,
    "errorPct" : 0.0,
    "meanResTime" : 4.571428571428572,
    "medianResTime" : 1.0,
    "minResTime" : 0.0,
    "maxResTime" : 56.0,
    "pct1ResTime" : 28.5,
    "pct2ResTime" : 56.0,
    "pct3ResTime" : 56.0,
    "throughput" : 0.019746483362882535,
    "receivedKBytesPerSec" : 0.0,
    "sentKBytesPerSec" : 0.0
  },
  "2.4 Patient attending session" : {
    "transaction" : "2.4 Patient attending session",
    "sampleCount" : 8,
    "errorCount" : 2,
    "errorPct" : 25.0,
    "meanResTime" : 20648.375,
    "medianResTime" : 17772.0,
    "minResTime" : 12706.0,
    "maxResTime" : 34981.0,
    "pct1ResTime" : 34981.0,
    "pct2ResTime" : 34981.0,
    "pct3ResTime" : 34981.0,
    "throughput" : 0.011186057697685605,
    "receivedKBytesPerSec" : 0.9508517724133639,
    "sentKBytesPerSec" : 0.016647999932883652
  },
  "Logout" : {
    "transaction" : "Logout",
    "sampleCount" : 1,
    "errorCount" : 0,
    "errorPct" : 0.0,
    "meanResTime" : 95.0,
    "medianResTime" : 95.0,
    "minResTime" : 95.0,
    "maxResTime" : 95.0,
    "pct1ResTime" : 95.0,
    "pct2ResTime" : 95.0,
    "pct3ResTime" : 95.0,
    "throughput" : 10.526315789473683,
    "receivedKBytesPerSec" : 50.11307565789473,
    "sentKBytesPerSec" : 7.689144736842105
  },
  "1.1 Homepage" : {
    "transaction" : "1.1 Homepage",
    "sampleCount" : 57,
    "errorCount" : 1,
    "errorPct" : 1.754386,
    "meanResTime" : 2858.3157894736846,
    "medianResTime" : 330.0,
    "minResTime" : 260.0,
    "maxResTime" : 45273.0,
    "pct1ResTime" : 8446.800000000007,
    "pct2ResTime" : 16968.799999999956,
    "pct3ResTime" : 45273.0,
    "throughput" : 0.07576059651501256,
    "receivedKBytesPerSec" : 0.41018169044153807,
    "sentKBytesPerSec" : 0.04106165143147653
  },
  "1.3 Sign-in" : {
    "transaction" : "1.3 Sign-in",
    "sampleCount" : 56,
    "errorCount" : 2,
    "errorPct" : 3.5714285,
    "meanResTime" : 8930.892857142859,
    "medianResTime" : 2597.5,
    "minResTime" : 976.0,
    "maxResTime" : 56159.0,
    "pct1ResTime" : 30695.50000000001,
    "pct2ResTime" : 45136.499999999985,
    "pct3ResTime" : 56159.0,
    "throughput" : 0.07732179397607995,
    "receivedKBytesPerSec" : 1.1099852035772375,
    "sentKBytesPerSec" : 0.17102916343341903
  },
  "4.0 Vaccination for td_ipv" : {
    "transaction" : "4.0 Vaccination for td_ipv",
    "sampleCount" : 2,
    "errorCount" : 0,
    "errorPct" : 0.0,
    "meanResTime" : 3017.0,
    "medianResTime" : 3017.0,
    "minResTime" : 2923.0,
    "maxResTime" : 3111.0,
    "pct1ResTime" : 3111.0,
    "pct2ResTime" : 3111.0,
    "pct3ResTime" : 3111.0,
    "throughput" : 0.06003301815998799,
    "receivedKBytesPerSec" : 2.869801046825754,
    "sentKBytesPerSec" : 0.36453643253789586
  },
  "2.1 Open session" : {
    "transaction" : "2.1 Open session",
    "sampleCount" : 245,
    "errorCount" : 73,
    "errorPct" : 29.795918,
    "meanResTime" : 26484.92653061224,
    "medianResTime" : 24285.0,
    "minResTime" : 6745.0,
    "maxResTime" : 60240.0,
    "pct1ResTime" : 41028.00000000001,
    "pct2ResTime" : 50230.09999999999,
    "pct3ResTime" : 57846.93999999998,
    "throughput" : 0.3337970159909207,
    "receivedKBytesPerSec" : 3.9013218106376337,
    "sentKBytesPerSec" : 0.21570408094100785
  },
  "4.3 Vaccination confirm" : {
    "transaction" : "4.3 Vaccination confirm",
    "sampleCount" : 8,
    "errorCount" : 0,
    "errorPct" : 0.0,
    "meanResTime" : 1475.0,
    "medianResTime" : 1507.5,
    "minResTime" : 1357.0,
    "maxResTime" : 1566.0,