{
  "4.3 Vaccination confirm" : {
    "transaction" : "4.3 Vaccination confirm",
    "sampleCount" : 1429,
    "errorCount" : 0,
    "errorPct" : 0.0,
    "meanResTime" : 2853.0440867739694,
    "medianResTime" : 2508.0,
    "minResTime" : 1232.0,
    "maxResTime" : 14411.0,
    "pct1ResTime" : 4317.0,
    "pct2ResTime" : 5520.5,
    "pct3ResTime" : 8803.800000000028,
    "throughput" : 0.4149426992879188,
    "receivedKBytesPerSec" : 157.2838481716787,
    "sentKBytesPerSec" : 2.1523649619582623
  },
  "4.1 Vaccination questions" : {
    "transaction" : "4.1 Vaccination questions",
    "sampleCount" : 1457,
    "errorCount" : 0,
    "errorPct" : 0.0,
    "meanResTime" : 2141.5133836650634,
    "medianResTime" : 2004.0,
    "minResTime" : 679.0,
    "maxResTime" : 21176.0,
    "pct1ResTime" : 2635.6000000000004,
    "pct2ResTime" : 3209.199999999999,
    "pct3ResTime" : 5942.86000000001,
    "throughput" : 0.4163221127332847,
    "receivedKBytesPerSec" : 154.69553820276857,
    "sentKBytesPerSec" : 2.0694970604037097
  },
  "Get Next Patient from STS" : {
    "transaction" : "Get Next Patient from STS",
    "sampleCount" : 1495,
    "errorCount" : 0,
    "errorPct" : 0.0,
    "meanResTime" : 0.6234113712374593,
    "medianResTime" : 1.0,
    "minResTime" : 0.0,
    "maxResTime" : 14.0,
    "pct1ResTime" : 1.0,
    "pct2ResTime" : 1.0,
    "pct3ResTime" : 1.0,
    "throughput" : 0.4173471239339503,
    "receivedKBytesPerSec" : 0.17584967739346483,
    "sentKBytesPerSec" : 0.2664453653881049
  },
  "2.0 Register attendance" : {
    "transaction" : "2.0 Register attendance",
    "sampleCount" : 1487,
    "errorCount" : 23,
    "errorPct" : 1.5467384,
    "meanResTime" : 6557.581035642228,
    "medianResTime" : 5949.0,
    "minResTime" : 2372.0,
    "maxResTime" : 33189.0,
    "pct1ResTime" : 9920.2,
    "pct2ResTime" : 12179.799999999994,
    "pct3ResTime" : 17153.119999999995,
    "throughput" : 0.4164941777643085,
    "receivedKBytesPerSec" : 735.3713416845621,
    "sentKBytesPerSec" : 7.32915670800005
  },
  "1.0 Login" : {
    "transaction" : "1.0 Login",
    "sampleCount" : 1497,
    "errorCount" : 0,
    "errorPct" : 0.0,
    "meanResTime" : 6731.523714094853,
    "medianResTime" : 6479.0,
    "minResTime" : 2961.0,
    "maxResTime" : 44146.0,
    "pct1ResTime" : 8472.0,
    "pct2ResTime" : 9620.2,
    "pct3ResTime" : 12647.88,
    "throughput" : 0.41669635778991154,
    "receivedKBytesPerSec" : 654.4931153113574,
    "sentKBytesPerSec" : 6.926117219267183
  },
  "4.0 Vaccination for menacwy" : {
    "transaction" : "4.0 Vaccination for menacwy",
    "sampleCount" : 362,
    "errorCount" : 0,
    "errorPct" : 0.0,
    "meanResTime" : 6497.513812154693,
    "medianResTime" : 6207.5,
    "minResTime" : 2798.0,
    "maxResTime" : 24398.0,
    "pct1ResTime" : 8723.699999999999,
    "pct2ResTime" : 10459.199999999999,
    "pct3ResTime" : 15353.800000000008,
    "throughput" : 0.10404373745798731,
    "receivedKBytesPerSec" : 116.04381545037286,
    "sentKBytesPerSec" : 1.5162910721276024
  },
  "2.5 Select patient" : {
    "transaction" : "2.5 Select patient",
    "sampleCount" : 1477,
    "errorCount" : 0,
    "errorPct" : 0.0,
    "meanResTime" : 879.5125253893021,
    "medianResTime" : 689.0,
    "minResTime" : 396.0,
    "maxResTime" : 19524.0,
    "pct1ResTime" : 1535.4,
    "pct2ResTime" : 1900.1,
    "pct3ResTime" : 3763.2800000000075,
    "throughput" : 0.41769558730205414,
    "receivedKBytesPerSec" : 159.5778792777387,
    "sentKBytesPerSec" : 1.4846756517408601
  },
  "2.3 Search by first/last name" : {
    "transaction" : "2.3 Search by first/last name",
    "sampleCount" : 1490,
    "errorCount" : 0,
    "errorPct" : 0.0,
    "meanResTime" : 784.8664429530206,
    "medianResTime" : 675.0,
    "minResTime" : 402.0,
    "maxResTime" : 8557.0,
    "pct1ResTime" : 1102.0,
    "pct2ResTime" : 1382.6000000000004,
    "pct3ResTime" : 3078.3599999999997,
    "throughput" : 0.4180114103087786,
    "receivedKBytesPerSec" : 159.67488592707076,
    "sentKBytesPerSec" : 1.5457455165996818
  },
  "4.0 Vaccination for flu" : {
    "transaction" : "4.0 Vaccination for flu",
    "sampleCount" : 363,
    "errorCount" : 0,
    "errorPct" : 0.0,
    "meanResTime" : 6322.9421487603295,
    "medianResTime" : 6102.0,
    "minResTime" : 2663.0,
    "maxResTime" : 18888.0,
    "pct1ResTime" : 8470.800000000001,
    "pct2ResTime" : 9660.4,
    "pct3ResTime" : 13497.640000000021,
    "throughput" : 0.10415680333301772,
    "receivedKBytesPerSec" : 115.61253072876765,
    "sentKBytesPerSec" : 1.5132096713393761
  },
  "4.0 Vaccination for hpv" : {
    "transaction" : "4.0 Vaccination for hpv",
    "sampleCount" : 362,
    "errorCount" : 0,
    "errorPct" : 0.0,
    "meanResTime" : 6351.5635359116,
    "medianResTime" : 6062.0,
    "minResTime" : 2606.0,
    "maxResTime" : 16584.0,
    "pct1ResTime" : 8510.599999999999,
    "pct2ResTime" : 9703.099999999993,
    "pct3ResTime" : 14860.550000000003,
    "throughput" : 0.10434715433491805,
    "receivedKBytesPerSec" : 116.40243578677538,
    "sentKBytesPerSec" : 1.5199089938599484
  },
  "1.2 Sign-in page" : {
    "transaction" : "1.2 Sign-in page",
    "sampleCount" : 1499,
    "errorCount" : 0,
    "errorPct" : 0.0,
    "meanResTime" : 1343.1054036024027,
    "medianResTime" : 1121.0,
    "minResTime" : 306.0,
    "maxResTime" : 21151.0,
    "pct1ResTime" : 2079.0,
    "pct2ResTime" : 2484.0,
    "pct3ResTime" : 4483.0,
    "throughput" : 0.417257712169562,
    "receivedKBytesPerSec" : 157.75604716619662,
    "sentKBytesPerSec" : 1.781724540616378
  },
  "2.4 Patient attending session" : {
    "transaction" : "2.4 Patient attending session",
    "sampleCount" : 886,
    "errorCount" : 23,
    "errorPct" : 2.5959368,
    "meanResTime" : 1862.161399548532,
    "medianResTime" : 1628.0,
    "minResTime" : 476.0,
    "maxResTime" : 12904.0,
    "pct1ResTime" : 2772.0,
    "pct2ResTime" : 3611.5,
    "pct3ResTime" : 5981.319999999997,
    "throughput" : 0.24947402091301862,
    "receivedKBytesPerSec" : 95.1641811633845,
    "sentKBytesPerSec" : 1.0880248651122688
  },
  "Debug Sampler" : {
    "transaction" : "Debug Sampler",
    "sampleCount" : 1487,
    "errorCount" : 0,
    "errorPct" : 0.0,
    "meanResTime" : 0.46469401479488864,
    "medianResTime" : 0.0,
    "minResTime" : 0.0,
    "maxResTime" : 3.0,
    "pct1ResTime" : 1.0,
    "pct2ResTime" : 1.0,
    "pct3ResTime" : 1.0,
    "throughput" : 0.41888267904628834,
    "receivedKBytesPerSec" : 2.6511358882735383,
    "sentKBytesPerSec" : 0.0
  },
  "Total" : {
    "transaction" : "Total",
    "sampleCount" : 20149,
    "errorCount" : 23,
    "errorPct" : 0.114149585,
    "meanResTime" : 1447.1811504293062,
    "medianResTime" : 1221.5,
    "minResTime" : 0.0,
    "maxResTime" : 28327.0,
    "pct1ResTime" : 2772.0,
    "pct2ResTime" : 3497.0,
    "pct3ResTime" : 6272.600000000064,
    "throughput" : 5.5946071419051595,
    "receivedKBytesPerSec" : 1834.0127933032456,
    "sentKBytesPerSec" : 20.06904073096962
  },
  "1.4 Open Sessions list" : {
    "transaction" : "1.4 Open Sessions list",
    "sampleCount" : 1496,
    "errorCount" : 0,
    "errorPct" : 0.0,
    "meanResTime" : 2587.340909090912,
    "medianResTime" : 2404.5,
    "minResTime" : 1537.0,
    "maxResTime" : 19543.0,
    "pct1ResTime" : 3404.2,
    "pct2ResTime" : 3797.149999999997,
    "pct3ResTime" : 5091.719999999997,
    "throughput" : 0.41720129879003254,
    "receivedKBytesPerSec" : 181.24750306260194,
    "sentKBytesPerSec" : 1.4824172773278703
  },
  "4.2 Vaccination batch" : {
    "transaction" : "4.2 Vaccination batch",
    "sampleCount" : 1453,
    "errorCount" : 0,
    "errorPct" : 0.0,
    "meanResTime" : 1456.5340674466631,
    "medianResTime" : 1341.0,
    "minResTime" : 598.0,
    "maxResTime" : 13810.0,
    "pct1ResTime" : 1968.6000000000008,
    "pct2ResTime" : 2481.7999999999997,
    "pct3ResTime" : 4726.380000000002,
    "throughput" : 0.41628323533153105,