{
  "4.3 Vaccination confirm" : {
    "transaction" : "4.3 Vaccination confirm",
    "sampleCount" : 787,
    "errorCount" : 0,
    "errorPct" : 0.0,
    "meanResTime" : 1171.733163913597,
    "medianResTime" : 1085.0,
    "minResTime" : 855.0,
    "maxResTime" : 5476.0,
    "pct1ResTime" : 1442.2000000000005,
    "pct2ResTime" : 1732.3999999999987,
    "pct3ResTime" : 2496.0000000000014,
    "throughput" : 0.3239868412764999,
    "receivedKBytesPerSec" : 6.6348029594211635,
    "sentKBytesPerSec" : 0.7542677939840955
  },
  "4.1 Vaccination questions" : {
    "transaction" : "4.1 Vaccination questions",
    "sampleCount" : 787,
    "errorCount" : 0,
    "errorPct" : 0.0,
    "meanResTime" : 712.0012706480314,
    "medianResTime" : 669.0,
    "minResTime" : 424.0,
    "maxResTime" : 2174.0,
    "pct1ResTime" : 841.0,
    "pct2ResTime" : 973.1999999999998,
    "pct3ResTime" : 1433.64,
    "throughput" : 0.3253171118454285,
    "receivedKBytesPerSec" : 3.590073308862556,
    "sentKBytesPerSec" : 0.6859368431394879
  },
  "2.0 Register attendance" : {
    "transaction" : "2.0 Register attendance",
    "sampleCount" : 787,
    "errorCount" : 5,
    "errorPct" : 0.635324,
    "meanResTime" : 1848.9466327827204,
    "medianResTime" : 1849.0,
    "minResTime" : 951.0,
    "maxResTime" : 6682.0,
    "pct1ResTime" : 2432.4,
    "pct2ResTime" : 2682.5999999999995,
    "pct3ResTime" : 3237.88,
    "throughput" : 0.32533634279785123,
    "receivedKBytesPerSec" : 38.02880235558808,
    "sentKBytesPerSec" : 1.251701269178619
  },
  "1.0 Login" : {
    "transaction" : "1.0 Login",
    "sampleCount" : 857,
    "errorCount" : 0,
    "errorPct" : 0.0,
    "meanResTime" : 2718.0070011668636,
    "medianResTime" : 2632.0,
    "minResTime" : 2034.0,
    "maxResTime" : 7068.0,
    "pct1ResTime" : 3186.4000000000005,
    "pct2ResTime" : 3457.3999999999996,
    "pct3ResTime" : 4526.859999999999,
    "throughput" : 0.33593180701913244,
    "receivedKBytesPerSec" : 44.46449459326674,
    "sentKBytesPerSec" : 1.6541367036417047
  },
  "4.0 Vaccination for menacwy" : {
    "transaction" : "4.0 Vaccination for menacwy",
    "sampleCount" : 17,
    "errorCount" : 0,
    "errorPct" : 0.0,
    "meanResTime" : 2277.9411764705883,
    "medianResTime" : 2201.0,
    "minResTime" : 2018.0,
    "maxResTime" : 2761.0,
    "pct1ResTime" : 2700.2,
    "pct2ResTime" : 2761.0,
    "pct3ResTime" : 2761.0,
    "throughput" : 0.041781668661536535,
    "receivedKBytesPerSec" : 1.971908509819921,
    "sentKBytesPerSec" : 0.2518012776281284
  },
  "2.5 Select patient" : {
    "transaction" : "2.5 Select patient",
    "sampleCount" : 787,
    "errorCount" : 0,
    "errorPct" : 0.0,
    "meanResTime" : 299.16264294790346,
    "medianResTime" : 277.0,
    "minResTime" : 226.0,
    "maxResTime" : 996.0,
    "pct1ResTime" : 405.20000000000005,
    "pct2ResTime" : 474.1999999999998,
    "pct3ResTime" : 695.8000000000001,
    "throughput" : 0.3247405685972157,
    "receivedKBytesPerSec" : 7.605306871326811,
    "sentKBytesPerSec" : 0.2258159216391105
  },
  "Get Session ID's" : {
    "transaction" : "Get Session ID's",
    "sampleCount" : 1,
    "errorCount" : 0,
    "errorPct" : 0.0,
    "meanResTime" : 0.0,
    "medianResTime" : 0.0,
    "minResTime" : 0.0,
    "maxResTime" : 0.0,
    "pct1ResTime" : 0.0,
    "pct2ResTime" : 0.0,
    "pct3ResTime" : 0.0,
    "throughput" : "Infinity",
    "receivedKBytesPerSec" : "NaN",
    "sentKBytesPerSec" : "NaN"
  },
  "2.3 Search by first/last name" : {
    "transaction" : "2.3 Search by first/last name",
    "sampleCount" : 787,
    "errorCount" : 0,
    "errorPct" : 0.0,
    "meanResTime" : 286.4523506988565,
    "medianResTime" : 255.0,
    "minResTime" : 218.0,
    "maxResTime" : 3363.0,
    "pct1ResTime" : 385.0,
    "pct2ResTime" : 446.39999999999964,
    "pct3ResTime" : 651.36,
    "throughput" : 0.3254040054049316,
    "receivedKBytesPerSec" : 7.739340547670032,
    "sentKBytesPerSec" : 0.25750140606988037
  },
  "Data prep" : {
    "transaction" : "Data prep",
    "sampleCount" : 1,
    "errorCount" : 0,
    "errorPct" : 0.0,
    "meanResTime" : 0.0,
    "medianResTime" : 0.0,
    "minResTime" : 0.0,
    "maxResTime" : 0.0,
    "pct1ResTime" : 0.0,
    "pct2ResTime" : 0.0,
    "pct3ResTime" : 0.0,
    "throughput" : "Infinity",
    "receivedKBytesPerSec" : "NaN",
    "sentKBytesPerSec" : "NaN"
  },
  "4.0 Vaccination for flu" : {
    "transaction" : "4.0 Vaccination for flu",
    "sampleCount" : 257,
    "errorCount" : 0,
    "errorPct" : 0.0,
    "meanResTime" : 2456.972762645914,
    "medianResTime" : 2300.0,
    "minResTime" : 1958.0,
    "maxResTime" : 6578.0,
    "pct1ResTime" : 2804.2000000000003,
    "pct2ResTime" : 3264.2,
    "pct3ResTime" : 6339.04,
    "throughput" : 0.10663679176780565,
    "receivedKBytesPerSec" : 4.851811538531358,
    "sentKBytesPerSec" : 0.6437427225316902
  },
  "4.0 Vaccination for hpv" : {
    "transaction" : "4.0 Vaccination for hpv",
    "sampleCount" : 257,
    "errorCount" : 0,
    "errorPct" : 0.0,
    "meanResTime" : 2360.482490272376,
    "medianResTime" : 2266.0,
    "minResTime" : 1960.0,
    "maxResTime" : 5208.0,
    "pct1ResTime" : 2719.4,
    "pct2ResTime" : 2953.7999999999997,
    "pct3ResTime" : 4638.999999999999,
    "throughput" : 0.1077898961022838,
    "receivedKBytesPerSec" : 4.676836267855585,
    "sentKBytesPerSec" : 0.6531874870767463
  },
  "1.2 Sign-in page" : {
    "transaction" : "1.2 Sign-in page",
    "sampleCount" : 857,
    "errorCount" : 0,
    "errorPct" : 0.0,
    "meanResTime" : 444.9113185530916,
    "medianResTime" : 392.0,
    "minResTime" : 108.0,
    "maxResTime" : 4200.0,
    "pct1ResTime" : 689.2,
    "pct2ResTime" : 743.3999999999996,
    "pct3ResTime" : 1133.339999999997,
    "throughput" : 0.33634948949055027,
    "receivedKBytesPerSec" : 6.243092625871045,
    "sentKBytesPerSec" : 0.4343397632700078
  },
  "Debug Sampler" : {
    "transaction" : "Debug Sampler",
    "sampleCount" : 1644,
    "errorCount" : 0,
    "errorPct" : 0.0,
    "meanResTime" : 0.40693430656934304,
    "medianResTime" : 0.0,
    "minResTime" : 0.0,
    "maxResTime" : 4.0,
    "pct1ResTime" : 1.0,
    "pct2ResTime" : 1.0,
    "pct3ResTime" : 1.0,
    "throughput" : 0.6455724684547139,
    "receivedKBytesPerSec" : 3.63062150744411,
    "sentKBytesPerSec" : 0.0
  },
  "2.4 Patient attending session" : {
    "transaction" : "2.4 Patient attending session",
    "sampleCount" : 552,
    "errorCount" : 5,
    "errorPct" : 0.9057971,
    "meanResTime" : 799.6865942028986,
    "medianResTime" : 743.0,
    "minResTime" : 282.0,
    "maxResTime" : 3939.0,
    "pct1ResTime" : 1026.0,
    "pct2ResTime" : 1175.6000000000004,
    "pct3ResTime" : 1598.2700000000038,
    "throughput" : 0.23227063905563472,
    "receivedKBytesPerSec" : 5.779578401570898,
    "sentKBytesPerSec" : 0.3442766425100293
  },
  "Total" : {
    "transaction" : "Total",
    "sampleCount" : 11133,
    "errorCount" : 5,
    "errorPct" : 0.044911526,
    "meanResTime" : 511.3158178388562,
    "medianResTime" : 431.0,
    "minResTime" : 0.0,
    "maxResTime" : 5476.0,
    "pct1ResTime" : 1050.6000000000004,
    "pct2ResTime" : 1267.2999999999993,
    "pct3ResTime" : 1721.3199999999997,
    "throughput" : 4.344068315771196,
    "receivedKBytesPerSec" : 96.03668019208934,
    "sentKBytesPerSec" : 4.687069792058897
  },
  "1.4 Open Sessions list" : {
    "transaction" : "1.4 Open Sessions list",
    "sampleCount" : 857,
    "errorCount" : 0,
    "errorPct" : 0.0,
    "meanResTime" : 1225.7479579930011,
    "medianResTime" : 1169.0,
    "minResTime" : 893.0,
    "maxResTime" : 4388.0,
    "pct1ResTime" : 1585.6000000000001,
    "pct2ResTime" : 1735.6999999999994,
    "pct3ResTime" : 2147.499999999997,
    "throughput" : 0.33631622672815326,
    "receivedKBytesPerSec" : 25.702573507120917,
    "sentKBytesPerSec" : 0.21698667908623234
  },
  "4.2 Vaccination batch" : {
    "transaction" : "4.2 Vaccination batch",
    "sampleCount" : 787,