{
  "4.3 Vaccination confirm" : {
    "transaction" : "4.3 Vaccination confirm",
    "sampleCount" : 719,
    "errorCount" : 0,
    "errorPct" : 0.0,
    "meanResTime" : 1862.7552155771907,
    "medianResTime" : 1680.0,
    "minResTime" : 1130.0,
    "maxResTime" : 6789.0,
    "pct1ResTime" : 2623.0,
    "pct2ResTime" : 3330.0,
    "pct3ResTime" : 4182.399999999997,
    "throughput" : 0.43628005417396837,
    "receivedKBytesPerSec" : 175.98874932475954,
    "sentKBytesPerSec" : 2.2928233628196555
  },
  "4.1 Vaccination questions" : {
    "transaction" : "4.1 Vaccination questions",
    "sampleCount" : 745,
    "errorCount" : 0,
    "errorPct" : 0.0,
    "meanResTime" : 1029.1812080536915,
    "medianResTime" : 1029.0,
    "minResTime" : 446.0,
    "maxResTime" : 2321.0,
    "pct1ResTime" : 1238.8,
    "pct2ResTime" : 1476.6999999999998,
    "pct3ResTime" : 1812.7799999999997,
    "throughput" : 0.4389875121310811,
    "receivedKBytesPerSec" : 173.30902491390395,
    "sentKBytesPerSec" : 2.2067684950742064
  },
  "2.0 Register attendance" : {
    "transaction" : "2.0 Register attendance",
    "sampleCount" : 764,
    "errorCount" : 31,
    "errorPct" : 4.0575914,
    "meanResTime" : 3208.07853403141,
    "medianResTime" : 2988.0,
    "minResTime" : 1332.0,
    "maxResTime" : 8840.0,
    "pct1ResTime" : 4261.0,
    "pct2ResTime" : 5304.25,
    "pct3ResTime" : 7458.200000000004,
    "throughput" : 0.4357340721801475,
    "receivedKBytesPerSec" : 870.9561784357403,
    "sentKBytesPerSec" : 8.089524557593037
  },
  "1.0 Login" : {
    "transaction" : "1.0 Login",
    "sampleCount" : 782,
    "errorCount" : 0,
    "errorPct" : 0.0,
    "meanResTime" : 11687.694373401528,
    "medianResTime" : 11101.5,
    "minResTime" : 1351.0,
    "maxResTime" : 27126.0,
    "pct1ResTime" : 13148.900000000003,
    "pct2ResTime" : 17130.34999999998,
    "pct3ResTime" : 24130.269999999993,
    "throughput" : 0.43615270922223154,
    "receivedKBytesPerSec" : 724.8457211535109,
    "sentKBytesPerSec" : 7.314946321878747
  },
  "4.0 Vaccination for menacwy" : {
    "transaction" : "4.0 Vaccination for menacwy",
    "sampleCount" : 181,
    "errorCount" : 0,
    "errorPct" : 0.0,
    "meanResTime" : 3519.7071823204437,
    "medianResTime" : 3356.0,
    "minResTime" : 1273.0,
    "maxResTime" : 6681.0,
    "pct1ResTime" : 4489.2,
    "pct2ResTime" : 5340.8,
    "pct3ResTime" : 6587.52,
    "throughput" : 0.10689710769499716,
    "receivedKBytesPerSec" : 126.25126841114428,
    "sentKBytesPerSec" : 1.5631441141330378
  },
  "2.5 Select patient" : {
    "transaction" : "2.5 Select patient",
    "sampleCount" : 760,
    "errorCount" : 0,
    "errorPct" : 0.0,
    "meanResTime" : 507.24342105263133,
    "medianResTime" : 364.5,
    "minResTime" : 272.0,
    "maxResTime" : 2363.0,
    "pct1ResTime" : 972.0,
    "pct2ResTime" : 1087.7999999999997,
    "pct3ResTime" : 1457.7699999999995,
    "throughput" : 0.43662352136869986,
    "receivedKBytesPerSec" : 177.61740832521843,
    "sentKBytesPerSec" : 1.573249520288631
  },
  "2.3 Search by first/last name" : {
    "transaction" : "2.3 Search by first/last name",
    "sampleCount" : 767,
    "errorCount" : 0,
    "errorPct" : 0.0,
    "meanResTime" : 402.5749674054759,
    "medianResTime" : 358.0,
    "minResTime" : 268.0,
    "maxResTime" : 4651.0,
    "pct1ResTime" : 580.0,
    "pct2ResTime" : 662.5999999999999,
    "pct3ResTime" : 1046.239999999998,
    "throughput" : 0.4350094715230436,
    "receivedKBytesPerSec" : 177.32743371085905,
    "sentKBytesPerSec" : 1.6387117310768045
  },
  "4.0 Vaccination for flu" : {
    "transaction" : "4.0 Vaccination for flu",
    "sampleCount" : 189,
    "errorCount" : 0,
    "errorPct" : 0.0,
    "meanResTime" : 3570.5079365079364,
    "medianResTime" : 3331.0,
    "minResTime" : 1367.0,
    "maxResTime" : 8586.0,
    "pct1ResTime" : 4447.0,
    "pct2ResTime" : 5243.5,
    "pct3ResTime" : 7610.399999999994,
    "throughput" : 0.11284067136020175,
    "receivedKBytesPerSec" : 133.8940157054512,
    "sentKBytesPerSec" : 1.656891417496752
  },
  "4.0 Vaccination for hpv" : {
    "transaction" : "4.0 Vaccination for hpv",
    "sampleCount" : 189,
    "errorCount" : 0,
    "errorPct" : 0.0,
    "meanResTime" : 3528.1164021163995,
    "medianResTime" : 3360.0,
    "minResTime" : 1678.0,
    "maxResTime" : 7236.0,
    "pct1ResTime" : 4278.0,
    "pct2ResTime" : 4857.0,
    "pct3ResTime" : 6565.499999999995,
    "throughput" : 0.11282740094022835,
    "receivedKBytesPerSec" : 133.65265768412806,
    "sentKBytesPerSec" : 1.6593153029624654
  },
  "1.2 Sign-in page" : {
    "transaction" : "1.2 Sign-in page",
    "sampleCount" : 785,
    "errorCount" : 0,
    "errorPct" : 0.0,
    "meanResTime" : 598.1872611464971,
    "medianResTime" : 482.0,
    "minResTime" : 180.0,
    "maxResTime" : 2390.0,
    "pct1ResTime" : 1050.8,
    "pct2ResTime" : 1115.0,
    "pct3ResTime" : 1595.84,
    "throughput" : 0.43712694556293874,
    "receivedKBytesPerSec" : 175.44261637339022,
    "sentKBytesPerSec" : 1.8769524322007756
  },
  "2.4 Patient attending session" : {
    "transaction" : "2.4 Patient attending session",
    "sampleCount" : 691,
    "errorCount" : 31,
    "errorPct" : 4.486252,
    "meanResTime" : 1373.6164978292313,
    "medianResTime" : 1194.0,
    "minResTime" : 286.0,
    "maxResTime" : 6125.0,
    "pct1ResTime" : 2043.6000000000001,
    "pct2ResTime" : 2534.6,
    "pct3ResTime" : 3815.2000000000116,
    "throughput" : 0.3959910349005065,
    "receivedKBytesPerSec" : 161.55334031206644,
    "sentKBytesPerSec" : 1.7446894319606026
  },
  "Total" : {
    "transaction" : "Total",
    "sampleCount" : 9101,
    "errorCount" : 31,
    "errorPct" : 0.34062192,
    "meanResTime" : 1563.7956268541961,
    "medianResTime" : 674.0,
    "minResTime" : 180.0,
    "maxResTime" : 23724.0,
    "pct1ResTime" : 2445.000000000001,
    "pct2ResTime" : 9027.599999999999,
    "pct3ResTime" : 10687.919999999998,
    "throughput" : 5.043714781004907,
    "receivedKBytesPerSec" : 2060.1703681869185,
    "sentKBytesPerSec" : 21.22358800509193
  },
  "1.4 Open Sessions list" : {
    "transaction" : "1.4 Open Sessions list",
    "sampleCount" : 778,
    "errorCount" : 0,
    "errorPct" : 0.0,
    "meanResTime" : 9740.188946015418,
    "medianResTime" : 9189.5,
    "minResTime" : 7131.0,
    "maxResTime" : 23724.0,
    "pct1ResTime" : 10881.2,
    "pct2ResTime" : 14374.39999999998,
    "pct3ResTime" : 21278.380000000005,
    "throughput" : 0.43444634615545696,
    "receivedKBytesPerSec" : 199.79445935633674,
    "sentKBytesPerSec" : 1.5639352993240394
  },
  "4.2 Vaccination batch" : {
    "transaction" : "4.2 Vaccination batch",
    "sampleCount" : 742,
    "errorCount" : 0,
    "errorPct" : 0.0,
    "meanResTime" : 700.9568733153633,
    "medianResTime" : 670.5,
    "minResTime" : 422.0,
    "maxResTime" : 2143.0,
    "pct1ResTime" : 941.3000000000004,
    "pct2ResTime" : 1117.7,
    "pct3ResTime" : 1469.0800000000022,
    "throughput" : 0.438768444388465,
    "receivedKBytesPerSec" : 174.38103787068394,
    "sentKBytesPerSec" : 1.9890264832531783
  },
  "1.1 Homepage" : {
    "transaction" : "1.1 Homepage",
    "sampleCount" : 789,
    "errorCount" : 0,
    "errorPct" : 0.0,
    "meanResTime" : 670.0164765525991,
    "medianResTime" : 611.0,
    "minResTime" : 423.0,
    "maxResTime" : 5121.0,
    "pct1ResTime" : 883.0,
    "pct2ResTime" : 1129.5,
    "pct3ResTime" : 1629.200000000002,
    "throughput" : 0.43869501299960634,
    "receivedKBytesPerSec" : 175.88648595824975,
    "sentKBytesPerSec" : 1.870764346480654
  },
  "1.3 Sign-in" : {
    "transaction" : "1.3 Sign-in",
    "sampleCount" : 783,
    "errorCount" : 0,
    "errorPct" : 0.0,
    "meanResTime" : 728.0191570881225,
    "medianResTime" : 625.0,
    "minResTime" : 361.0,
    "maxResTime" : 2919.0,
    "pct1ResTime" : 1113.6,
    "pct2ResTime" : 1281.1999999999998,
    "pct3ResTime" : 1746.039999999997,
    "throughput" : 0.43695903299794076,