{
  "2.0 Register attendance" : {
    "transaction" : "2.0 Register attendance",
    "sampleCount" : 63,
    "errorCount" : 0,
    "errorPct" : 0.0,
    "meanResTime" : 5028.222222222223,
    "medianResTime" : 4866.0,
    "minResTime" : 2854.0,
    "maxResTime" : 8201.0,
    "pct1ResTime" : 7239.8,
    "pct2ResTime" : 7431.599999999999,
    "pct3ResTime" : 8201.0,
    "throughput" : 0.12197553906411848,
    "receivedKBytesPerSec" : 38.61126121920844,
    "sentKBytesPerSec" : 0.5219355097899891
  },
  "2.5 Select patient" : {
    "transaction" : "2.5 Select patient",
    "sampleCount" : 60,
    "errorCount" : 0,
    "errorPct" : 0.0,
    "meanResTime" : 325.63333333333327,
    "medianResTime" : 235.0,
    "minResTime" : 186.0,
    "maxResTime" : 829.0,
    "pct1ResTime" : 605.7,
    "pct2ResTime" : 663.4499999999999,
    "pct3ResTime" : 829.0,
    "throughput" : 0.11912774663910845,
    "receivedKBytesPerSec" : 3.020068697621019,
    "sentKBytesPerSec" : 0.08259833995485058
  },
  "1.4 Select Organisations" : {
    "transaction" : "1.4 Select Organisations",
    "sampleCount" : 35,
    "errorCount" : 0,
    "errorPct" : 0.0,
    "meanResTime" : 269.0285714285714,
    "medianResTime" : 245.0,
    "minResTime" : 234.0,
    "maxResTime" : 661.0,
    "pct1ResTime" : 336.19999999999993,
    "pct2ResTime" : 418.5999999999987,
    "pct3ResTime" : 661.0,
    "throughput" : 0.5571296679507179,
    "receivedKBytesPerSec" : 8.004386401260705,
    "sentKBytesPerSec" : 0.8052264732100219
  },
  "2.5 Select menacwy" : {
    "transaction" : "2.5 Select menacwy",
    "sampleCount" : 27,
    "errorCount" : 0,
    "errorPct" : 0.0,
    "meanResTime" : 270.00000000000006,
    "medianResTime" : 218.0,
    "minResTime" : 183.0,
    "maxResTime" : 452.0,
    "pct1ResTime" : 444.2,
    "pct2ResTime" : 450.8,
    "pct3ResTime" : 452.0,
    "throughput" : 0.09276501590748236,
    "receivedKBytesPerSec" : 2.148371737763607,
    "sentKBytesPerSec" : 0.06468185679486563
  },
  "2.3 Search by first/last name" : {
    "transaction" : "2.3 Search by first/last name",
    "sampleCount" : 71,
    "errorCount" : 0,
    "errorPct" : 0.0,
    "meanResTime" : 1471.2535211267611,
    "medianResTime" : 1215.0,
    "minResTime" : 616.0,
    "maxResTime" : 4513.0,
    "pct1ResTime" : 2637.599999999999,
    "pct2ResTime" : 3359.7999999999965,
    "pct3ResTime" : 4513.0,
    "throughput" : 0.13466353083984522,
    "receivedKBytesPerSec" : 11.813481600528222,
    "sentKBytesPerSec" : 0.11616729928495562
  },
  "2.5 Select td_ipv" : {
    "transaction" : "2.5 Select td_ipv",
    "sampleCount" : 25,
    "errorCount" : 0,
    "errorPct" : 0.0,
    "meanResTime" : 245.96000000000004,
    "medianResTime" : 217.0,
    "minResTime" : 183.0,
    "maxResTime" : 468.0,
    "pct1ResTime" : 453.6,
    "pct2ResTime" : 465.3,
    "pct3ResTime" : 468.0,
    "throughput" : 0.33971545433544864,
    "receivedKBytesPerSec" : 7.978973842759306,
    "sentKBytesPerSec" : 0.23654015521599112
  },
  "4.0 Vaccination for flu" : {
    "transaction" : "4.0 Vaccination for flu",
    "sampleCount" : 45,
    "errorCount" : 0,
    "errorPct" : 0.0,
    "meanResTime" : 1335.1333333333334,
    "medianResTime" : 1322.0,
    "minResTime" : 1249.0,
    "maxResTime" : 1556.0,
    "pct1ResTime" : 1414.8,
    "pct2ResTime" : 1523.3999999999996,
    "pct3ResTime" : 1556.0,
    "throughput" : 0.1189563562346348,
    "receivedKBytesPerSec" : 6.234306951181633,
    "sentKBytesPerSec" : 0.6950298753932168
  },
  "4.0 Vaccination for hpv" : {
    "transaction" : "4.0 Vaccination for hpv",
    "sampleCount" : 44,
    "errorCount" : 0,
    "errorPct" : 0.0,
    "meanResTime" : 1467.9545454545453,
    "medianResTime" : 1351.0,
    "minResTime" : 972.0,
    "maxResTime" : 2780.0,
    "pct1ResTime" : 2215.0,
    "pct2ResTime" : 2236.5,
    "pct3ResTime" : 2780.0,
    "throughput" : 0.13061961194100744,
    "receivedKBytesPerSec" : 6.531864807402867,
    "sentKBytesPerSec" : 0.7527268235536847
  },
  "5.8 Consent confirm" : {
    "transaction" : "5.8 Consent confirm",
    "sampleCount" : 1,
    "errorCount" : 0,
    "errorPct" : 0.0,
    "meanResTime" : 787.0,
    "medianResTime" : 787.0,
    "minResTime" : 787.0,
    "maxResTime" : 787.0,
    "pct1ResTime" : 787.0,
    "pct2ResTime" : 787.0,
    "pct3ResTime" : 787.0,
    "throughput" : 1.2706480304955527,
    "receivedKBytesPerSec" : 125.70108997776366,
    "sentKBytesPerSec" : 2.7609295584498095
  },
  "Select Organisations" : {
    "transaction" : "Select Organisations",
    "sampleCount" : 1,
    "errorCount" : 0,
    "errorPct" : 0.0,
    "meanResTime" : 0.0,
    "medianResTime" : 0.0,
    "minResTime" : 0.0,
    "maxResTime" : 0.0,
    "pct1ResTime" : 0.0,
    "pct2ResTime" : 0.0,
    "pct3ResTime" : 0.0,
    "throughput" : "Infinity",
    "receivedKBytesPerSec" : "NaN",
    "sentKBytesPerSec" : "NaN"
  },
  "1.2 Sign-in page" : {
    "transaction" : "1.2 Sign-in page",
    "sampleCount" : 35,
    "errorCount" : 0,
    "errorPct" : 0.0,
    "meanResTime" : 88.65714285714289,
    "medianResTime" : 88.0,
    "minResTime" : 84.0,
    "maxResTime" : 96.0,
    "pct1ResTime" : 91.4,
    "pct2ResTime" : 92.79999999999998,
    "pct3ResTime" : 96.0,
    "throughput" : 0.619699357283238,
    "receivedKBytesPerSec" : 3.734535872846545,
    "sentKBytesPerSec" : 0.37339306976929476
  },
  "5.9 Patient home page" : {
    "transaction" : "5.9 Patient home page",
    "sampleCount" : 1,
    "errorCount" : 0,
    "errorPct" : 0.0,
    "meanResTime" : 219.0,
    "medianResTime" : 219.0,
    "minResTime" : 219.0,
    "maxResTime" : 219.0,
    "pct1ResTime" : 219.0,
    "pct2ResTime" : 219.0,
    "pct3ResTime" : 219.0,
    "throughput" : 4.5662100456621,
    "receivedKBytesPerSec" : 111.27907391552512,
    "sentKBytesPerSec" : 3.402361586757991
  },
  "2.4 Patient attending session" : {
    "transaction" : "2.4 Patient attending session",
    "sampleCount" : 65,
    "errorCount" : 0,
    "errorPct" : 0.0,
    "meanResTime" : 1614.215384615385,
    "medianResTime" : 1328.0,
    "minResTime" : 811.0,
    "maxResTime" : 5632.0,
    "pct1ResTime" : 2560.7999999999997,
    "pct2ResTime" : 3603.8999999999965,
    "pct3ResTime" : 5632.0,
    "throughput" : 0.12581245814316297,
    "receivedKBytesPerSec" : 9.835264161401899,
    "sentKBytesPerSec" : 0.18699859501356836
  },
  "Logout" : {
    "transaction" : "Logout",
    "sampleCount" : 1,
    "errorCount" : 0,
    "errorPct" : 0.0,
    "meanResTime" : 270.0,
    "medianResTime" : 270.0,
    "minResTime" : 270.0,
    "maxResTime" : 270.0,
    "pct1ResTime" : 270.0,
    "pct2ResTime" : 270.0,
    "pct3ResTime" : 270.0,
    "throughput" : 3.7037037037037037,
    "receivedKBytesPerSec" : 23.227719907407405,
    "sentKBytesPerSec" : 7.8305844907407405
  },
  "5.4 Consent route" : {
    "transaction" : "5.4 Consent route",
    "sampleCount" : 1,
    "errorCount" : 0,
    "errorPct" : 0.0,
    "meanResTime" : 277.0,
    "medianResTime" : 277.0,
    "minResTime" : 277.0,
    "maxResTime" : 277.0,
    "pct1ResTime" : 277.0,
    "pct2ResTime" : 277.0,
    "pct3ResTime" : 277.0,
    "throughput" : 3.6101083032490977,
    "receivedKBytesPerSec" : 47.03364733754512,
    "sentKBytesPerSec" : 5.616115749097473
  },
  "1.1 Homepage" : {
    "transaction" : "1.1 Homepage",
    "sampleCount" : 35,
    "errorCount" : 0,
    "errorPct" : 0.0,
    "meanResTime" : 261.97142857142853,
    "medianResTime" : 259.0,
    "minResTime" : 249.0,
    "maxResTime" : 331.0,
    "pct1ResTime" : 272.4,
    "pct2ResTime" : 292.5999999999998,
    "pct3ResTime" : 331.0,
    "throughput" : 0.5997463929538367,
    "receivedKBytesPerSec" : 3.0953707878525654,
    "sentKBytesPerSec" : 0.32505785946228455
  },
  "1.3 Sign-in" : {
    "transaction" : "1.3 Sign-in",
    "sampleCount" : 35,
    "errorCount" : 0,
    "errorPct" : 0.0,
    "meanResTime" : 436.3142857142857,
    "medianResTime" : 423.0,
    "minResTime" : 412.0,
    "maxResTime" : 542.0,
    "pct1ResTime" : 498.6,