{
  "1.2 Sign-in page" : {
    "transaction" : "1.2 Sign-in page",
    "sampleCount" : 70,
    "errorCount" : 0,
    "errorPct" : 0.0,
    "meanResTime" : 368.15714285714296,
    "medianResTime" : 415.0,
    "minResTime" : 178.0,
    "maxResTime" : 453.0,
    "pct1ResTime" : 427.0,
    "pct2ResTime" : 433.9,
    "pct3ResTime" : 453.0,
    "throughput" : 0.0788225265772669,
    "receivedKBytesPerSec" : 30.674885862166423,
    "sentKBytesPerSec" : 0.2804203753134603
  },
  "1.0 Login" : {
    "transaction" : "1.0 Login",
    "sampleCount" : 70,
    "errorCount" : 0,
    "errorPct" : 0.0,
    "meanResTime" : 9308.228571428574,
    "medianResTime" : 9238.5,
    "minResTime" : 8970.0,
    "maxResTime" : 12042.0,
    "pct1ResTime" : 9510.2,
    "pct2ResTime" : 9856.400000000001,
    "pct3ResTime" : 12042.0,
    "throughput" : 0.0780890929617185,
    "receivedKBytesPerSec" : 127.1867996384475,
    "sentKBytesPerSec" : 1.2146514381779807
  },
  "Total" : {
    "transaction" : "Total",
    "sampleCount" : 280,
    "errorCount" : 0,
    "errorPct" : 0.0,
    "meanResTime" : 2327.057142857142,
    "medianResTime" : 763.5,
    "minResTime" : 178.0,
    "maxResTime" : 9855.0,
    "pct1ResTime" : 7300.6,
    "pct2ResTime" : 7425.6,
    "pct3ResTime" : 7844.48,
    "throughput" : 0.3079257898846378,
    "receivedKBytesPerSec" : 125.38273354246627,
    "sentKBytesPerSec" : 1.1974223587115507
  },
  "1.4 Open Sessions list" : {
    "transaction" : "1.4 Open Sessions list",
    "sampleCount" : 70,
    "errorCount" : 0,
    "errorPct" : 0.0,
    "meanResTime" : 7347.228571428573,
    "medianResTime" : 7266.5,
    "minResTime" : 7102.0,
    "maxResTime" : 9855.0,
    "pct1ResTime" : 7509.7,
    "pct2ResTime" : 7759.55,
    "pct3ResTime" : 9855.0,
    "throughput" : 0.07830897364903036,
    "receivedKBytesPerSec" : 35.72439864651329,
    "sentKBytesPerSec" : 0.2782109825538794
  },
  "1.1 Homepage" : {
    "transaction" : "1.1 Homepage",
    "sampleCount" : 70,
    "errorCount" : 0,
    "errorPct" : 0.0,
    "meanResTime" : 772.6428571428573,
    "medianResTime" : 762.5,
    "minResTime" : 752.0,
    "maxResTime" : 852.0,
    "pct1ResTime" : 817.8,
    "pct2ResTime" : 842.6,
    "pct3ResTime" : 852.0,
    "throughput" : 0.07883948281299274,
    "receivedKBytesPerSec" : 30.650085209994593,
    "sentKBytesPerSec" : 0.26030887831125826
  },
  "1.3 Sign-in" : {
    "transaction" : "1.3 Sign-in",
    "sampleCount" : 70,
    "errorCount" : 0,
    "errorPct" : 0.0,
    "meanResTime" : 820.2,
    "medianResTime" : 806.0,
    "minResTime" : 650.0,
    "maxResTime" : 1210.0,
    "pct1ResTime" : 942.2,
    "pct2ResTime" : 1008.5500000000001,
    "pct3ResTime" : 1210.0,
    "throughput" : 0.07883380032975051,
    "receivedKBytesPerSec" : 31.108761240151406,
    "sentKBytesPerSec" : 0.40540897708639284
  }
}