{
  "4.3 Vaccination confirm" : {
    "transaction" : "4.3 Vaccination confirm",
    "sampleCount" : 1381,
    "errorCount" : 0,
    "errorPct" : 0.0,
    "meanResTime" : 3185.711803041277,
    "medianResTime" : 2561.0,
    "minResTime" : 1484.0,
    "maxResTime" : 22617.0,
    "pct1ResTime" : 4974.599999999999,
    "pct2ResTime" : 7080.199999999996,
    "pct3ResTime" : 12529.960000000034,
    "throughput" : 0.40115250737745894,
    "receivedKBytesPerSec" : 156.61783073786063,
    "sentKBytesPerSec" : 2.393453124269262
  },
  "4.1 Vaccination questions" : {
    "transaction" : "4.1 Vaccination questions",
    "sampleCount" : 1386,
    "errorCount" : 0,
    "errorPct" : 0.0,
    "meanResTime" : 1903.7950937950936,
    "medianResTime" : 1642.0,
    "minResTime" : 615.0,
    "maxResTime" : 19373.0,
    "pct1ResTime" : 2374.0999999999995,
    "pct2ResTime" : 3073.749999999998,
    "pct3ResTime" : 6679.199999999995,
    "throughput" : 0.3957451401297565,
    "receivedKBytesPerSec" : 152.18844906514133,
    "sentKBytesPerSec" : 2.2378696378460843
  },
  "2.0 Register attendance" : {
    "transaction" : "2.0 Register attendance",
    "sampleCount" : 1394,
    "errorCount" : 52,
    "errorPct" : 3.7302725,
    "meanResTime" : 4975.530129124815,
    "medianResTime" : 4407.0,
    "minResTime" : 1900.0,
    "maxResTime" : 24063.0,
    "pct1ResTime" : 7522.0,
    "pct2ResTime" : 10149.0,
    "pct3ResTime" : 16658.949999999997,
    "throughput" : 0.3923809416579643,
    "receivedKBytesPerSec" : 728.5002998185167,
    "sentKBytesPerSec" : 7.798598428699401
  },
  "1.0 Login" : {
    "transaction" : "1.0 Login",
    "sampleCount" : 1451,
    "errorCount" : 0,
    "errorPct" : 0.0,
    "meanResTime" : 5438.813921433491,
    "medianResTime" : 4811.0,
    "minResTime" : 2553.0,
    "maxResTime" : 26830.0,
    "pct1ResTime" : 7205.199999999999,
    "pct2ResTime" : 9574.799999999996,
    "pct3ResTime" : 15471.80000000001,
    "throughput" : 0.404506948961036,
    "receivedKBytesPerSec" : 656.5109879801707,
    "sentKBytesPerSec" : 7.708956551099458
  },
  "4.0 Vaccination for menacwy" : {
    "transaction" : "4.0 Vaccination for menacwy",
    "sampleCount" : 337,
    "errorCount" : 0,
    "errorPct" : 0.0,
    "meanResTime" : 6294.970326409498,
    "medianResTime" : 5417.0,
    "minResTime" : 3969.0,
    "maxResTime" : 26276.0,
    "pct1ResTime" : 9753.999999999998,
    "pct2ResTime" : 12607.399999999994,
    "pct3ResTime" : 16241.980000000001,
    "throughput" : 0.10419326892931986,
    "receivedKBytesPerSec" : 122.42519545996382,
    "sentKBytesPerSec" : 1.747991784403257
  },
  "2.5 Select patient" : {
    "transaction" : "2.5 Select patient",
    "sampleCount" : 1391,
    "errorCount" : 0,
    "errorPct" : 0.0,
    "meanResTime" : 671.203450754853,
    "medianResTime" : 493.0,
    "minResTime" : 354.0,
    "maxResTime" : 10584.0,
    "pct1ResTime" : 1146.7999999999997,
    "pct2ResTime" : 1583.7999999999997,
    "pct3ResTime" : 2796.799999999981,
    "throughput" : 0.39316875645329563,
    "receivedKBytesPerSec" : 156.97136456958057,
    "sentKBytesPerSec" : 1.616329834845097
  },
  "2.3 Search by first/last name" : {
    "transaction" : "2.3 Search by first/last name",
    "sampleCount" : 1396,
    "errorCount" : 0,
    "errorPct" : 0.0,
    "meanResTime" : 678.2249283667626,
    "medianResTime" : 523.0,
    "minResTime" : 353.0,
    "maxResTime" : 12673.0,
    "pct1ResTime" : 1002.5999999999999,
    "pct2ResTime" : 1351.3999999999978,
    "pct3ResTime" : 3879.289999999999,
    "throughput" : 0.3919114639437242,
    "receivedKBytesPerSec" : 156.18603677365132,
    "sentKBytesPerSec" : 1.6754155865238605
  },
  "4.0 Vaccination for flu" : {
    "transaction" : "4.0 Vaccination for flu",
    "sampleCount" : 369,
    "errorCount" : 0,
    "errorPct" : 0.0,
    "meanResTime" : 5983.208672086718,
    "medianResTime" : 5206.0,
    "minResTime" : 2131.0,
    "maxResTime" : 27479.0,
    "pct1ResTime" : 8670.0,
    "pct2ResTime" : 10871.0,
    "pct3ResTime" : 17695.50000000002,
    "throughput" : 0.10568245087054845,
    "receivedKBytesPerSec" : 120.2940065220428,
    "sentKBytesPerSec" : 1.76290380442861
  },
  "4.0 Vaccination for hpv" : {
    "transaction" : "4.0 Vaccination for hpv",
    "sampleCount" : 341,
    "errorCount" : 0,
    "errorPct" : 0.0,
    "meanResTime" : 6357.076246334314,
    "medianResTime" : 5399.0,
    "minResTime" : 3996.0,
    "maxResTime" : 26579.0,
    "pct1ResTime" : 9457.4,
    "pct2ResTime" : 12499.199999999997,
    "pct3ResTime" : 20126.119999999937,
    "throughput" : 0.10493034133132294,
    "receivedKBytesPerSec" : 121.76164028903924,
    "sentKBytesPerSec" : 1.7595932723226992
  },
  "1.2 Sign-in page" : {
    "transaction" : "1.2 Sign-in page",
    "sampleCount" : 1451,
    "errorCount" : 0,
    "errorPct" : 0.0,
    "meanResTime" : 1336.1123363197796,
    "medianResTime" : 980.0,
    "minResTime" : 306.0,
    "maxResTime" : 12050.0,
    "pct1ResTime" : 2153.5999999999995,
    "pct2ResTime" : 2952.3999999999965,
    "pct3ResTime" : 6348.760000000002,
    "throughput" : 0.4051892144271934,
    "receivedKBytesPerSec" : 158.55073671535777,
    "sentKBytesPerSec" : 1.9872726434903183
  },
  "2.4 Patient attending session" : {
    "transaction" : "2.4 Patient attending session",
    "sampleCount" : 906,
    "errorCount" : 52,
    "errorPct" : 5.7395144,
    "meanResTime" : 2386.001103752761,
    "medianResTime" : 1914.0,
    "minResTime" : 469.0,
    "maxResTime" : 18079.0,
    "pct1ResTime" : 3737.0000000000036,
    "pct2ResTime" : 5039.6,
    "pct3ResTime" : 10878.729999999998,
    "throughput" : 0.25500604161664825,
    "receivedKBytesPerSec" : 101.45511173296589,
    "sentKBytesPerSec" : 1.2751121183951395
  },
  "Total" : {
    "transaction" : "Total",
    "sampleCount" : 16444,
    "errorCount" : 52,
    "errorPct" : 0.31622475,
    "meanResTime" : 1429.1009486742928,
    "medianResTime" : 1090.0,
    "minResTime" : 306.0,
    "maxResTime" : 22617.0,
    "pct1ResTime" : 2512.0,
    "pct2ResTime" : 3307.25,
    "pct3ResTime" : 6893.399999999994,
    "throughput" : 4.568993637751379,
    "receivedKBytesPerSec" : 1820.6715335310932,
    "sentKBytesPerSec" : 21.83881420953479
  },
  "1.4 Open Sessions list" : {
    "transaction" : "1.4 Open Sessions list",
    "sampleCount" : 1451,
    "errorCount" : 0,
    "errorPct" : 0.0,
    "meanResTime" : 1583.424534803584,
    "medianResTime" : 1353.0,
    "minResTime" : 789.0,
    "maxResTime" : 13995.0,
    "pct1ResTime" : 2378.6,
    "pct2ResTime" : 2616.399999999999,
    "pct3ResTime" : 3769.2400000000007,
    "throughput" : 0.4052091295208674,
    "receivedKBytesPerSec" : 181.54624317850258,
    "sentKBytesPerSec" : 1.6653316235111495
  },
  "4.2 Vaccination batch" : {
    "transaction" : "4.2 Vaccination batch",
    "sampleCount" : 1385,
    "errorCount" : 0,
    "errorPct" : 0.0,
    "meanResTime" : 1175.2967509025257,
    "medianResTime" : 999.0,
    "minResTime" : 528.0,
    "maxResTime" : 8986.0,
    "pct1ResTime" : 1591.4000000000005,
    "pct2ResTime" : 2391.000000000003,
    "pct3ResTime" : 5628.56,
    "throughput" : 0.3969622215209701,
    "receivedKBytesPerSec" : 153.42017946660243,
    "sentKBytesPerSec" : 2.042309108194275
  },
  "1.1 Homepage" : {
    "transaction" : "1.1 Homepage",
    "sampleCount" : 1451,
    "errorCount" : 0,
    "errorPct" : 0.0,
    "meanResTime" : 1106.6395589248784,
    "medianResTime" : 880.0,
    "minResTime" : 508.0,
    "maxResTime" : 12885.0,
    "pct1ResTime" : 1612.3999999999999,
    "pct2ResTime" : 2351.1999999999975,
    "pct3ResTime" : 5006.600000000004,
    "throughput" : 0.40488767227258904,
    "receivedKBytesPerSec" : 158.6974492194367,
    "sentKBytesPerSec" : 1.9777854710097915
  },
  "1.3 Sign-in" : {
    "transaction" : "1.3 Sign-in",
    "sampleCount" : 1451,
    "errorCount" : 0,
    "errorPct" : 0.0,
    "meanResTime" : 1412.6374913852542,
    "medianResTime" : 1228.0,
    "minResTime" : 508.0,
    "maxResTime" : 20549.0,