{
  "4.3 Vaccination confirm" : {
    "transaction" : "4.3 Vaccination confirm",
    "sampleCount" : 459,
    "errorCount" : 25,
    "errorPct" : 5.4466233,
    "meanResTime" : 1936.6753812636139,
    "medianResTime" : 1705.0,
    "minResTime" : 178.0,
    "maxResTime" : 8763.0,
    "pct1ResTime" : 2926.0,
    "pct2ResTime" : 3517.0,
    "pct3ResTime" : 6667.799999999993,
    "throughput" : 0.4350863489999175,
    "receivedKBytesPerSec" : 166.77411298281314,
    "sentKBytesPerSec" : 2.221910344841478
  },
  "4.1 Vaccination questions" : {
    "transaction" : "4.1 Vaccination questions",
    "sampleCount" : 482,
    "errorCount" : 0,
    "errorPct" : 0.0,
    "meanResTime" : 1326.9751037344404,
    "medianResTime" : 1207.5,
    "minResTime" : 496.0,
    "maxResTime" : 7551.0,
    "pct1ResTime" : 1661.1,
    "pct2ResTime" : 1925.0499999999988,
    "pct3ResTime" : 3524.700000000005,
    "throughput" : 0.4344416703471027,
    "receivedKBytesPerSec" : 163.84643135489242,
    "sentKBytesPerSec" : 2.157213156957827
  },
  "Get Next Patient from STS" : {
    "transaction" : "Get Next Patient from STS",
    "sampleCount" : 517,
    "errorCount" : 0,
    "errorPct" : 0.0,
    "meanResTime" : 0.6847195357833658,
    "medianResTime" : 1.0,
    "minResTime" : 0.0,
    "maxResTime" : 8.0,
    "pct1ResTime" : 1.0,
    "pct2ResTime" : 1.0,
    "pct3ResTime" : 1.0,
    "throughput" : 0.43652673325176955,
    "receivedKBytesPerSec" : 0.1837977353487021,
    "sentKBytesPerSec" : 0.2786687164214265
  },
  "2.0 Register attendance" : {
    "transaction" : "2.0 Register attendance",
    "sampleCount" : 504,
    "errorCount" : 8,
    "errorPct" : 1.5873016,
    "meanResTime" : 6213.154761904763,
    "medianResTime" : 5555.5,
    "minResTime" : 2288.0,
    "maxResTime" : 17803.0,
    "pct1ResTime" : 9413.0,
    "pct2ResTime" : 11450.25,
    "pct3ResTime" : 15705.55,
    "throughput" : 0.43718766887891725,
    "receivedKBytesPerSec" : 850.9381715173317,
    "sentKBytesPerSec" : 8.38565400298875
  },
  "1.0 Login" : {
    "transaction" : "1.0 Login",
    "sampleCount" : 520,
    "errorCount" : 0,
    "errorPct" : 0.0,
    "meanResTime" : 3939.8019230769237,
    "medianResTime" : 3746.0,
    "minResTime" : 1624.0,
    "maxResTime" : 9994.0,
    "pct1ResTime" : 4937.6,
    "pct2ResTime" : 5565.749999999999,
    "pct3ResTime" : 8774.309999999969,
    "throughput" : 0.43668855708023313,
    "receivedKBytesPerSec" : 695.4662882141853,
    "sentKBytesPerSec" : 7.199192375480777
  },
  "4.0 Vaccination for menacwy" : {
    "transaction" : "4.0 Vaccination for menacwy",
    "sampleCount" : 115,
    "errorCount" : 6,
    "errorPct" : 5.2173915,
    "meanResTime" : 4232.6173913043485,
    "medianResTime" : 3850.0,
    "minResTime" : 2065.0,
    "maxResTime" : 10630.0,
    "pct1ResTime" : 5651.0,
    "pct2ResTime" : 7583.999999999996,
    "pct3ResTime" : 10465.040000000003,
    "throughput" : 0.10616622676921401,
    "receivedKBytesPerSec" : 119.5811950070485,
    "sentKBytesPerSec" : 1.5309429545783952
  },
  "2.5 Select patient" : {
    "transaction" : "2.5 Select patient",
    "sampleCount" : 502,
    "errorCount" : 0,
    "errorPct" : 0.0,
    "meanResTime" : 539.5717131474096,
    "medianResTime" : 442.0,
    "minResTime" : 303.0,
    "maxResTime" : 3637.0,
    "pct1ResTime" : 819.0999999999999,
    "pct2ResTime" : 1146.5499999999993,
    "pct3ResTime" : 1992.3999999999994,
    "throughput" : 0.43815969437052077,
    "receivedKBytesPerSec" : 168.7113903136595,
    "sentKBytesPerSec" : 1.5573954900209566
  },
  "2.3 Search by first/last name" : {
    "transaction" : "2.3 Search by first/last name",
    "sampleCount" : 509,
    "errorCount" : 0,
    "errorPct" : 0.0,
    "meanResTime" : 507.1886051080551,
    "medianResTime" : 428.0,
    "minResTime" : 296.0,
    "maxResTime" : 3185.0,
    "pct1ResTime" : 707.0,
    "pct2ResTime" : 895.0,
    "pct3ResTime" : 1883.399999999996,
    "throughput" : 0.4355497596347201,
    "receivedKBytesPerSec" : 170.5368570613826,
    "sentKBytesPerSec" : 1.6105286667043175
  },
  "4.0 Vaccination for flu" : {
    "transaction" : "4.0 Vaccination for flu",
    "sampleCount" : 124,
    "errorCount" : 5,
    "errorPct" : 4.032258,
    "meanResTime" : 4067.7822580645156,
    "medianResTime" : 4000.5,
    "minResTime" : 1797.0,
    "maxResTime" : 8295.0,
    "pct1ResTime" : 5277.0,
    "pct2ResTime" : 6488.75,
    "pct3ResTime" : 8250.5,
    "throughput" : 0.11305853423257417,
    "receivedKBytesPerSec" : 124.82149224215587,
    "sentKBytesPerSec" : 1.6063846188650928
  },
  "4.0 Vaccination for hpv" : {
    "transaction" : "4.0 Vaccination for hpv",
    "sampleCount" : 123,
    "errorCount" : 6,
    "errorPct" : 4.878049,
    "meanResTime" : 4157.528455284553,
    "medianResTime" : 3867.0,
    "minResTime" : 1872.0,
    "maxResTime" : 9846.0,
    "pct1ResTime" : 5484.2,
    "pct2ResTime" : 6772.8,
    "pct3ResTime" : 9733.920000000002,
    "throughput" : 0.11219986536016156,
    "receivedKBytesPerSec" : 125.69991650003922,
    "sentKBytesPerSec" : 1.6139313521543286
  },
  "1.2 Sign-in page" : {
    "transaction" : "1.2 Sign-in page",
    "sampleCount" : 526,
    "errorCount" : 0,
    "errorPct" : 0.0,
    "meanResTime" : 758.7471482889733,
    "medianResTime" : 622.5,
    "minResTime" : 183.0,
    "maxResTime" : 7622.0,
    "pct1ResTime" : 1194.4,
    "pct2ResTime" : 1460.3499999999995,
    "pct3ResTime" : 2552.060000000002,
    "throughput" : 0.4399078367992105,
    "receivedKBytesPerSec" : 169.06010078781975,
    "sentKBytesPerSec" : 1.8474881189340182
  },
  "2.4 Patient attending session" : {
    "transaction" : "2.4 Patient attending session",
    "sampleCount" : 482,
    "errorCount" : 8,
    "errorPct" : 1.659751,
    "meanResTime" : 1419.3340248962656,
    "medianResTime" : 1225.0,
    "minResTime" : 463.0,
    "maxResTime" : 8235.0,
    "pct1ResTime" : 2211.3999999999996,
    "pct2ResTime" : 2640.8499999999985,
    "pct3ResTime" : 3928.5400000000104,
    "throughput" : 0.41841875904982484,
    "receivedKBytesPerSec" : 162.94685595494752,
    "sentKBytesPerSec" : 1.827647184983628
  },
  "Debug Sampler" : {
    "transaction" : "Debug Sampler",
    "sampleCount" : 504,
    "errorCount" : 0,
    "errorPct" : 0.0,
    "meanResTime" : 0.5416666666666664,
    "medianResTime" : 1.0,
    "minResTime" : 0.0,
    "maxResTime" : 5.0,
    "pct1ResTime" : 1.0,
    "pct2ResTime" : 1.0,
    "pct3ResTime" : 1.0,
    "throughput" : 0.43788543040488764,
    "receivedKBytesPerSec" : 2.701186064600264,
    "sentKBytesPerSec" : 0.0
  },
  "Total" : {
    "transaction" : "Total",
    "sampleCount" : 7048,
    "errorCount" : 58,
    "errorPct" : 0.8229285,
    "meanResTime" : 1021.2595062429025,
    "medianResTime" : 787.0,
    "minResTime" : 0.0,
    "maxResTime" : 14168.0,
    "pct1ResTime" : 1967.0,
    "pct2ResTime" : 2748.0,
    "pct3ResTime" : 5695.220000000005,
    "throughput" : 5.86607894903303,
    "receivedKBytesPerSec" : 1964.6084704870707,
    "sentKBytesPerSec" : 21.019273905488962
  },
  "1.4 Open Sessions list" : {
    "transaction" : "1.4 Open Sessions list",
    "sampleCount" : 518,
    "errorCount" : 0,
    "errorPct" : 0.0,
    "meanResTime" : 1417.397683397683,
    "medianResTime" : 1310.5,
    "minResTime" : 786.0,
    "maxResTime" : 4951.0,
    "pct1ResTime" : 1953.1,
    "pct2ResTime" : 2209.25,
    "pct3ResTime" : 2674.6699999999996,
    "throughput" : 0.4366311629898614,
    "receivedKBytesPerSec" : 193.25908512732477,
    "sentKBytesPerSec" : 1.5494598059098619
  },
  "4.2 Vaccination batch" : {
    "transaction" : "4.2 Vaccination batch",
    "sampleCount" : 478,
    "errorCount" : 25,
    "errorPct" : 5.2301254,
    "meanResTime" : 951.8263598326363,
    "medianResTime" : 825.5,
    "minResTime" : 490.0,
    "maxResTime" : 5064.0,
    "pct1ResTime" : 1251.1,
    "pct2ResTime" : 1588.4499999999987,
    "pct3ResTime" : 4161.879999999996,
    "throughput" : 0.43450476909889346,
    "receivedKBytesPerSec" : 163.50776323614696,