{
  "1.2 Sign-in page" : {
    "transaction" : "1.2 Sign-in page",
    "sampleCount" : 70,
    "errorCount" : 0,
    "errorPct" : 0.0,
    "meanResTime" : 346.4285714285715,
    "medianResTime" : 343.5,
    "minResTime" : 176.0,
    "maxResTime" : 451.0,
    "pct1ResTime" : 427.9,
    "pct2ResTime" : 431.45,
    "pct3ResTime" : 451.0,
    "throughput" : 0.23669279304258442,
    "receivedKBytesPerSec" : 92.11556493920376,
    "sentKBytesPerSec" : 0.8305050834003962
  },
  "1.0 Login" : {
    "transaction" : "1.0 Login",
    "sampleCount" : 70,
    "errorCount" : 0,
    "errorPct" : 0.0,
    "meanResTime" : 2703.2999999999997,
    "medianResTime" : 2661.5,
    "minResTime" : 2439.0,
    "maxResTime" : 4516.0,
    "pct1ResTime" : 2827.5,
    "pct2ResTime" : 3016.55,
    "pct3ResTime" : 4516.0,
    "throughput" : 0.234559296590178,
    "receivedKBytesPerSec" : 383.69274527991297,
    "sentKBytesPerSec" : 3.863814662971799
  },
  "Total" : {
    "transaction" : "Total",
    "sampleCount" : 280,
    "errorCount" : 0,
    "errorPct" : 0.0,
    "meanResTime" : 675.8250000000002,
    "medianResTime" : 754.0,
    "minResTime" : 176.0,
    "maxResTime" : 2779.0,
    "pct1ResTime" : 874.6,
    "pct2ResTime" : 892.0,
    "pct3ResTime" : 1150.0799999999986,
    "throughput" : 0.904094904133651,
    "receivedKBytesPerSec" : 369.73023538554804,
    "sentKBytesPerSec" : 3.7232111432925845
  },
  "1.4 Open Sessions list" : {
    "transaction" : "1.4 Open Sessions list",
    "sampleCount" : 70,
    "errorCount" : 0,
    "errorPct" : 0.0,
    "meanResTime" : 797.5285714285716,
    "medianResTime" : 741.5,
    "minResTime" : 636.0,
    "maxResTime" : 2779.0,
    "pct1ResTime" : 914.5,
    "pct2ResTime" : 1010.7500000000001,
    "pct3ResTime" : 2779.0,
    "throughput" : 0.2357219827586207,
    "receivedKBytesPerSec" : 108.43050068822401,
    "sentKBytesPerSec" : 0.9594621329471983
  },
  "1.1 Homepage" : {
    "transaction" : "1.1 Homepage",
    "sampleCount" : 70,
    "errorCount" : 0,
    "errorPct" : 0.0,
    "meanResTime" : 775.9428571428571,
    "medianResTime" : 765.0,
    "minResTime" : 748.0,
    "maxResTime" : 897.0,
    "pct1ResTime" : 818.9,
    "pct2ResTime" : 845.8,
    "pct3ResTime" : 897.0,
    "throughput" : 0.23609405987345358,
    "receivedKBytesPerSec" : 91.7905642268594,
    "sentKBytesPerSec" : 0.7679973764047596
  },
  "1.3 Sign-in" : {
    "transaction" : "1.3 Sign-in",
    "sampleCount" : 70,
    "errorCount" : 0,
    "errorPct" : 0.0,
    "meanResTime" : 783.4,
    "medianResTime" : 791.0,
    "minResTime" : 613.0,
    "maxResTime" : 947.0,
    "pct1ResTime" : 885.9,
    "pct2ResTime" : 897.4000000000001,
    "pct3ResTime" : 947.0,
    "throughput" : 0.23580615386688406,
    "receivedKBytesPerSec" : 93.81400452747816,
    "sentKBytesPerSec" : 1.330094086655393
  }
}