{
  "2.0 Register attendance" : {
    "transaction" : "2.0 Register attendance",
    "sampleCount" : 980,
    "errorCount" : 938,
    "errorPct" : 95.71429,
    "meanResTime" : 56015.31428571429,
    "medianResTime" : 52054.5,
    "minResTime" : 121.0,
    "maxResTime" : 144492.0,
    "pct1ResTime" : 86461.7,
    "pct2ResTime" : 90304.75,
    "pct3ResTime" : 120778.67999999988,
    "throughput" : 0.651309064760059,
    "receivedKBytesPerSec" : 16.547860265918526,
    "sentKBytesPerSec" : 0.6923812821002324
  },
  "2.5 Select patient" : {
    "transaction" : "2.5 Select patient",
    "sampleCount" : 11,
    "errorCount" : 0,
    "errorPct" : 0.0,
    "meanResTime" : 1419.4545454545455,
    "medianResTime" : 1176.0,
    "minResTime" : 852.0,
    "maxResTime" : 2934.0,
    "pct1ResTime" : 2704.2000000000007,
    "pct2ResTime" : 2934.0,
    "pct3ResTime" : 2934.0,
    "throughput" : 0.049170801484064185,
    "receivedKBytesPerSec" : 1.1284140181484958,
    "sentKBytesPerSec" : 0.03419343821241786
  },
  "Choose session" : {
    "transaction" : "Choose session",
    "sampleCount" : 980,
    "errorCount" : 0,
    "errorPct" : 0.0,
    "meanResTime" : 0.4051020408163264,
    "medianResTime" : 0.0,
    "minResTime" : 0.0,
    "maxResTime" : 44.0,
    "pct1ResTime" : 1.0,
    "pct2ResTime" : 1.0,
    "pct3ResTime" : 1.0,
    "throughput" : 0.6721812968983634,
    "receivedKBytesPerSec" : 0.0,
    "sentKBytesPerSec" : 0.0
  },
  "2.5 Select menacwy" : {
    "transaction" : "2.5 Select menacwy",
    "sampleCount" : 3,
    "errorCount" : 0,
    "errorPct" : 0.0,
    "meanResTime" : 1148.6666666666667,
    "medianResTime" : 817.0,
    "minResTime" : 734.0,
    "maxResTime" : 1895.0,
    "pct1ResTime" : 1895.0,
    "pct2ResTime" : 1895.0,
    "pct3ResTime" : 1895.0,
    "throughput" : 0.014696732916272713,
    "receivedKBytesPerSec" : 0.34484697333032865,
    "sentKBytesPerSec" : 0.011022549687204534
  },
  "2.3 Search by first/last name" : {
    "transaction" : "2.3 Search by first/last name",
    "sampleCount" : 97,
    "errorCount" : 52,
    "errorPct" : 53.608246,
    "meanResTime" : 36768.278350515466,
    "medianResTime" : 36274.0,
    "minResTime" : 282.0,
    "maxResTime" : 78273.0,
    "pct1ResTime" : 60170.2,
    "pct2ResTime" : 60360.4,
    "pct3ResTime" : 78273.0,
    "throughput" : 0.06567321819080439,
    "receivedKBytesPerSec" : 1.6946894348633388,
    "sentKBytesPerSec" : 0.06314356157033467
  },
  "2.5 Select td_ipv" : {
    "transaction" : "2.5 Select td_ipv",
    "sampleCount" : 3,
    "errorCount" : 0,
    "errorPct" : 0.0,
    "meanResTime" : 2412.3333333333335,
    "medianResTime" : 2170.0,
    "minResTime" : 2002.0,
    "maxResTime" : 3065.0,
    "pct1ResTime" : 3065.0,
    "pct2ResTime" : 3065.0,
    "pct3ResTime" : 3065.0,
    "throughput" : 0.013556197215557092,
    "receivedKBytesPerSec" : 0.33308441472248207,
    "sentKBytesPerSec" : 0.009452270324128676
  },
  "4.0 Vaccination for flu" : {
    "transaction" : "4.0 Vaccination for flu",
    "sampleCount" : 4,
    "errorCount" : 0,
    "errorPct" : 0.0,
    "meanResTime" : 5556.5,
    "medianResTime" : 4957.5,
    "minResTime" : 3622.0,
    "maxResTime" : 8689.0,
    "pct1ResTime" : 8689.0,
    "pct2ResTime" : 8689.0,
    "pct3ResTime" : 8689.0,
    "throughput" : 0.03130159872915509,
    "receivedKBytesPerSec" : 1.42484938551049,
    "sentKBytesPerSec" : 0.186036650259412
  },
  "4.0 Vaccination for hpv" : {
    "transaction" : "4.0 Vaccination for hpv",
    "sampleCount" : 4,
    "errorCount" : 0,
    "errorPct" : 0.0,
    "meanResTime" : 8347.0,
    "medianResTime" : 6182.5,
    "minResTime" : 4083.0,
    "maxResTime" : 16940.0,
    "pct1ResTime" : 16940.0,
    "pct2ResTime" : 16940.0,
    "pct3ResTime" : 16940.0,
    "throughput" : 0.025367833587011668,
    "receivedKBytesPerSec" : 1.1012587796486555,
    "sentKBytesPerSec" : 0.15127800371004566
  },
  "1.2 Sign-in page" : {
    "transaction" : "1.2 Sign-in page",
    "sampleCount" : 63,
    "errorCount" : 6,
    "errorPct" : 9.523809,
    "meanResTime" : 5728.666666666668,
    "medianResTime" : 141.0,
    "minResTime" : 124.0,
    "maxResTime" : 44812.0,
    "pct1ResTime" : 31254.200000000004,
    "pct2ResTime" : 42642.399999999994,
    "pct3ResTime" : 44812.0,
    "throughput" : 0.06746792863820805,
    "receivedKBytesPerSec" : 0.3652693074738401,
    "sentKBytesPerSec" : 0.04065206247048278
  },
  "Get correct patient name" : {
    "transaction" : "Get correct patient name",
    "sampleCount" : 24,
    "errorCount" : 0,
    "errorPct" : 0.0,
    "meanResTime" : 2.7499999999999996,
    "medianResTime" : 1.0,
    "minResTime" : 0.0,
    "maxResTime" : 42.0,
    "pct1ResTime" : 2.0,
    "pct2ResTime" : 32.0,
    "pct3ResTime" : 42.0,
    "throughput" : 0.08483982947194275,
    "receivedKBytesPerSec" : 0.0,
    "sentKBytesPerSec" : 0.0
  },
  "2.4 Patient attending session" : {
    "transaction" : "2.4 Patient attending session",
    "sampleCount" : 14,
    "errorCount" : 3,
    "errorPct" : 21.428572,
    "meanResTime" : 23442.285714285714,
    "medianResTime" : 20554.0,
    "minResTime" : 12292.0,
    "maxResTime" : 42961.0,
    "pct1ResTime" : 41438.5,
    "pct2ResTime" : 42961.0,
    "pct3ResTime" : 42961.0,
    "throughput" : 0.0445770434594333,
    "receivedKBytesPerSec" : 2.8995351848196065,
    "sentKBytesPerSec" : 0.06634317796110972
  },
  "Logout" : {
    "transaction" : "Logout",
    "sampleCount" : 1,
    "errorCount" : 0,
    "errorPct" : 0.0,
    "meanResTime" : 161.0,
    "medianResTime" : 161.0,
    "minResTime" : 161.0,
    "maxResTime" : 161.0,
    "pct1ResTime" : 161.0,
    "pct2ResTime" : 161.0,
    "pct3ResTime" : 161.0,
    "throughput" : 6.211180124223602,
    "receivedKBytesPerSec" : 29.61228649068323,
    "sentKBytesPerSec" : 4.537072981366459
  },
  "1.1 Homepage" : {
    "transaction" : "1.1 Homepage",
    "sampleCount" : 71,
    "errorCount" : 8,
    "errorPct" : 11.267606,
    "meanResTime" : 7379.704225352111,
    "medianResTime" : 448.0,
    "minResTime" : 367.0,
    "maxResTime" : 59579.0,
    "pct1ResTime" : 37439.599999999984,
    "pct2ResTime" : 45313.79999999999,
    "pct3ResTime" : 59579.0,
    "throughput" : 0.0483275930135998,
    "receivedKBytesPerSec" : 0.2402041702543665,
    "sentKBytesPerSec" : 0.026719633807873993
  },
  "1.3 Sign-in" : {
    "transaction" : "1.3 Sign-in",
    "sampleCount" : 57,
    "errorCount" : 4,
    "errorPct" : 7.017544,
    "meanResTime" : 9839.280701754386,
    "medianResTime" : 2702.0,
    "minResTime" : 1101.0,
    "maxResTime" : 87630.0,
    "pct1ResTime" : 30942.60000000001,
    "pct2ResTime" : 50522.89999999992,
    "pct3ResTime" : 87630.0,
    "throughput" : 0.06308987650986803,
    "receivedKBytesPerSec" : 0.8750964074881042,
    "sentKBytesPerSec" : 0.13668068075913725
  },
  "4.0 Vaccination for td_ipv" : {
    "transaction" : "4.0 Vaccination for td_ipv",
    "sampleCount" : 3,
    "errorCount" : 0,
    "errorPct" : 0.0,
    "meanResTime" : 27900.0,
    "medianResTime" : 23326.0,
    "minResTime" : 7047.0,
    "maxResTime" : 53327.0,
    "pct1ResTime" : 53327.0,
    "pct2ResTime" : 53327.0,
    "pct3ResTime" : 53327.0,
    "throughput" : 0.011004126547455296,
    "receivedKBytesPerSec" : 0.5305729883081155,
    "sentKBytesPerSec" : 0.06681639729481889
  },
  "2.1 Open session" : {
    "transaction" : "2.1 Open session",
    "sampleCount" : 980,
    "errorCount" : 666,
    "errorPct" : 67.95918,
    "meanResTime" : 38152.7010204082,
    "medianResTime" : 36859.0,
    "minResTime" : 121.0,
    "maxResTime" : 84105.0,
    "pct1ResTime" : 60122.0,
    "pct2ResTime" : 60359.95,
    "pct3ResTime" : 60379.0,
    "throughput" : 0.6521972058008283,
    "receivedKBytesPerSec" : 3.3617213553573007,
    "sentKBytesPerSec" : 0.45642365998430734
  },
  "4.3 Vaccination confirm" : {
    "transaction" : "4.3 Vaccination confirm",
    "sampleCount" : 14,
    "errorCount" : 0,
    "errorPct" : 0.0,
    "meanResTime" : 5312.642857142858,
    "medianResTime" : 3707.5,