{
  "1.2 Sign-in page" : {
    "transaction" : "1.2 Sign-in page",
    "sampleCount" : 70,
    "errorCount" : 0,
    "errorPct" : 0.0,
    "meanResTime" : 381.45714285714286,
    "medianResTime" : 400.0,
    "minResTime" : 170.0,
    "maxResTime" : 1138.0,
    "pct1ResTime" : 478.3,
    "pct2ResTime" : 522.1500000000001,
    "pct3ResTime" : 1138.0,
    "throughput" : 0.07884667588046394,
    "receivedKBytesPerSec" : 30.685062687331254,
    "sentKBytesPerSec" : 0.2805062892895802
  },
  "1.0 Login" : {
    "transaction" : "1.0 Login",
    "sampleCount" : 70,
    "errorCount" : 0,
    "errorPct" : 0.0,
    "meanResTime" : 9264.328571428568,
    "medianResTime" : 9193.5,
    "minResTime" : 8756.0,
    "maxResTime" : 12168.0,
    "pct1ResTime" : 9394.4,
    "pct2ResTime" : 9989.800000000003,
    "pct3ResTime" : 12168.0,
    "throughput" : 0.07811279487580065,
    "receivedKBytesPerSec" : 127.68695809248555,
    "sentKBytesPerSec" : 1.2150201140446806
  },
  "Total" : {
    "transaction" : "Total",
    "sampleCount" : 280,
    "errorCount" : 0,
    "errorPct" : 0.0,
    "meanResTime" : 2316.0821428571403,
    "medianResTime" : 749.5,
    "minResTime" : 170.0,
    "maxResTime" : 7754.0,
    "pct1ResTime" : 7289.6,
    "pct2ResTime" : 7395.6,
    "pct3ResTime" : 7500.7699999999995,
    "throughput" : 0.30823018630313115,
    "receivedKBytesPerSec" : 125.96199810768681,
    "sentKBytesPerSec" : 1.1986060565029963
  },
  "1.4 Open Sessions list" : {
    "transaction" : "1.4 Open Sessions list",
    "sampleCount" : 70,
    "errorCount" : 0,
    "errorPct" : 0.0,
    "meanResTime" : 7264.499999999999,
    "medianResTime" : 7245.0,
    "minResTime" : 7025.0,
    "maxResTime" : 7754.0,
    "pct1ResTime" : 7431.7,
    "pct2ResTime" : 7482.25,
    "pct3ResTime" : 7754.0,
    "throughput" : 0.0782575837188451,
    "receivedKBytesPerSec" : 35.931388746503565,
    "sentKBytesPerSec" : 0.2780284077823813
  },
  "1.1 Homepage" : {
    "transaction" : "1.1 Homepage",
    "sampleCount" : 70,
    "errorCount" : 0,
    "errorPct" : 0.0,
    "meanResTime" : 805.4571428571427,
    "medianResTime" : 743.0,
    "minResTime" : 718.0,
    "maxResTime" : 2060.0,
    "pct1ResTime" : 885.6,
    "pct2ResTime" : 955.2,
    "pct3ResTime" : 2060.0,
    "throughput" : 0.0788406371675037,
    "receivedKBytesPerSec" : 30.650529583822802,
    "sentKBytesPerSec" : 0.2603126897102832
  },
  "1.3 Sign-in" : {
    "transaction" : "1.3 Sign-in",
    "sampleCount" : 70,
    "errorCount" : 0,
    "errorPct" : 0.0,
    "meanResTime" : 812.9142857142857,
    "medianResTime" : 784.5,
    "minResTime" : 635.0,
    "maxResTime" : 1451.0,
    "pct1ResTime" : 925.9,
    "pct2ResTime" : 1129.4000000000005,
    "pct3ResTime" : 1451.0,
    "throughput" : 0.0788074407733937,
    "receivedKBytesPerSec" : 31.331191014037856,
    "sentKBytesPerSec" : 0.40527342100848757
  }
}