{
  "2.0 Register attendance" : {
    "transaction" : "2.0 Register attendance",
    "sampleCount" : 487,
    "errorCount" : 469,
    "errorPct" : 96.3039,
    "meanResTime" : 55972.62012320328,
    "medianResTime" : 53242.0,
    "minResTime" : 117.0,
    "maxResTime" : 109307.0,
    "pct1ResTime" : 85823.4,
    "pct2ResTime" : 89973.4,
    "pct3ResTime" : 105242.48,
    "throughput" : 0.48143033248349837,
    "receivedKBytesPerSec" : 15.640315973564334,
    "sentKBytesPerSec" : 0.4986964016419048
  },
  "2.5 Select patient" : {
    "transaction" : "2.5 Select patient",
    "sampleCount" : 3,
    "errorCount" : 0,
    "errorPct" : 0.0,
    "meanResTime" : 2095.6666666666665,
    "medianResTime" : 2115.0,
    "minResTime" : 1730.0,
    "maxResTime" : 2442.0,
    "pct1ResTime" : 2442.0,
    "pct2ResTime" : 2442.0,
    "pct3ResTime" : 2442.0,
    "throughput" : 0.11334013374135782,
    "receivedKBytesPerSec" : 2.582361972968378,
    "sentKBytesPerSec" : 0.07884370631682346
  },
  "Choose session" : {
    "transaction" : "Choose session",
    "sampleCount" : 487,
    "errorCount" : 0,
    "errorPct" : 0.0,
    "meanResTime" : 0.560574948665298,
    "medianResTime" : 0.0,
    "minResTime" : 0.0,
    "maxResTime" : 46.0,
    "pct1ResTime" : 1.0,
    "pct2ResTime" : 1.0,
    "pct3ResTime" : 1.0,
    "throughput" : 0.5123489780373772,
    "receivedKBytesPerSec" : 0.0,
    "sentKBytesPerSec" : 0.0
  },
  "2.5 Select menacwy" : {
    "transaction" : "2.5 Select menacwy",
    "sampleCount" : 1,
    "errorCount" : 0,
    "errorPct" : 0.0,
    "meanResTime" : 900.0,
    "medianResTime" : 900.0,
    "minResTime" : 900.0,
    "maxResTime" : 900.0,
    "pct1ResTime" : 900.0,
    "pct2ResTime" : 900.0,
    "pct3ResTime" : 900.0,
    "throughput" : 1.1111111111111112,
    "receivedKBytesPerSec" : 25.840928819444443,
    "sentKBytesPerSec" : 0.8333333333333333
  },
  "2.3 Search by first/last name" : {
    "transaction" : "2.3 Search by first/last name",
    "sampleCount" : 56,
    "errorCount" : 35,
    "errorPct" : 62.5,
    "meanResTime" : 38817.00000000001,
    "medianResTime" : 38250.0,
    "minResTime" : 312.0,
    "maxResTime" : 60374.0,
    "pct1ResTime" : 60125.0,
    "pct2ResTime" : 60128.0,
    "pct3ResTime" : 60374.0,
    "throughput" : 0.05608008235760666,
    "receivedKBytesPerSec" : 1.5695909853020114,
    "sentKBytesPerSec" : 0.04900259289014713
  },
  "2.5 Select td_ipv" : {
    "transaction" : "2.5 Select td_ipv",
    "sampleCount" : 1,
    "errorCount" : 0,
    "errorPct" : 0.0,
    "meanResTime" : 2814.0,
    "medianResTime" : 2814.0,
    "minResTime" : 2814.0,
    "maxResTime" : 2814.0,
    "pct1ResTime" : 2814.0,
    "pct2ResTime" : 2814.0,
    "pct3ResTime" : 2814.0,
    "throughput" : 0.35536602700781805,
    "receivedKBytesPerSec" : 8.657882462686567,
    "sentKBytesPerSec" : 0.24778451492537312
  },
  "4.0 Vaccination for flu" : {
    "transaction" : "4.0 Vaccination for flu",
    "sampleCount" : 1,
    "errorCount" : 0,
    "errorPct" : 0.0,
    "meanResTime" : 6526.0,
    "medianResTime" : 6526.0,
    "minResTime" : 6526.0,
    "maxResTime" : 6526.0,
    "pct1ResTime" : 6526.0,
    "pct2ResTime" : 6526.0,
    "pct3ResTime" : 6526.0,
    "throughput" : 0.15323322096230463,
    "receivedKBytesPerSec" : 6.919437634079069,
    "sentKBytesPerSec" : 0.9096726076463377
  },
  "4.0 Vaccination for hpv" : {
    "transaction" : "4.0 Vaccination for hpv",
    "sampleCount" : 1,
    "errorCount" : 0,
    "errorPct" : 0.0,
    "meanResTime" : 8971.0,
    "medianResTime" : 8971.0,
    "minResTime" : 8971.0,
    "maxResTime" : 8971.0,
    "pct1ResTime" : 8971.0,
    "pct2ResTime" : 8971.0,
    "pct3ResTime" : 8971.0,
    "throughput" : 0.11147029316687103,
    "receivedKBytesPerSec" : 4.789848017222161,
    "sentKBytesPerSec" : 0.6652294546315907
  },
  "1.2 Sign-in page" : {
    "transaction" : "1.2 Sign-in page",
    "sampleCount" : 69,
    "errorCount" : 1,
    "errorPct" : 1.4492754,
    "meanResTime" : 5361.028985507246,
    "medianResTime" : 149.0,
    "minResTime" : 122.0,
    "maxResTime" : 43858.0,
    "pct1ResTime" : 20947.0,
    "pct2ResTime" : 27402.5,
    "pct3ResTime" : 43858.0,
    "throughput" : 0.07442787615201409,
    "receivedKBytesPerSec" : 0.43400565672083724,
    "sentKBytesPerSec" : 0.044845702720500674
  },
  "Get correct patient name" : {
    "transaction" : "Get correct patient name",
    "sampleCount" : 13,
    "errorCount" : 0,
    "errorPct" : 0.0,
    "meanResTime" : 4.230769230769231,
    "medianResTime" : 1.0,
    "minResTime" : 1.0,
    "maxResTime" : 41.0,
    "pct1ResTime" : 25.399999999999984,
    "pct2ResTime" : 41.0,
    "pct3ResTime" : 41.0,
    "throughput" : 0.013310875497237994,
    "receivedKBytesPerSec" : 0.0,
    "sentKBytesPerSec" : 0.0
  },
  "2.4 Patient attending session" : {
    "transaction" : "2.4 Patient attending session",
    "sampleCount" : 6,
    "errorCount" : 3,
    "errorPct" : 50.0,
    "meanResTime" : 29906.5,
    "medianResTime" : 30322.0,
    "minResTime" : 23302.0,
    "maxResTime" : 37781.0,
    "pct1ResTime" : 37781.0,
    "pct2ResTime" : 37781.0,
    "pct3ResTime" : 37781.0,
    "throughput" : 0.020602131633886384,
    "receivedKBytesPerSec" : 1.2476025878852597,
    "sentKBytesPerSec" : 0.03066176622074497
  },
  "Logout" : {
    "transaction" : "Logout",
    "sampleCount" : 1,
    "errorCount" : 0,
    "errorPct" : 0.0,
    "meanResTime" : 147.0,
    "medianResTime" : 147.0,
    "minResTime" : 147.0,
    "maxResTime" : 147.0,
    "pct1ResTime" : 147.0,
    "pct2ResTime" : 147.0,
    "pct3ResTime" : 147.0,
    "throughput" : 6.802721088435374,
    "receivedKBytesPerSec" : 32.3860012755102,
    "sentKBytesPerSec" : 4.969175170068027
  },
  "1.1 Homepage" : {
    "transaction" : "1.1 Homepage",
    "sampleCount" : 70,
    "errorCount" : 1,
    "errorPct" : 1.4285715,
    "meanResTime" : 4454.9,
    "medianResTime" : 458.5,
    "minResTime" : 371.0,
    "maxResTime" : 31366.0,
    "pct1ResTime" : 23570.999999999996,
    "pct2ResTime" : 27854.45,
    "pct3ResTime" : 31366.0,
    "throughput" : 0.07684429041433344,
    "receivedKBytesPerSec" : 0.41725977994539665,
    "sentKBytesPerSec" : 0.04164900505854986
  },
  "1.3 Sign-in" : {
    "transaction" : "1.3 Sign-in",
    "sampleCount" : 68,
    "errorCount" : 9,
    "errorPct" : 13.235294,
    "meanResTime" : 18235.294117647063,
    "medianResTime" : 3089.5,
    "minResTime" : 1048.0,
    "maxResTime" : 80423.0,
    "pct1ResTime" : 55329.100000000006,
    "pct2ResTime" : 65976.99999999997,
    "pct3ResTime" : 80423.0,
    "throughput" : 0.06763315775235124,
    "receivedKBytesPerSec" : 0.8834183000778776,
    "sentKBytesPerSec" : 0.14572326886467799
  },
  "4.0 Vaccination for td_ipv" : {
    "transaction" : "4.0 Vaccination for td_ipv",
    "sampleCount" : 1,
    "errorCount" : 0,
    "errorPct" : 0.0,
    "meanResTime" : 8979.0,
    "medianResTime" : 8979.0,
    "minResTime" : 8979.0,
    "maxResTime" : 8979.0,
    "pct1ResTime" : 8979.0,
    "pct2ResTime" : 8979.0,
    "pct3ResTime" : 8979.0,
    "throughput" : 0.11137097672346585,
    "receivedKBytesPerSec" : 5.325142346029625,
    "sentKBytesPerSec" : 0.6759478714222075
  },
  "2.1 Open session" : {
    "transaction" : "2.1 Open session",
    "sampleCount" : 487,
    "errorCount" : 309,
    "errorPct" : 63.44969,
    "meanResTime" : 36948.13141683776,
    "medianResTime" : 35668.0,
    "minResTime" : 117.0,
    "maxResTime" : 60393.0,
    "pct1ResTime" : 56029.799999999996,
    "pct2ResTime" : 60255.399999999994,
    "pct3ResTime" : 60375.12,
    "throughput" : 0.49318053850858967,
    "receivedKBytesPerSec" : 3.0436330436783776,
    "sentKBytesPerSec" : 0.32601531138224227
  },
  "4.3 Vaccination confirm" : {
    "transaction" : "4.3 Vaccination confirm",
    "sampleCount" : 4,
    "errorCount" : 0,
    "errorPct" : 0.0,
    "meanResTime" : 4286.0,
    "medianResTime" : 4505.0,
    "minResTime" : 3439.0,
    "maxResTime" : 4695.0,
    "pct1ResTime" : 4695.0,
    "pct2ResTime" : 4695.0,