{
  "4.3 Vaccination confirm" : {
    "transaction" : "4.3 Vaccination confirm",
    "sampleCount" : 652,
    "errorCount" : 0,
    "errorPct" : 0.0,
    "meanResTime" : 4924.605828220861,
    "medianResTime" : 3826.0,
    "minResTime" : 2467.0,
    "maxResTime" : 30002.0,
    "pct1ResTime" : 6773.800000000003,
    "pct2ResTime" : 13489.000000000015,
    "pct3ResTime" : 23861.46,
    "throughput" : 0.39728166721810826,
    "receivedKBytesPerSec" : 160.27318320088833,
    "sentKBytesPerSec" : 2.060811771891469
  },
  "4.1 Vaccination questions" : {
    "transaction" : "4.1 Vaccination questions",
    "sampleCount" : 684,
    "errorCount" : 0,
    "errorPct" : 0.0,
    "meanResTime" : 2575.1915204678335,
    "medianResTime" : 2154.5,
    "minResTime" : 1107.0,
    "maxResTime" : 27412.0,
    "pct1ResTime" : 3424.0,
    "pct2ResTime" : 4612.25,
    "pct3ResTime" : 15891.949999999973,
    "throughput" : 0.3990325211504738,
    "receivedKBytesPerSec" : 157.5427179053374,
    "sentKBytesPerSec" : 1.9822644191334928
  },
  "2.0 Register attendance" : {
    "transaction" : "2.0 Register attendance",
    "sampleCount" : 701,
    "errorCount" : 6,
    "errorPct" : 0.85592014,
    "meanResTime" : 7526.376604850215,
    "medianResTime" : 6683.0,
    "minResTime" : 2812.0,
    "maxResTime" : 37281.0,
    "pct1ResTime" : 11100.800000000008,
    "pct2ResTime" : 17782.499999999996,
    "pct3ResTime" : 28825.100000000017,
    "throughput" : 0.40311496884916137,
    "receivedKBytesPerSec" : 761.6042434562464,
    "sentKBytesPerSec" : 6.9120258547072435
  },
  "1.0 Login" : {
    "transaction" : "1.0 Login",
    "sampleCount" : 720,
    "errorCount" : 0,
    "errorPct" : 0.0,
    "meanResTime" : 18956.952777777788,
    "medianResTime" : 17562.5,
    "minResTime" : 4307.0,
    "maxResTime" : 58914.0,
    "pct1ResTime" : 23914.499999999996,
    "pct2ResTime" : 28021.549999999992,
    "pct3ResTime" : 46565.57999999998,
    "throughput" : 0.39918676784572765,
    "receivedKBytesPerSec" : 664.0014135092564,
    "sentKBytesPerSec" : 6.606961700281982
  },
  "4.0 Vaccination for menacwy" : {
    "transaction" : "4.0 Vaccination for menacwy",
    "sampleCount" : 168,
    "errorCount" : 0,
    "errorPct" : 0.0,
    "meanResTime" : 9375.45238095238,
    "medianResTime" : 7616.0,
    "minResTime" : 4406.0,
    "maxResTime" : 47272.0,
    "pct1ResTime" : 13041.199999999997,
    "pct2ResTime" : 22007.749999999985,
    "pct3ResTime" : 39561.940000000024,
    "throughput" : 0.0993362211791919,
    "receivedKBytesPerSec" : 117.44066035064947,
    "sentKBytesPerSec" : 1.4358112103290748
  },
  "2.5 Select patient" : {
    "transaction" : "2.5 Select patient",
    "sampleCount" : 699,
    "errorCount" : 0,
    "errorPct" : 0.0,
    "meanResTime" : 1539.7195994277542,
    "medianResTime" : 1353.0,
    "minResTime" : 637.0,
    "maxResTime" : 18976.0,
    "pct1ResTime" : 2317.0,
    "pct2ResTime" : 2830.0,
    "pct3ResTime" : 8089.0,
    "throughput" : 0.4005627362045105,
    "receivedKBytesPerSec" : 162.96069225202643,
    "sentKBytesPerSec" : 1.4237740600887083
  },
  "2.3 Search by first/last name" : {
    "transaction" : "2.3 Search by first/last name",
    "sampleCount" : 703,
    "errorCount" : 0,
    "errorPct" : 0.0,
    "meanResTime" : 1179.7112375533422,
    "medianResTime" : 796.0,
    "minResTime" : 632.0,
    "maxResTime" : 13516.0,
    "pct1ResTime" : 1514.8000000000002,
    "pct2ResTime" : 2622.7999999999965,
    "pct3ResTime" : 11315.440000000013,
    "throughput" : 0.39979936100346797,
    "receivedKBytesPerSec" : 162.77500601405154,
    "sentKBytesPerSec" : 1.4865095084572066
  },
  "4.0 Vaccination for flu" : {
    "transaction" : "4.0 Vaccination for flu",
    "sampleCount" : 173,
    "errorCount" : 0,
    "errorPct" : 0.0,
    "meanResTime" : 9237.641618497108,
    "medianResTime" : 7979.0,
    "minResTime" : 2844.0,
    "maxResTime" : 45102.0,
    "pct1ResTime" : 11562.199999999999,
    "pct2ResTime" : 19349.899999999976,
    "pct3ResTime" : 36442.519999999895,
    "throughput" : 0.10205381834656296,
    "receivedKBytesPerSec" : 120.3100661749698,
    "sentKBytesPerSec" : 1.4693970905223268
  },
  "4.0 Vaccination for hpv" : {
    "transaction" : "4.0 Vaccination for hpv",
    "sampleCount" : 168,
    "errorCount" : 0,
    "errorPct" : 0.0,
    "meanResTime" : 9629.136904761908,
    "medianResTime" : 7582.5,
    "minResTime" : 4378.0,
    "maxResTime" : 49679.0,
    "pct1ResTime" : 13694.399999999996,
    "pct2ResTime" : 25961.24999999995,
    "pct3ResTime" : 42919.07000000002,
    "throughput" : 0.0994319358806059,
    "receivedKBytesPerSec" : 117.20849068554325,
    "sentKBytesPerSec" : 1.436393588519281
  },
  "1.2 Sign-in page" : {
    "transaction" : "1.2 Sign-in page",
    "sampleCount" : 722,
    "errorCount" : 0,
    "errorPct" : 0.0,
    "meanResTime" : 1742.2700831024943,
    "medianResTime" : 1299.0,
    "minResTime" : 299.0,
    "maxResTime" : 23117.0,
    "pct1ResTime" : 2760.2000000000003,
    "pct2ResTime" : 3926.600000000003,
    "pct3ResTime" : 12292.839999999993,
    "throughput" : 0.403428358778562,
    "receivedKBytesPerSec" : 161.8950013001764,
    "sentKBytesPerSec" : 1.7064771624346733
  },
  "2.4 Patient attending session" : {
    "transaction" : "2.4 Patient attending session",
    "sampleCount" : 442,
    "errorCount" : 6,
    "errorPct" : 1.3574661,
    "meanResTime" : 3429.371040723984,
    "medianResTime" : 2882.0,
    "minResTime" : 1219.0,
    "maxResTime" : 25593.0,
    "pct1ResTime" : 5016.799999999999,
    "pct2ResTime" : 6581.049999999999,
    "pct3ResTime" : 14829.349999999986,
    "throughput" : 0.27179794958578485,
    "receivedKBytesPerSec" : 110.83113928326665,
    "sentKBytesPerSec" : 1.1877984992540929
  },
  "Total" : {
    "transaction" : "Total",
    "sampleCount" : 8156,
    "errorCount" : 6,
    "errorPct" : 0.073565476,
    "meanResTime" : 3110.234060814127,
    "medianResTime" : 1599.0,
    "minResTime" : 299.0,
    "maxResTime" : 30002.0,
    "pct1ResTime" : 11016.5,
    "pct2ResTime" : 12897.449999999999,
    "pct3ResTime" : 17746.300000000003,
    "throughput" : 4.494614838621505,
    "receivedKBytesPerSec" : 1836.3324231071822,
    "sentKBytesPerSec" : 18.63863314004864
  },
  "1.4 Open Sessions list" : {
    "transaction" : "1.4 Open Sessions list",
    "sampleCount" : 719,
    "errorCount" : 0,
    "errorPct" : 0.0,
    "meanResTime" : 13363.26703755214,
    "medianResTime" : 12764.0,
    "minResTime" : 10336.0,
    "maxResTime" : 25387.0,
    "pct1ResTime" : 16121.0,
    "pct2ResTime" : 18885.0,
    "pct3ResTime" : 21891.799999999996,
    "throughput" : 0.3998892101103561,
    "receivedKBytesPerSec" : 183.84828494403914,
    "sentKBytesPerSec" : 1.4198566483736355
  },
  "4.2 Vaccination batch" : {
    "transaction" : "4.2 Vaccination batch",
    "sampleCount" : 678,
    "errorCount" : 0,
    "errorPct" : 0.0,
    "meanResTime" : 2120.9837758112094,
    "medianResTime" : 1662.0,
    "minResTime" : 1072.0,
    "maxResTime" : 20123.0,
    "pct1ResTime" : 2889.3,
    "pct2ResTime" : 3985.749999999999,
    "pct3ResTime" : 11529.63000000003,
    "throughput" : 0.3986849277692285,
    "receivedKBytesPerSec" : 158.45759593190692,
    "sentKBytesPerSec" : 1.7837755558214763
  },
  "1.1 Homepage" : {
    "transaction" : "1.1 Homepage",
    "sampleCount" : 722,
    "errorCount" : 0,
    "errorPct" : 0.0,
    "meanResTime" : 2077.198060941829,
    "medianResTime" : 1572.5,
    "minResTime" : 1092.0,
    "maxResTime" : 18238.0,
    "pct1ResTime" : 2966.500000000002,
    "pct2ResTime" : 4487.55,
    "pct3ResTime" : 11614.929999999988,
    "throughput" : 0.4033395621922231,
    "receivedKBytesPerSec" : 161.68506290222228,
    "sentKBytesPerSec" : 1.6932506089198376
  },
  "1.3 Sign-in" : {
    "transaction" : "1.3 Sign-in",
    "sampleCount" : 721,
    "errorCount" : 0,
    "errorPct" : 0.0,
    "meanResTime" : 1795.7184466019419,
    "medianResTime" : 1387.0,
    "minResTime" : 796.0,
    "maxResTime" : 16699.0,