{
  "4.3 Vaccination confirm" : {
    "transaction" : "4.3 Vaccination confirm",
    "sampleCount" : 1325,
    "errorCount" : 0,
    "errorPct" : 0.0,
    "meanResTime" : 1461.763018867923,
    "medianResTime" : 1340.0,
    "minResTime" : 945.0,
    "maxResTime" : 11114.0,
    "pct1ResTime" : 1853.8000000000006,
    "pct2ResTime" : 2119.1000000000004,
    "pct3ResTime" : 3423.26,
    "throughput" : 0.42879578932243473,
    "receivedKBytesPerSec" : 166.9009119576259,
    "sentKBytesPerSec" : 2.2242384698025823
  },
  "4.1 Vaccination questions" : {
    "transaction" : "4.1 Vaccination questions",
    "sampleCount" : 1325,
    "errorCount" : 0,
    "errorPct" : 0.0,
    "meanResTime" : 1221.263396226416,
    "medianResTime" : 1181.0,
    "minResTime" : 468.0,
    "maxResTime" : 7644.0,
    "pct1ResTime" : 1361.4,
    "pct2ResTime" : 1508.9000000000008,
    "pct3ResTime" : 1926.96,
    "throughput" : 0.42901737536559564,
    "receivedKBytesPerSec" : 163.92076553475962,
    "sentKBytesPerSec" : 2.13264480378607
  },
  "Get Next Patient from STS" : {
    "transaction" : "Get Next Patient from STS",
    "sampleCount" : 1395,
    "errorCount" : 0,
    "errorPct" : 0.0,
    "meanResTime" : 0.6473118279569895,
    "medianResTime" : 1.0,
    "minResTime" : 0.0,
    "maxResTime" : 2.0,
    "pct1ResTime" : 1.0,
    "pct2ResTime" : 1.0,
    "pct3ResTime" : 1.0,
    "throughput" : 0.43116317625394307,
    "receivedKBytesPerSec" : 0.17908327271549968,
    "sentKBytesPerSec" : 0.27528878998536205
  },
  "2.0 Register attendance" : {
    "transaction" : "2.0 Register attendance",
    "sampleCount" : 1325,
    "errorCount" : 4,
    "errorPct" : 0.3018868,
    "meanResTime" : 2514.7184905660406,
    "medianResTime" : 2458.0,
    "minResTime" : 1308.0,
    "maxResTime" : 9332.0,
    "pct1ResTime" : 3299.0,
    "pct2ResTime" : 3719.1000000000004,
    "pct3ResTime" : 5477.640000000003,
    "throughput" : 0.42871310033989674,
    "receivedKBytesPerSec" : 759.2539252021019,
    "sentKBytesPerSec" : 7.331180440288354
  },
  "1.0 Login" : {
    "transaction" : "1.0 Login",
    "sampleCount" : 1395,
    "errorCount" : 0,
    "errorPct" : 0.0,
    "meanResTime" : 3253.2250896057312,
    "medianResTime" : 3201.0,
    "minResTime" : 1912.0,
    "maxResTime" : 16501.0,
    "pct1ResTime" : 3736.2000000000003,
    "pct2ResTime" : 4001.2000000000003,
    "pct3ResTime" : 6142.799999999972,
    "throughput" : 0.43084344940369107,
    "receivedKBytesPerSec" : 693.315963408516,
    "sentKBytesPerSec" : 7.159535470847032
  },
  "4.0 Vaccination for menacwy" : {
    "transaction" : "4.0 Vaccination for menacwy",
    "sampleCount" : 341,
    "errorCount" : 0,
    "errorPct" : 0.0,
    "meanResTime" : 3470.038123167157,
    "medianResTime" : 3308.0,
    "minResTime" : 2649.0,
    "maxResTime" : 10803.0,
    "pct1ResTime" : 3994.6,
    "pct2ResTime" : 4581.899999999998,
    "pct3ResTime" : 6397.399999999996,
    "throughput" : 0.11067396876852004,
    "receivedKBytesPerSec" : 127.98258935533468,
    "sentKBytesPerSec" : 1.620841292757963
  },
  "2.5 Select patient" : {
    "transaction" : "2.5 Select patient",
    "sampleCount" : 1325,
    "errorCount" : 0,
    "errorPct" : 0.0,
    "meanResTime" : 439.1124528301885,
    "medianResTime" : 371.0,
    "minResTime" : 294.0,
    "maxResTime" : 7784.0,
    "pct1ResTime" : 585.0,
    "pct2ResTime" : 663.7,
    "pct3ResTime" : 1209.400000000001,
    "throughput" : 0.42867759271487504,
    "receivedKBytesPerSec" : 168.29830980109037,
    "sentKBytesPerSec" : 1.5237346296840306
  },
  "2.3 Search by first/last name" : {
    "transaction" : "2.3 Search by first/last name",
    "sampleCount" : 1325,
    "errorCount" : 0,
    "errorPct" : 0.0,
    "meanResTime" : 425.48905660377324,
    "medianResTime" : 395.0,
    "minResTime" : 294.0,
    "maxResTime" : 3783.0,
    "pct1ResTime" : 582.4000000000001,
    "pct2ResTime" : 649.8000000000002,
    "pct3ResTime" : 982.4600000000007,
    "throughput" : 0.42899778993289506,
    "receivedKBytesPerSec" : 168.8171513073586,
    "sentKBytesPerSec" : 1.5863005874396245
  },
  "4.0 Vaccination for flu" : {
    "transaction" : "4.0 Vaccination for flu",
    "sampleCount" : 307,
    "errorCount" : 0,
    "errorPct" : 0.0,
    "meanResTime" : 3440.745928338763,
    "medianResTime" : 3320.0,
    "minResTime" : 2698.0,
    "maxResTime" : 7293.0,
    "pct1ResTime" : 3957.4,
    "pct2ResTime" : 4400.19999999999,
    "pct3ResTime" : 6115.160000000006,
    "throughput" : 0.1103410400739249,
    "receivedKBytesPerSec" : 127.37627015464908,
    "sentKBytesPerSec" : 1.612389897073734
  },
  "4.0 Vaccination for hpv" : {
    "transaction" : "4.0 Vaccination for hpv",
    "sampleCount" : 333,
    "errorCount" : 0,
    "errorPct" : 0.0,
    "meanResTime" : 3548.3693693693704,
    "medianResTime" : 3329.0,
    "minResTime" : 2709.0,
    "maxResTime" : 12021.0,
    "pct1ResTime" : 4122.200000000001,
    "pct2ResTime" : 4750.300000000003,
    "pct3ResTime" : 9616.300000000028,
    "throughput" : 0.11127507197792945,
    "receivedKBytesPerSec" : 128.20303215329545,
    "sentKBytesPerSec" : 1.6286614678151057
  },
  "1.2 Sign-in page" : {
    "transaction" : "1.2 Sign-in page",
    "sampleCount" : 1395,
    "errorCount" : 0,
    "errorPct" : 0.0,
    "meanResTime" : 697.0279569892457,
    "medianResTime" : 558.0,
    "minResTime" : 227.0,
    "maxResTime" : 8776.0,
    "pct1ResTime" : 1212.0,
    "pct2ResTime" : 1276.6000000000001,
    "pct3ResTime" : 1588.199999999998,
    "throughput" : 0.43104913342129414,
    "receivedKBytesPerSec" : 167.243998855074,
    "sentKBytesPerSec" : 1.8394395931568246
  },
  "2.4 Patient attending session" : {
    "transaction" : "2.4 Patient attending session",
    "sampleCount" : 630,
    "errorCount" : 4,
    "errorPct" : 0.63492066,
    "meanResTime" : 967.6063492063491,
    "medianResTime" : 878.0,
    "minResTime" : 473.0,
    "maxResTime" : 6569.0,
    "pct1ResTime" : 1241.3999999999999,
    "pct2ResTime" : 1418.8999999999985,
    "pct3ResTime" : 2541.569999999991,
    "throughput" : 0.2039372184128764,
    "receivedKBytesPerSec" : 80.62591923487287,
    "sentKBytesPerSec" : 0.8922929808613013
  },
  "Debug Sampler" : {
    "transaction" : "Debug Sampler",
    "sampleCount" : 1325,
    "errorCount" : 0,
    "errorPct" : 0.0,
    "meanResTime" : 0.6022641509433956,
    "medianResTime" : 1.0,
    "minResTime" : 0.0,
    "maxResTime" : 8.0,
    "pct1ResTime" : 1.0,
    "pct2ResTime" : 1.0,
    "pct3ResTime" : 1.0,
    "throughput" : 0.42901279138063114,
    "receivedKBytesPerSec" : 2.6975485141627646,
    "sentKBytesPerSec" : 0.0
  },
  "Total" : {
    "transaction" : "Total",
    "sampleCount" : 18205,
    "errorCount" : 4,
    "errorPct" : 0.021971986,
    "meanResTime" : 686.7482010436681,
    "medianResTime" : 609.0,
    "minResTime" : 0.0,
    "maxResTime" : 13116.0,
    "pct1ResTime" : 1276.0,
    "pct2ResTime" : 1451.7000000000007,
    "pct3ResTime" : 2005.819999999996,
    "throughput" : 5.602217622690258,
    "receivedKBytesPerSec" : 1883.8744664833982,
    "sentKBytesPerSec" : 20.087186086463248
  },
  "1.4 Open Sessions list" : {
    "transaction" : "1.4 Open Sessions list",
    "sampleCount" : 1395,
    "errorCount" : 0,
    "errorPct" : 0.0,
    "meanResTime" : 1025.32258064516,
    "medianResTime" : 900.0,
    "minResTime" : 486.0,
    "maxResTime" : 5141.0,
    "pct1ResTime" : 1508.8000000000002,
    "pct2ResTime" : 1618.2,
    "pct3ResTime" : 2095.3199999999997,
    "throughput" : 0.43107564033273477,
    "receivedKBytesPerSec" : 191.89937514745802,
    "sentKBytesPerSec" : 1.5316405874595307
  },
  "4.2 Vaccination batch" : {
    "transaction" : "4.2 Vaccination batch",
    "sampleCount" : 1325,
    "errorCount" : 0,
    "errorPct" : 0.0,
    "meanResTime" : 812.7954716981147,
    "medianResTime" : 770.0,
    "minResTime" : 462.0,
    "maxResTime" : 7038.0,
    "pct1ResTime" : 983.8000000000002,
    "pct2ResTime" : 1141.4,
    "pct3ResTime" : 2143.6400000000017,