{
  "4.3 Vaccination confirm" : {
    "transaction" : "4.3 Vaccination confirm",
    "sampleCount" : 1535,
    "errorCount" : 0,
    "errorPct" : 0.0,
    "meanResTime" : 1817.521824104235,
    "medianResTime" : 1634.0,
    "minResTime" : 995.0,
    "maxResTime" : 7264.0,
    "pct1ResTime" : 2605.2000000000003,
    "pct2ResTime" : 3022.999999999999,
    "pct3ResTime" : 4924.47999999999,
    "throughput" : 0.44436814757538556,
    "receivedKBytesPerSec" : 173.897120177321,
    "sentKBytesPerSec" : 2.304996644351039
  },
  "4.1 Vaccination questions" : {
    "transaction" : "4.1 Vaccination questions",
    "sampleCount" : 1562,
    "errorCount" : 0,
    "errorPct" : 0.0,
    "meanResTime" : 1264.8476312419975,
    "medianResTime" : 1178.0,
    "minResTime" : 568.0,
    "maxResTime" : 3509.0,
    "pct1ResTime" : 1571.0,
    "pct2ResTime" : 1785.0,
    "pct3ResTime" : 2502.5899999999992,
    "throughput" : 0.4449573259716919,
    "receivedKBytesPerSec" : 170.25565530844486,
    "sentKBytesPerSec" : 2.2118186484122115
  },
  "Get Next Patient from STS" : {
    "transaction" : "Get Next Patient from STS",
    "sampleCount" : 1593,
    "errorCount" : 0,
    "errorPct" : 0.0,
    "meanResTime" : 0.6095417451349658,
    "medianResTime" : 1.0,
    "minResTime" : 0.0,
    "maxResTime" : 2.0,
    "pct1ResTime" : 1.0,
    "pct2ResTime" : 1.0,
    "pct3ResTime" : 1.0,
    "throughput" : 0.4447967574791053,
    "receivedKBytesPerSec" : 0.18725325280315497,
    "sentKBytesPerSec" : 0.28396820022541397
  },
  "2.0 Register attendance" : {
    "transaction" : "2.0 Register attendance",
    "sampleCount" : 1586,
    "errorCount" : 8,
    "errorPct" : 0.5044136,
    "meanResTime" : 3168.2509457755355,
    "medianResTime" : 3070.0,
    "minResTime" : 1556.0,
    "maxResTime" : 9389.0,
    "pct1ResTime" : 4262.6,
    "pct2ResTime" : 4764.9,
    "pct3ResTime" : 5890.099999999991,
    "throughput" : 0.4441332959955195,
    "receivedKBytesPerSec" : 798.8410314315843,
    "sentKBytesPerSec" : 7.7132841487853545
  },
  "1.0 Login" : {
    "transaction" : "1.0 Login",
    "sampleCount" : 1596,
    "errorCount" : 0,
    "errorPct" : 0.0,
    "meanResTime" : 3601.841478696748,
    "medianResTime" : 3478.0,
    "minResTime" : 1956.0,
    "maxResTime" : 8040.0,
    "pct1ResTime" : 4378.3,
    "pct2ResTime" : 4807.499999999998,
    "pct3ResTime" : 5763.149999999997,
    "throughput" : 0.44470735553210655,
    "receivedKBytesPerSec" : 718.6784524405197,
    "sentKBytesPerSec" : 7.391639654096532
  },
  "4.0 Vaccination for menacwy" : {
    "transaction" : "4.0 Vaccination for menacwy",
    "sampleCount" : 386,
    "errorCount" : 0,
    "errorPct" : 0.0,
    "meanResTime" : 3934.9974093264236,
    "medianResTime" : 3732.5,
    "minResTime" : 1940.0,
    "maxResTime" : 9138.0,
    "pct1ResTime" : 4894.5,
    "pct2ResTime" : 5446.849999999999,
    "pct3ResTime" : 7746.649999999997,
    "throughput" : 0.11119564412669505,
    "receivedKBytesPerSec" : 128.44774716877814,
    "sentKBytesPerSec" : 1.6210526941681918
  },
  "2.5 Select patient" : {
    "transaction" : "2.5 Select patient",
    "sampleCount" : 1585,
    "errorCount" : 0,
    "errorPct" : 0.0,
    "meanResTime" : 559.4214511041018,
    "medianResTime" : 477.0,
    "minResTime" : 293.0,
    "maxResTime" : 5422.0,
    "pct1ResTime" : 778.0,
    "pct2ResTime" : 1052.199999999999,
    "pct3ResTime" : 1843.119999999999,
    "throughput" : 0.44674138099176025,
    "receivedKBytesPerSec" : 176.10289421562217,
    "sentKBytesPerSec" : 1.5879134255896563
  },
  "2.3 Search by first/last name" : {
    "transaction" : "2.3 Search by first/last name",
    "sampleCount" : 1587,
    "errorCount" : 0,
    "errorPct" : 0.0,
    "meanResTime" : 528.5173282923755,
    "medianResTime" : 475.0,
    "minResTime" : 287.0,
    "maxResTime" : 2945.0,
    "pct1ResTime" : 705.2,
    "pct2ResTime" : 858.1999999999994,
    "pct3ResTime" : 1418.8399999999938,
    "throughput" : 0.4444954822229816,
    "receivedKBytesPerSec" : 175.23546864584324,
    "sentKBytesPerSec" : 1.643587449829708
  },
  "4.0 Vaccination for flu" : {
    "transaction" : "4.0 Vaccination for flu",
    "sampleCount" : 395,
    "errorCount" : 0,
    "errorPct" : 0.0,
    "meanResTime" : 3956.61265822785,
    "medianResTime" : 3754.0,
    "minResTime" : 2108.0,
    "maxResTime" : 9158.0,
    "pct1ResTime" : 4895.8,
    "pct2ResTime" : 5559.0,
    "pct3ResTime" : 7280.880000000001,
    "throughput" : 0.11307664077068459,
    "receivedKBytesPerSec" : 130.57551036211433,
    "sentKBytesPerSec" : 1.646575143829193
  },
  "4.0 Vaccination for hpv" : {
    "transaction" : "4.0 Vaccination for hpv",
    "sampleCount" : 387,
    "errorCount" : 0,
    "errorPct" : 0.0,
    "meanResTime" : 3933.594315245477,
    "medianResTime" : 3796.0,
    "minResTime" : 1912.0,
    "maxResTime" : 7144.0,
    "pct1ResTime" : 5005.4,
    "pct2ResTime" : 5501.999999999999,
    "pct3ResTime" : 6810.000000000001,
    "throughput" : 0.11067327960960643,
    "receivedKBytesPerSec" : 127.22554590596089,
    "sentKBytesPerSec" : 1.6096007121839842
  },
  "1.2 Sign-in page" : {
    "transaction" : "1.2 Sign-in page",
    "sampleCount" : 1599,
    "errorCount" : 0,
    "errorPct" : 0.0,
    "meanResTime" : 808.958724202626,
    "medianResTime" : 665.0,
    "minResTime" : 243.0,
    "maxResTime" : 4344.0,
    "pct1ResTime" : 1265.0,
    "pct2ResTime" : 1437.0,
    "pct3ResTime" : 2293.0,
    "throughput" : 0.44481015869624724,
    "receivedKBytesPerSec" : 173.4424574756342,
    "sentKBytesPerSec" : 1.9004112081623916
  },
  "2.4 Patient attending session" : {
    "transaction" : "2.4 Patient attending session",
    "sampleCount" : 852,
    "errorCount" : 8,
    "errorPct" : 0.9389671,
    "meanResTime" : 1253.429577464789,
    "medianResTime" : 1107.0,
    "minResTime" : 623.0,
    "maxResTime" : 6256.0,
    "pct1ResTime" : 1789.0000000000005,
    "pct2ResTime" : 2114.5999999999967,
    "pct3ResTime" : 3394.5900000000056,
    "throughput" : 0.24044641756003893,
    "receivedKBytesPerSec" : 94.99188592556631,
    "sentKBytesPerSec" : 1.05150881008938
  },
  "Debug Sampler" : {
    "transaction" : "Debug Sampler",
    "sampleCount" : 1586,
    "errorCount" : 0,
    "errorPct" : 0.0,
    "meanResTime" : 0.48612862547288826,
    "medianResTime" : 0.0,
    "minResTime" : 0.0,
    "maxResTime" : 7.0,
    "pct1ResTime" : 1.0,
    "pct2ResTime" : 1.0,
    "pct3ResTime" : 1.0,
    "throughput" : 0.44601816300698355,
    "receivedKBytesPerSec" : 2.809702631591528,
    "sentKBytesPerSec" : 0.0
  },
  "Total" : {
    "transaction" : "Total",
    "sampleCount" : 21429,
    "errorCount" : 8,
    "errorPct" : 0.037332587,
    "meanResTime" : 791.6314340379868,
    "medianResTime" : 713.0,
    "minResTime" : 0.0,
    "maxResTime" : 7264.0,
    "pct1ResTime" : 1474.0,
    "pct2ResTime" : 1795.9500000000007,
    "pct3ResTime" : 2730.9400000000096,
    "throughput" : 5.950982499462636,
    "receivedKBytesPerSec" : 2009.92004688544,
    "sentKBytesPerSec" : 21.341992145301557
  },
  "1.4 Open Sessions list" : {
    "transaction" : "1.4 Open Sessions list",
    "sampleCount" : 1594,
    "errorCount" : 0,
    "errorPct" : 0.0,
    "meanResTime" : 1061.0564617314913,
    "medianResTime" : 971.0,
    "minResTime" : 541.0,
    "maxResTime" : 4166.0,
    "pct1ResTime" : 1540.0,
    "pct2ResTime" : 1710.25,
    "pct3ResTime" : 2482.3999999999987,
    "throughput" : 0.44455191036003966,
    "receivedKBytesPerSec" : 198.67867091476597,
    "sentKBytesPerSec" : 1.5796668171979675
  },
  "4.2 Vaccination batch" : {
    "transaction" : "4.2 Vaccination batch",
    "sampleCount" : 1558,
    "errorCount" : 0,
    "errorPct" : 0.0,
    "meanResTime" : 903.3209242618756,
    "medianResTime" : 823.0,
    "minResTime" : 524.0,
    "maxResTime" : 3985.0,
    "pct1ResTime" : 1193.2000000000003,
    "pct2ResTime" : 1446.05,
    "pct3ResTime" : 2115.660000000002,
    "throughput" : 0.44514234840874467,
    "receivedKBytesPerSec" : 171.50018430112866,