{
  "4.3 Vaccination confirm" : {
    "transaction" : "4.3 Vaccination confirm",
    "sampleCount" : 1347,
    "errorCount" : 0,
    "errorPct" : 0.0,
    "meanResTime" : 3508.118040089087,
    "medianResTime" : 3338.0,
    "minResTime" : 2265.0,
    "maxResTime" : 12551.0,
    "pct1ResTime" : 4540.2,
    "pct2ResTime" : 5049.799999999999,
    "pct3ResTime" : 7139.959999999996,
    "throughput" : 0.3886879401414801,
    "receivedKBytesPerSec" : 156.80273385931488,
    "sentKBytesPerSec" : 2.016119742108293
  },
  "4.1 Vaccination questions" : {
    "transaction" : "4.1 Vaccination questions",
    "sampleCount" : 1364,
    "errorCount" : 0,
    "errorPct" : 0.0,
    "meanResTime" : 1872.9596774193544,
    "medianResTime" : 1900.0,
    "minResTime" : 1019.0,
    "maxResTime" : 7605.0,
    "pct1ResTime" : 2333.0,
    "pct2ResTime" : 2682.25,
    "pct3ResTime" : 3754.149999999999,
    "throughput" : 0.3877920558920937,
    "receivedKBytesPerSec" : 153.1035068731806,
    "sentKBytesPerSec" : 1.9275733634016698
  },
  "2.0 Register attendance" : {
    "transaction" : "2.0 Register attendance",
    "sampleCount" : 1382,
    "errorCount" : 9,
    "errorPct" : 0.6512301,
    "meanResTime" : 5283.206946454411,
    "medianResTime" : 5660.0,
    "minResTime" : 2328.0,
    "maxResTime" : 15135.0,
    "pct1ResTime" : 7304.8,
    "pct2ResTime" : 7889.299999999998,
    "pct3ResTime" : 9958.370000000004,
    "throughput" : 0.3878050737924025,
    "receivedKBytesPerSec" : 720.8926553139853,
    "sentKBytesPerSec" : 6.542492696998383
  },
  "1.0 Login" : {
    "transaction" : "1.0 Login",
    "sampleCount" : 1412,
    "errorCount" : 0,
    "errorPct" : 0.0,
    "meanResTime" : 16467.593484419296,
    "medianResTime" : 16172.0,
    "minResTime" : 2843.0,
    "maxResTime" : 30737.0,
    "pct1ResTime" : 18259.0,
    "pct2ResTime" : 19211.75,
    "pct3ResTime" : 22684.489999999965,
    "throughput" : 0.39279056835293064,
    "receivedKBytesPerSec" : 654.0659239647033,
    "sentKBytesPerSec" : 6.527197584730934
  },
  "4.0 Vaccination for menacwy" : {
    "transaction" : "4.0 Vaccination for menacwy",
    "sampleCount" : 334,
    "errorCount" : 0,
    "errorPct" : 0.0,
    "meanResTime" : 6881.868263473057,
    "medianResTime" : 6611.0,
    "minResTime" : 3387.0,
    "maxResTime" : 13502.0,
    "pct1ResTime" : 8202.0,
    "pct2ResTime" : 8735.75,
    "pct3ResTime" : 11609.599999999995,
    "throughput" : 0.09712597267735887,
    "receivedKBytesPerSec" : 115.9951887770684,
    "sentKBytesPerSec" : 1.4193683447625982
  },
  "2.5 Select patient" : {
    "transaction" : "2.5 Select patient",
    "sampleCount" : 1380,
    "errorCount" : 0,
    "errorPct" : 0.0,
    "meanResTime" : 1110.9492753623172,
    "medianResTime" : 988.5,
    "minResTime" : 593.0,
    "maxResTime" : 5069.0,
    "pct1ResTime" : 1678.7000000000003,
    "pct2ResTime" : 1862.95,
    "pct3ResTime" : 2330.9500000000003,
    "throughput" : 0.388428872762523,
    "receivedKBytesPerSec" : 158.01738490560476,
    "sentKBytesPerSec" : 1.3806415555492695
  },
  "2.3 Search by first/last name" : {
    "transaction" : "2.3 Search by first/last name",
    "sampleCount" : 1383,
    "errorCount" : 0,
    "errorPct" : 0.0,
    "meanResTime" : 792.6066522053515,
    "medianResTime" : 689.0,
    "minResTime" : 588.0,
    "maxResTime" : 7353.0,
    "pct1ResTime" : 1028.6000000000001,
    "pct2ResTime" : 1226.6,
    "pct3ResTime" : 1902.2400000000032,
    "throughput" : 0.3884460472876186,
    "receivedKBytesPerSec" : 158.20447230812226,
    "sentKBytesPerSec" : 1.444279746632344
  },
  "4.0 Vaccination for flu" : {
    "transaction" : "4.0 Vaccination for flu",
    "sampleCount" : 338,
    "errorCount" : 0,
    "errorPct" : 0.0,
    "meanResTime" : 7002.822485207102,
    "medianResTime" : 6710.0,
    "minResTime" : 5426.0,
    "maxResTime" : 15430.0,
    "pct1ResTime" : 8306.000000000002,
    "pct2ResTime" : 9310.400000000001,
    "pct3ResTime" : 12386.970000000014,
    "throughput" : 0.09812713618856203,
    "receivedKBytesPerSec" : 117.27883048702341,
    "sentKBytesPerSec" : 1.433951501025835
  },
  "4.0 Vaccination for hpv" : {
    "transaction" : "4.0 Vaccination for hpv",
    "sampleCount" : 352,
    "errorCount" : 0,
    "errorPct" : 0.0,
    "meanResTime" : 6937.230113636361,
    "medianResTime" : 6658.0,
    "minResTime" : 3293.0,
    "maxResTime" : 12096.0,
    "pct1ResTime" : 8338.1,
    "pct2ResTime" : 9022.1,
    "pct3ResTime" : 11948.279999999997,
    "throughput" : 0.10102764053102654,
    "receivedKBytesPerSec" : 119.73326996533632,
    "sentKBytesPerSec" : 1.4683236102600457
  },
  "1.2 Sign-in page" : {
    "transaction" : "1.2 Sign-in page",
    "sampleCount" : 1414,
    "errorCount" : 0,
    "errorPct" : 0.0,
    "meanResTime" : 1213.7673267326745,
    "medianResTime" : 1084.0,
    "minResTime" : 254.0,
    "maxResTime" : 7736.0,
    "pct1ResTime" : 1763.5,
    "pct2ResTime" : 2002.5,
    "pct3ResTime" : 3153.3999999999924,
    "throughput" : 0.39342550916467195,
    "receivedKBytesPerSec" : 158.12767743327,
    "sentKBytesPerSec" : 1.679067294873393
  },
  "2.4 Patient attending session" : {
    "transaction" : "2.4 Patient attending session",
    "sampleCount" : 781,
    "errorCount" : 9,
    "errorPct" : 1.1523688,
    "meanResTime" : 2615.9782330345706,
    "medianResTime" : 2437.0,
    "minResTime" : 787.0,
    "maxResTime" : 11065.0,
    "pct1ResTime" : 3493.6000000000013,
    "pct2ResTime" : 4003.3999999999996,
    "pct3ResTime" : 5320.139999999997,
    "throughput" : 0.2299384583406569,
    "receivedKBytesPerSec" : 93.88396765047794,
    "sentKBytesPerSec" : 1.0052041770153692
  },
  "Total" : {
    "transaction" : "Total",
    "sampleCount" : 16044,
    "errorCount" : 9,
    "errorPct" : 0.056095738,
    "meanResTime" : 2492.2609698329616,
    "medianResTime" : 1358.0,
    "minResTime" : 254.0,
    "maxResTime" : 19702.0,
    "pct1ResTime" : 4566.0,
    "pct2ResTime" : 12205.75,
    "pct3ResTime" : 13583.749999999996,
    "throughput" : 4.447250848342759,
    "receivedKBytesPerSec" : 1815.7860835380272,
    "sentKBytesPerSec" : 18.490882160395408
  },
  "1.4 Open Sessions list" : {
    "transaction" : "1.4 Open Sessions list",
    "sampleCount" : 1411,
    "errorCount" : 0,
    "errorPct" : 0.0,
    "meanResTime" : 12498.657689581858,
    "medianResTime" : 12330.0,
    "minResTime" : 9725.0,
    "maxResTime" : 19702.0,
    "pct1ResTime" : 13708.4,
    "pct2ResTime" : 14684.8,
    "pct3ResTime" : 16683.64,
    "throughput" : 0.39250288883238876,
    "receivedKBytesPerSec" : 180.45243191537028,
    "sentKBytesPerSec" : 1.3946005804126036
  },
  "4.2 Vaccination batch" : {
    "transaction" : "4.2 Vaccination batch",
    "sampleCount" : 1362,
    "errorCount" : 0,
    "errorPct" : 0.0,
    "meanResTime" : 1566.752569750368,
    "medianResTime" : 1441.0,
    "minResTime" : 1027.0,
    "maxResTime" : 7649.0,
    "pct1ResTime" : 2007.3000000000004,
    "pct2ResTime" : 2359.2999999999984,
    "pct3ResTime" : 3725.1499999999896,
    "throughput" : 0.3883020168612026,
    "receivedKBytesPerSec" : 154.33072914662077,
    "sentKBytesPerSec" : 1.7383629313837263
  },
  "1.1 Homepage" : {
    "transaction" : "1.1 Homepage",
    "sampleCount" : 1416,
    "errorCount" : 0,
    "errorPct" : 0.0,
    "meanResTime" : 1469.5663841807905,
    "medianResTime" : 1374.0,
    "minResTime" : 1018.0,
    "maxResTime" : 5763.0,
    "pct1ResTime" : 1878.1999999999998,
    "pct2ResTime" : 2224.2999999999997,
    "pct3ResTime" : 3170.5599999999904,
    "throughput" : 0.3934467771540794,
    "receivedKBytesPerSec" : 157.96580478230598,
    "sentKBytesPerSec" : 1.6712818537157381
  },
  "1.3 Sign-in" : {
    "transaction" : "1.3 Sign-in",
    "sampleCount" : 1412,
    "errorCount" : 0,
    "errorPct" : 0.0,
    "meanResTime" : 1294.4688385269126,
    "medianResTime" : 1155.5,
    "minResTime" : 721.0,
    "maxResTime" : 9787.0,
    "pct1ResTime" : 1799.0,
    "pct2ResTime" : 2039.499999999999,