{
  "4.3 Vaccination confirm" : {
    "transaction" : "4.3 Vaccination confirm",
    "sampleCount" : 496,
    "errorCount" : 0,
    "errorPct" : 0.0,
    "meanResTime" : 1591.6693548387086,
    "medianResTime" : 1432.5,
    "minResTime" : 1069.0,
    "maxResTime" : 4881.0,
    "pct1ResTime" : 2198.2,
    "pct2ResTime" : 2603.2,
    "pct3ResTime" : 3561.379999999996,
    "throughput" : 0.46696768508301856,
    "receivedKBytesPerSec" : 184.85975387431367,
    "sentKBytesPerSec" : 2.4221705324090634
  },
  "4.1 Vaccination questions" : {
    "transaction" : "4.1 Vaccination questions",
    "sampleCount" : 515,
    "errorCount" : 0,
    "errorPct" : 0.0,
    "meanResTime" : 1304.6699029126205,
    "medianResTime" : 1242.0,
    "minResTime" : 616.0,
    "maxResTime" : 2501.0,
    "pct1ResTime" : 1511.2000000000003,
    "pct2ResTime" : 1771.6,
    "pct3ResTime" : 2103.4799999999987,
    "throughput" : 0.4665007192263516,
    "receivedKBytesPerSec" : 180.63585095392605,
    "sentKBytesPerSec" : 2.316769281256001
  },
  "Get Next Patient from STS" : {
    "transaction" : "Get Next Patient from STS",
    "sampleCount" : 554,
    "errorCount" : 0,
    "errorPct" : 0.0,
    "meanResTime" : 0.6516245487364628,
    "medianResTime" : 1.0,
    "minResTime" : 0.0,
    "maxResTime" : 2.0,
    "pct1ResTime" : 1.0,
    "pct2ResTime" : 1.0,
    "pct3ResTime" : 1.0,
    "throughput" : 0.46812167445601977,
    "receivedKBytesPerSec" : 0.1967445184768639,
    "sentKBytesPerSec" : 0.29884576901237314
  },
  "2.0 Register attendance" : {
    "transaction" : "2.0 Register attendance",
    "sampleCount" : 544,
    "errorCount" : 1,
    "errorPct" : 0.18382353,
    "meanResTime" : 2713.086397058822,
    "medianResTime" : 2696.5,
    "minResTime" : 1306.0,
    "maxResTime" : 5647.0,
    "pct1ResTime" : 3604.5,
    "pct2ResTime" : 3934.5,
    "pct3ResTime" : 4866.75,
    "throughput" : 0.46509639635788486,
    "receivedKBytesPerSec" : 847.9028348491001,
    "sentKBytesPerSec" : 8.065471976125336
  },
  "1.0 Login" : {
    "transaction" : "1.0 Login",
    "sampleCount" : 556,
    "errorCount" : 0,
    "errorPct" : 0.0,
    "meanResTime" : 3333.796762589927,
    "medianResTime" : 3287.0,
    "minResTime" : 2059.0,
    "maxResTime" : 5291.0,
    "pct1ResTime" : 3913.8,
    "pct2ResTime" : 4275.6,
    "pct3ResTime" : 4926.059999999998,
    "throughput" : 0.46650009145415466,
    "receivedKBytesPerSec" : 760.849299704494,
    "sentKBytesPerSec" : 7.698477277837721
  },
  "4.0 Vaccination for menacwy" : {
    "transaction" : "4.0 Vaccination for menacwy",
    "sampleCount" : 125,
    "errorCount" : 0,
    "errorPct" : 0.0,
    "meanResTime" : 3621.896,
    "medianResTime" : 3500.0,
    "minResTime" : 1971.0,
    "maxResTime" : 6573.0,
    "pct1ResTime" : 4311.4,
    "pct2ResTime" : 4535.699999999999,
    "pct3ResTime" : 6210.039999999993,
    "throughput" : 0.11390995463649967,
    "receivedKBytesPerSec" : 132.65097212463937,
    "sentKBytesPerSec" : 1.6529758292189058
  },
  "2.5 Select patient" : {
    "transaction" : "2.5 Select patient",
    "sampleCount" : 535,
    "errorCount" : 0,
    "errorPct" : 0.0,
    "meanResTime" : 445.32149532710304,
    "medianResTime" : 395.0,
    "minResTime" : 335.0,
    "maxResTime" : 1705.0,
    "pct1ResTime" : 589.4000000000001,
    "pct2ResTime" : 663.5999999999998,
    "pct3ResTime" : 1062.92,
    "throughput" : 0.4680058925003587,
    "receivedKBytesPerSec" : 186.58437633676917,
    "sentKBytesPerSec" : 1.6634771577586631
  },
  "2.3 Search by first/last name" : {
    "transaction" : "2.3 Search by first/last name",
    "sampleCount" : 546,
    "errorCount" : 0,
    "errorPct" : 0.0,
    "meanResTime" : 471.43406593406604,
    "medianResTime" : 443.5,
    "minResTime" : 338.0,
    "maxResTime" : 1536.0,
    "pct1ResTime" : 637.3,
    "pct2ResTime" : 715.9499999999999,
    "pct3ResTime" : 1084.0899999999986,
    "throughput" : 0.4675622281652293,
    "receivedKBytesPerSec" : 187.21216820931159,
    "sentKBytesPerSec" : 1.7287569476022022
  },
  "4.0 Vaccination for flu" : {
    "transaction" : "4.0 Vaccination for flu",
    "sampleCount" : 126,
    "errorCount" : 0,
    "errorPct" : 0.0,
    "meanResTime" : 3712.9761904761913,
    "medianResTime" : 3562.5,
    "minResTime" : 1862.0,
    "maxResTime" : 6865.0,
    "pct1ResTime" : 4591.9,
    "pct2ResTime" : 4944.849999999999,
    "pct3ResTime" : 6607.420000000004,
    "throughput" : 0.11587538797562938,
    "receivedKBytesPerSec" : 134.4069774543051,
    "sentKBytesPerSec" : 1.6732095643177376
  },
  "4.0 Vaccination for hpv" : {
    "transaction" : "4.0 Vaccination for hpv",
    "sampleCount" : 137,
    "errorCount" : 0,
    "errorPct" : 0.0,
    "meanResTime" : 3691.598540145986,
    "medianResTime" : 3571.0,
    "minResTime" : 1910.0,
    "maxResTime" : 6363.0,
    "pct1ResTime" : 4527.4,
    "pct2ResTime" : 4824.9,
    "pct3ResTime" : 6162.360000000002,
    "throughput" : 0.12614776046289783,
    "receivedKBytesPerSec" : 145.8275493429382,
    "sentKBytesPerSec" : 1.8214776978586187
  },
  "1.2 Sign-in page" : {
    "transaction" : "1.2 Sign-in page",
    "sampleCount" : 562,
    "errorCount" : 0,
    "errorPct" : 0.0,
    "meanResTime" : 703.3950177935948,
    "medianResTime" : 568.0,
    "minResTime" : 197.0,
    "maxResTime" : 2222.0,
    "pct1ResTime" : 1231.7,
    "pct2ResTime" : 1296.3500000000004,
    "pct3ResTime" : 1766.8400000000006,
    "throughput" : 0.47027635848781885,
    "receivedKBytesPerSec" : 184.99360518683653,
    "sentKBytesPerSec" : 1.9788653021713882
  },
  "2.4 Patient attending session" : {
    "transaction" : "2.4 Patient attending session",
    "sampleCount" : 296,
    "errorCount" : 1,
    "errorPct" : 0.33783785,
    "meanResTime" : 1064.236486486488,
    "medianResTime" : 943.5,
    "minResTime" : 774.0,
    "maxResTime" : 2922.0,
    "pct1ResTime" : 1411.9,
    "pct2ResTime" : 1734.9999999999977,
    "pct3ResTime" : 2557.0599999999945,
    "throughput" : 0.2563263241939143,
    "receivedKBytesPerSec" : 102.9755979747839,
    "sentKBytesPerSec" : 1.1220585390655173
  },
  "Debug Sampler" : {
    "transaction" : "Debug Sampler",
    "sampleCount" : 544,
    "errorCount" : 0,
    "errorPct" : 0.0,
    "meanResTime" : 0.5036764705882353,
    "medianResTime" : 0.0,
    "minResTime" : 0.0,
    "maxResTime" : 8.0,
    "pct1ResTime" : 1.0,
    "pct2ResTime" : 1.0,
    "pct3ResTime" : 1.0,
    "throughput" : 0.4714720414479392,
    "receivedKBytesPerSec" : 3.0542307817725787,
    "sentKBytesPerSec" : 0.0
  },
  "Total" : {
    "transaction" : "Total",
    "sampleCount" : 7337,
    "errorCount" : 1,
    "errorPct" : 0.013629549,
    "meanResTime" : 716.0876379991826,
    "medianResTime" : 648.0,
    "minResTime" : 0.0,
    "maxResTime" : 4881.0,
    "pct1ResTime" : 1341.0,
    "pct2ResTime" : 1525.0999999999995,
    "pct3ResTime" : 2150.579999999999,
    "throughput" : 6.109482729907071,
    "receivedKBytesPerSec" : 2086.876779885421,
    "sentKBytesPerSec" : 21.783764608591746
  },
  "1.4 Open Sessions list" : {
    "transaction" : "1.4 Open Sessions list",
    "sampleCount" : 554,
    "errorCount" : 0,
    "errorPct" : 0.0,
    "meanResTime" : 1027.0126353790615,
    "medianResTime" : 901.0,
    "minResTime" : 507.0,
    "maxResTime" : 2977.0,
    "pct1ResTime" : 1530.5,
    "pct2ResTime" : 1688.75,
    "pct3ResTime" : 2079.550000000002,
    "throughput" : 0.4678409982409516,
    "receivedKBytesPerSec" : 211.413466628169,
    "sentKBytesPerSec" : 1.6604258398125933
  },
  "4.2 Vaccination batch" : {
    "transaction" : "4.2 Vaccination batch",
    "sampleCount" : 514,
    "errorCount" : 0,
    "errorPct" : 0.0,
    "meanResTime" : 847.550583657588,
    "medianResTime" : 836.0,
    "minResTime" : 554.0,
    "maxResTime" : 1827.0,
    "pct1ResTime" : 1035.5,
    "pct2ResTime" : 1188.25,
    "pct3ResTime" : 1498.3500000000013,
    "throughput" : 0.46656524470167055,
    "receivedKBytesPerSec" : 181.8976916919957,
    "sentKBytesPerSec" : 2.0866866764760346
  },