{
  "4.3 Vaccination confirm" : {
    "transaction" : "4.3 Vaccination confirm",
    "sampleCount" : 1510,
    "errorCount" : 0,
    "errorPct" : 0.0,
    "meanResTime" : 2002.684105960266,
    "medianResTime" : 1693.0,
    "minResTime" : 1008.0,
    "maxResTime" : 18118.0,
    "pct1ResTime" : 2983.8,
    "pct2ResTime" : 3863.8,
    "pct3ResTime" : 6169.130000000022,
    "throughput" : 0.4370706540632085,
    "receivedKBytesPerSec" : 171.02324307275578,
    "sentKBytesPerSec" : 2.267137244563319
  },
  "4.1 Vaccination questions" : {
    "transaction" : "4.1 Vaccination questions",
    "sampleCount" : 1538,
    "errorCount" : 0,
    "errorPct" : 0.0,
    "meanResTime" : 1428.6059817945409,
    "medianResTime" : 1306.0,
    "minResTime" : 491.0,
    "maxResTime" : 11039.0,
    "pct1ResTime" : 1686.4000000000005,
    "pct2ResTime" : 2001.7499999999993,
    "pct3ResTime" : 3399.7599999999984,
    "throughput" : 0.43888573247546103,
    "receivedKBytesPerSec" : 167.93128044047447,
    "sentKBytesPerSec" : 2.1815857302853128
  },
  "Get Next Patient from STS" : {
    "transaction" : "Get Next Patient from STS",
    "sampleCount" : 1569,
    "errorCount" : 0,
    "errorPct" : 0.0,
    "meanResTime" : 0.5863607393244104,
    "medianResTime" : 1.0,
    "minResTime" : 0.0,
    "maxResTime" : 2.0,
    "pct1ResTime" : 1.0,
    "pct2ResTime" : 1.0,
    "pct3ResTime" : 1.0,
    "throughput" : 0.4378986335832249,
    "receivedKBytesPerSec" : 0.18453870482129464,
    "sentKBytesPerSec" : 0.2795634300287383
  },
  "2.0 Register attendance" : {
    "transaction" : "2.0 Register attendance",
    "sampleCount" : 1558,
    "errorCount" : 22,
    "errorPct" : 1.4120667,
    "meanResTime" : 3423.087291399227,
    "medianResTime" : 3217.0,
    "minResTime" : 1490.0,
    "maxResTime" : 12724.0,
    "pct1ResTime" : 4816.400000000001,
    "pct2ResTime" : 5581.849999999999,
    "pct3ResTime" : 8176.680000000004,
    "throughput" : 0.43651849880223587,
    "receivedKBytesPerSec" : 802.1339995385806,
    "sentKBytesPerSec" : 7.7896657051573905
  },
  "1.0 Login" : {
    "transaction" : "1.0 Login",
    "sampleCount" : 1572,
    "errorCount" : 0,
    "errorPct" : 0.0,
    "meanResTime" : 3956.8969465648843,
    "medianResTime" : 3735.0,
    "minResTime" : 1624.0,
    "maxResTime" : 16242.0,
    "pct1ResTime" : 5003.4,
    "pct2ResTime" : 5737.699999999998,
    "pct3ResTime" : 7593.849999999995,
    "throughput" : 0.4376499201539458,
    "receivedKBytesPerSec" : 707.1330150905702,
    "sentKBytesPerSec" : 7.273909052041782
  },
  "4.0 Vaccination for menacwy" : {
    "transaction" : "4.0 Vaccination for menacwy",
    "sampleCount" : 383,
    "errorCount" : 0,
    "errorPct" : 0.0,
    "meanResTime" : 4392.475195822455,
    "medianResTime" : 3989.0,
    "minResTime" : 2190.0,
    "maxResTime" : 15492.0,
    "pct1ResTime" : 5539.800000000001,
    "pct2ResTime" : 6815.599999999994,
    "pct3ResTime" : 12091.399999999985,
    "throughput" : 0.11001469830838757,
    "receivedKBytesPerSec" : 127.06816058880341,
    "sentKBytesPerSec" : 1.6037956812337042
  },
  "2.5 Select patient" : {
    "transaction" : "2.5 Select patient",
    "sampleCount" : 1554,
    "errorCount" : 0,
    "errorPct" : 0.0,
    "meanResTime" : 522.914414414414,
    "medianResTime" : 429.0,
    "minResTime" : 311.0,
    "maxResTime" : 5309.0,
    "pct1ResTime" : 810.5,
    "pct2ResTime" : 1104.5,
    "pct3ResTime" : 1693.4500000000028,
    "throughput" : 0.4385063919220012,
    "receivedKBytesPerSec" : 172.8282551639489,
    "sentKBytesPerSec" : 1.5586443416344324
  },
  "2.3 Search by first/last name" : {
    "transaction" : "2.3 Search by first/last name",
    "sampleCount" : 1564,
    "errorCount" : 0,
    "errorPct" : 0.0,
    "meanResTime" : 535.06074168798,
    "medianResTime" : 451.0,
    "minResTime" : 314.0,
    "maxResTime" : 6504.0,
    "pct1ResTime" : 745.0,
    "pct2ResTime" : 977.0,
    "pct3ResTime" : 1827.9999999999945,
    "throughput" : 0.438268335673193,
    "receivedKBytesPerSec" : 173.27998062391237,
    "sentKBytesPerSec" : 1.6206730328014705
  },
  "4.0 Vaccination for flu" : {
    "transaction" : "4.0 Vaccination for flu",
    "sampleCount" : 384,
    "errorCount" : 0,
    "errorPct" : 0.0,
    "meanResTime" : 4246.979166666667,
    "medianResTime" : 3931.5,
    "minResTime" : 1969.0,
    "maxResTime" : 14928.0,
    "pct1ResTime" : 5481.0,
    "pct2ResTime" : 6687.75,
    "pct3ResTime" : 10557.999999999982,
    "throughput" : 0.10987379106640241,
    "receivedKBytesPerSec" : 126.30170918526653,
    "sentKBytesPerSec" : 1.5923233172571383
  },
  "4.0 Vaccination for hpv" : {
    "transaction" : "4.0 Vaccination for hpv",
    "sampleCount" : 388,
    "errorCount" : 0,
    "errorPct" : 0.0,
    "meanResTime" : 4301.386597938145,
    "medianResTime" : 3944.0,
    "minResTime" : 2039.0,
    "maxResTime" : 20179.0,
    "pct1ResTime" : 5612.600000000001,
    "pct2ResTime" : 6219.149999999999,
    "pct3ResTime" : 9733.68000000001,
    "throughput" : 0.11102113693656059,
    "receivedKBytesPerSec" : 127.6244824833218,
    "sentKBytesPerSec" : 1.6146585187977671
  },
  "1.2 Sign-in page" : {
    "transaction" : "1.2 Sign-in page",
    "sampleCount" : 1574,
    "errorCount" : 0,
    "errorPct" : 0.0,
    "meanResTime" : 884.507623888185,
    "medianResTime" : 687.0,
    "minResTime" : 216.0,
    "maxResTime" : 4919.0,
    "pct1ResTime" : 1461.0,
    "pct2ResTime" : 1758.75,
    "pct3ResTime" : 2808.0,
    "throughput" : 0.4380952486983784,
    "receivedKBytesPerSec" : 170.79905406678824,
    "sentKBytesPerSec" : 1.8714790077504448
  },
  "2.4 Patient attending session" : {
    "transaction" : "2.4 Patient attending session",
    "sampleCount" : 1010,
    "errorCount" : 22,
    "errorPct" : 2.178218,
    "meanResTime" : 1292.9980198019796,
    "medianResTime" : 1109.0,
    "minResTime" : 324.0,
    "maxResTime" : 10298.0,
    "pct1ResTime" : 1954.9,
    "pct2ResTime" : 2489.7999999999997,
    "pct3ResTime" : 3553.89,
    "throughput" : 0.2836712906959468,
    "receivedKBytesPerSec" : 112.29983192212718,
    "sentKBytesPerSec" : 1.2380179379610887
  },
  "Debug Sampler" : {
    "transaction" : "Debug Sampler",
    "sampleCount" : 1558,
    "errorCount" : 0,
    "errorPct" : 0.0,
    "meanResTime" : 0.4717586649550698,
    "medianResTime" : 0.0,
    "minResTime" : 0.0,
    "maxResTime" : 7.0,
    "pct1ResTime" : 1.0,
    "pct2ResTime" : 1.0,
    "pct3ResTime" : 1.0,
    "throughput" : 0.43813938681858494,
    "receivedKBytesPerSec" : 2.8753435530938884,
    "sentKBytesPerSec" : 0.0
  },
  "Total" : {
    "transaction" : "Total",
    "sampleCount" : 21265,
    "errorCount" : 22,
    "errorPct" : 0.103456385,
    "meanResTime" : 857.9318128379961,
    "medianResTime" : 755.5,
    "minResTime" : 0.0,
    "maxResTime" : 18118.0,
    "pct1ResTime" : 1613.0,
    "pct2ResTime" : 1965.0,
    "pct3ResTime" : 3398.9100000000144,
    "throughput" : 5.905843660806555,
    "receivedKBytesPerSec" : 1995.7731709177435,
    "sentKBytesPerSec" : 21.22104978618916
  },
  "1.4 Open Sessions list" : {
    "transaction" : "1.4 Open Sessions list",
    "sampleCount" : 1570,
    "errorCount" : 0,
    "errorPct" : 0.0,
    "meanResTime" : 1217.0955414012724,
    "medianResTime" : 1068.5,
    "minResTime" : 480.0,
    "maxResTime" : 6776.0,
    "pct1ResTime" : 1767.0,
    "pct2ResTime" : 2004.1499999999987,
    "pct3ResTime" : 2871.7599999999984,
    "throughput" : 0.437898100275318,
    "receivedKBytesPerSec" : 195.63995663013284,
    "sentKBytesPerSec" : 1.5560080124893
  },
  "4.2 Vaccination batch" : {
    "transaction" : "4.2 Vaccination batch",
    "sampleCount" : 1536,
    "errorCount" : 0,
    "errorPct" : 0.0,
    "meanResTime" : 939.7382812500005,
    "medianResTime" : 849.0,
    "minResTime" : 511.0,
    "maxResTime" : 8011.0,
    "pct1ResTime" : 1219.6,
    "pct2ResTime" : 1523.1999999999962,
    "pct3ResTime" : 2590.2799999999934,
    "throughput" : 0.4388552620488769,