{
  "4.3 Vaccination confirm" : {
    "transaction" : "4.3 Vaccination confirm",
    "sampleCount" : 1568,
    "errorCount" : 0,
    "errorPct" : 0.0,
    "meanResTime" : 1346.0420918367347,
    "medianResTime" : 1290.5,
    "minResTime" : 950.0,
    "maxResTime" : 3474.0,
    "pct1ResTime" : 1651.0,
    "pct2ResTime" : 1882.1,
    "pct3ResTime" : 2358.0999999999995,
    "throughput" : 0.4523833360212828,
    "receivedKBytesPerSec" : 177.01203441463673,
    "sentKBytesPerSec" : 2.3465638719541664
  },
  "4.1 Vaccination questions" : {
    "transaction" : "4.1 Vaccination questions",
    "sampleCount" : 1591,
    "errorCount" : 0,
    "errorPct" : 0.0,
    "meanResTime" : 1233.5015713387825,
    "medianResTime" : 1240.0,
    "minResTime" : 487.0,
    "maxResTime" : 2298.0,
    "pct1ResTime" : 1331.8,
    "pct2ResTime" : 1423.0,
    "pct3ResTime" : 1658.119999999999,
    "throughput" : 0.4534227145115503,
    "receivedKBytesPerSec" : 173.48666333881775,
    "sentKBytesPerSec" : 2.253770423348192
  },
  "Get Next Patient from STS" : {
    "transaction" : "Get Next Patient from STS",
    "sampleCount" : 1629,
    "errorCount" : 0,
    "errorPct" : 0.0,
    "meanResTime" : 0.6396562308164521,
    "medianResTime" : 1.0,
    "minResTime" : 0.0,
    "maxResTime" : 2.0,
    "pct1ResTime" : 1.0,
    "pct2ResTime" : 1.0,
    "pct3ResTime" : 1.0,
    "throughput" : 0.45427457314503855,
    "receivedKBytesPerSec" : 0.19116397000979102,
    "sentKBytesPerSec" : 0.28999350448711175
  },
  "2.0 Register attendance" : {
    "transaction" : "2.0 Register attendance",
    "sampleCount" : 1621,
    "errorCount" : 8,
    "errorPct" : 0.49352252,
    "meanResTime" : 2587.783466995676,
    "medianResTime" : 2513.0,
    "minResTime" : 1390.0,
    "maxResTime" : 4937.0,
    "pct1ResTime" : 3512.0,
    "pct2ResTime" : 3789.5999999999995,
    "pct3ResTime" : 4423.639999999999,
    "throughput" : 0.45367073076531256,
    "receivedKBytesPerSec" : 791.703638961045,
    "sentKBytesPerSec" : 7.6352258355265885
  },
  "1.0 Login" : {
    "transaction" : "1.0 Login",
    "sampleCount" : 1631,
    "errorCount" : 0,
    "errorPct" : 0.0,
    "meanResTime" : 3195.0196198651142,
    "medianResTime" : 3239.0,
    "minResTime" : 1822.0,
    "maxResTime" : 5119.0,
    "pct1ResTime" : 3655.6,
    "pct2ResTime" : 3781.5999999999995,
    "pct3ResTime" : 4227.72,
    "throughput" : 0.45406774824435026,
    "receivedKBytesPerSec" : 733.7102167635841,
    "sentKBytesPerSec" : 7.547761905445473
  },
  "4.0 Vaccination for menacwy" : {
    "transaction" : "4.0 Vaccination for menacwy",
    "sampleCount" : 382,
    "errorCount" : 0,
    "errorPct" : 0.0,
    "meanResTime" : 3386.740837696334,
    "medianResTime" : 3318.0,
    "minResTime" : 1616.0,
    "maxResTime" : 5234.0,
    "pct1ResTime" : 3849.7,
    "pct2ResTime" : 4137.7,
    "pct3ResTime" : 4658.5700000000015,
    "throughput" : 0.10984669197549786,
    "receivedKBytesPerSec" : 126.98802439664117,
    "sentKBytesPerSec" : 1.602781426254337
  },
  "2.5 Select patient" : {
    "transaction" : "2.5 Select patient",
    "sampleCount" : 1619,
    "errorCount" : 0,
    "errorPct" : 0.0,
    "meanResTime" : 442.2958616429904,
    "medianResTime" : 428.0,
    "minResTime" : 308.0,
    "maxResTime" : 1737.0,
    "pct1ResTime" : 557.0,
    "pct2ResTime" : 626.0,
    "pct3ResTime" : 943.3999999999996,
    "throughput" : 0.45624191924828017,
    "receivedKBytesPerSec" : 179.861893669742,
    "sentKBytesPerSec" : 1.62165764574379
  },
  "2.3 Search by first/last name" : {
    "transaction" : "2.3 Search by first/last name",
    "sampleCount" : 1622,
    "errorCount" : 0,
    "errorPct" : 0.0,
    "meanResTime" : 465.755856966708,
    "medianResTime" : 437.0,
    "minResTime" : 308.0,
    "maxResTime" : 1265.0,
    "pct1ResTime" : 617.0,
    "pct2ResTime" : 660.5499999999997,
    "pct3ResTime" : 865.3299999999995,
    "throughput" : 0.4539424707680079,
    "receivedKBytesPerSec" : 179.36203100380547,
    "sentKBytesPerSec" : 1.678504410686399
  },
  "4.0 Vaccination for flu" : {
    "transaction" : "4.0 Vaccination for flu",
    "sampleCount" : 424,
    "errorCount" : 0,
    "errorPct" : 0.0,
    "meanResTime" : 3350.917452830189,
    "medianResTime" : 3330.5,
    "minResTime" : 1831.0,
    "maxResTime" : 5085.0,
    "pct1ResTime" : 3735.5,
    "pct2ResTime" : 3992.75,
    "pct3ResTime" : 4474.75,
    "throughput" : 0.12133234359717204,
    "receivedKBytesPerSec" : 139.80477847913698,
    "sentKBytesPerSec" : 1.7628473719600382
  },
  "4.0 Vaccination for hpv" : {
    "transaction" : "4.0 Vaccination for hpv",
    "sampleCount" : 400,
    "errorCount" : 0,
    "errorPct" : 0.0,
    "meanResTime" : 3354.7124999999987,
    "medianResTime" : 3329.0,
    "minResTime" : 2094.0,
    "maxResTime" : 6067.0,
    "pct1ResTime" : 3749.2000000000007,
    "pct2ResTime" : 3947.8999999999996,
    "pct3ResTime" : 4479.860000000001,
    "throughput" : 0.11512560491310031,
    "receivedKBytesPerSec" : 132.81746338637004,
    "sentKBytesPerSec" : 1.6807067888274054
  },
  "1.2 Sign-in page" : {
    "transaction" : "1.2 Sign-in page",
    "sampleCount" : 1633,
    "errorCount" : 0,
    "errorPct" : 0.0,
    "meanResTime" : 702.1769748928357,
    "medianResTime" : 613.0,
    "minResTime" : 202.0,
    "maxResTime" : 2637.0,
    "pct1ResTime" : 1227.2000000000003,
    "pct2ResTime" : 1305.0,
    "pct3ResTime" : 1429.9800000000002,
    "throughput" : 0.4545264769327117,
    "receivedKBytesPerSec" : 177.2149973253427,
    "sentKBytesPerSec" : 1.9422268587780949
  },
  "2.4 Patient attending session" : {
    "transaction" : "2.4 Patient attending session",
    "sampleCount" : 670,
    "errorCount" : 8,
    "errorPct" : 1.1940298,
    "meanResTime" : 943.3656716417917,
    "medianResTime" : 899.0,
    "minResTime" : 437.0,
    "maxResTime" : 2602.0,
    "pct1ResTime" : 1183.1,
    "pct2ResTime" : 1337.3999999999992,
    "pct3ResTime" : 1750.2999999999975,
    "throughput" : 0.18862904690247173,
    "receivedKBytesPerSec" : 74.75514323182439,
    "sentKBytesPerSec" : 0.8245586880920172
  },
  "Debug Sampler" : {
    "transaction" : "Debug Sampler",
    "sampleCount" : 1621,
    "errorCount" : 0,
    "errorPct" : 0.0,
    "meanResTime" : 0.6033312769895129,
    "medianResTime" : 1.0,
    "minResTime" : 0.0,
    "maxResTime" : 3.0,
    "pct1ResTime" : 1.0,
    "pct2ResTime" : 1.0,
    "pct3ResTime" : 1.0,
    "throughput" : 0.4556123657861815,
    "receivedKBytesPerSec" : 3.027750832999798,
    "sentKBytesPerSec" : 0.0
  },
  "Total" : {
    "transaction" : "Total",
    "sampleCount" : 21688,
    "errorCount" : 8,
    "errorPct" : 0.03688676,
    "meanResTime" : 680.9979712283284,
    "medianResTime" : 635.0,
    "minResTime" : 0.0,
    "maxResTime" : 3474.0,
    "pct1ResTime" : 1286.0,
    "pct2ResTime" : 1386.0,
    "pct3ResTime" : 1712.0,
    "throughput" : 6.023059140842051,
    "receivedKBytesPerSec" : 2028.699134062447,
    "sentKBytesPerSec" : 21.554977251065587
  },
  "1.4 Open Sessions list" : {
    "transaction" : "1.4 Open Sessions list",
    "sampleCount" : 1629,
    "errorCount" : 0,
    "errorPct" : 0.0,
    "meanResTime" : 966.8753836709624,
    "medianResTime" : 848.0,
    "minResTime" : 447.0,
    "maxResTime" : 2655.0,
    "pct1ResTime" : 1454.0,
    "pct2ResTime" : 1542.5,
    "pct3ResTime" : 1784.6000000000004,
    "throughput" : 0.45419984291209853,
    "receivedKBytesPerSec" : 202.93773176582107,
    "sentKBytesPerSec" : 1.613971876117899
  },
  "4.2 Vaccination batch" : {
    "transaction" : "4.2 Vaccination batch",
    "sampleCount" : 1588,
    "errorCount" : 0,
    "errorPct" : 0.0,
    "meanResTime" : 801.7229219143564,
    "medianResTime" : 789.0,
    "minResTime" : 483.0,
    "maxResTime" : 2166.0,
    "pct1ResTime" : 941.2000000000003,
    "pct2ResTime" : 1069.0,
    "pct3ResTime" : 1379.5399999999986,
    "throughput" : 0.45354206931139573,
    "receivedKBytesPerSec" : 174.73657775956286,
    "sentKBytesPerSec" : 2.0306033928474014
  },