{
  "4.3 Vaccination confirm" : {
    "transaction" : "4.3 Vaccination confirm",
    "sampleCount" : 1081,
    "errorCount" : 0,
    "errorPct" : 0.0,
    "meanResTime" : 1001.630897317299,
    "medianResTime" : 877.0,
    "minResTime" : 702.0,
    "maxResTime" : 3268.0,
    "pct1ResTime" : 1440.2000000000003,
    "pct2ResTime" : 1688.5999999999995,
    "pct3ResTime" : 2358.500000000002,
    "throughput" : 0.43114313154292605,
    "receivedKBytesPerSec" : 8.729267673253931,
    "sentKBytesPerSec" : 1.0039521848407522
  },
  "4.1 Vaccination questions" : {
    "transaction" : "4.1 Vaccination questions",
    "sampleCount" : 1081,
    "errorCount" : 0,
    "errorPct" : 0.0,
    "meanResTime" : 551.1369102682705,
    "medianResTime" : 504.0,
    "minResTime" : 296.0,
    "maxResTime" : 2260.0,
    "pct1ResTime" : 707.4000000000002,
    "pct2ResTime" : 808.8999999999985,
    "pct3ResTime" : 1086.18,
    "throughput" : 0.43124529759116986,
    "receivedKBytesPerSec" : 4.985706132634259,
    "sentKBytesPerSec" : 0.910603564769972
  },
  "2.0 Register attendance" : {
    "transaction" : "2.0 Register attendance",
    "sampleCount" : 1081,
    "errorCount" : 8,
    "errorPct" : 0.7400555,
    "meanResTime" : 1681.033302497688,
    "medianResTime" : 1655.0,
    "minResTime" : 874.0,
    "maxResTime" : 4305.0,
    "pct1ResTime" : 2286.8,
    "pct2ResTime" : 2533.7,
    "pct3ResTime" : 3220.9400000000023,
    "throughput" : 0.43054932677379554,
    "receivedKBytesPerSec" : 48.86876748982175,
    "sentKBytesPerSec" : 1.619621422402943
  },
  "1.0 Login" : {
    "transaction" : "1.0 Login",
    "sampleCount" : 1151,
    "errorCount" : 0,
    "errorPct" : 0.0,
    "meanResTime" : 2559.452649869678,
    "medianResTime" : 2404.0,
    "minResTime" : 1761.0,
    "maxResTime" : 7840.0,
    "pct1ResTime" : 3285.3999999999996,
    "pct2ResTime" : 3606.7999999999975,
    "pct3ResTime" : 4446.040000000001,
    "throughput" : 0.43280064886255404,
    "receivedKBytesPerSec" : 57.036351185835244,
    "sentKBytesPerSec" : 2.141440490568819
  },
  "4.0 Vaccination for menacwy" : {
    "transaction" : "4.0 Vaccination for menacwy",
    "sampleCount" : 270,
    "errorCount" : 0,
    "errorPct" : 0.0,
    "meanResTime" : 1942.8777777777775,
    "medianResTime" : 1835.0,
    "minResTime" : 1525.0,
    "maxResTime" : 3759.0,
    "pct1ResTime" : 2467.8,
    "pct2ResTime" : 2657.5,
    "pct3ResTime" : 3571.500000000003,
    "throughput" : 0.10796937988386493,
    "receivedKBytesPerSec" : 5.0681462674685465,
    "sentKBytesPerSec" : 0.6552188674291971
  },
  "2.5 Select patient" : {
    "transaction" : "2.5 Select patient",
    "sampleCount" : 1081,
    "errorCount" : 0,
    "errorPct" : 0.0,
    "meanResTime" : 290.17206290471836,
    "medianResTime" : 241.0,
    "minResTime" : 201.0,
    "maxResTime" : 1416.0,
    "pct1ResTime" : 434.0,
    "pct2ResTime" : 530.0,
    "pct3ResTime" : 880.2800000000029,
    "throughput" : 0.4303366219650022,
    "receivedKBytesPerSec" : 9.920429617818483,
    "sentKBytesPerSec" : 0.2995341063667925
  },
  "Get Session ID's" : {
    "transaction" : "Get Session ID's",
    "sampleCount" : 1,
    "errorCount" : 0,
    "errorPct" : 0.0,
    "meanResTime" : 0.0,
    "medianResTime" : 0.0,
    "minResTime" : 0.0,
    "maxResTime" : 0.0,
    "pct1ResTime" : 0.0,
    "pct2ResTime" : 0.0,
    "pct3ResTime" : 0.0,
    "throughput" : "Infinity",
    "receivedKBytesPerSec" : "NaN",
    "sentKBytesPerSec" : "NaN"
  },
  "2.3 Search by first/last name" : {
    "transaction" : "2.3 Search by first/last name",
    "sampleCount" : 1081,
    "errorCount" : 0,
    "errorPct" : 0.0,
    "meanResTime" : 264.575393154486,
    "medianResTime" : 222.0,
    "minResTime" : 191.0,
    "maxResTime" : 1596.0,
    "pct1ResTime" : 374.4000000000002,
    "pct2ResTime" : 488.6999999999996,
    "pct3ResTime" : 735.1200000000022,
    "throughput" : 0.4308846648107934,
    "receivedKBytesPerSec" : 10.176987694675367,
    "sentKBytesPerSec" : 0.3410069965943769
  },
  "Data prep" : {
    "transaction" : "Data prep",
    "sampleCount" : 1,
    "errorCount" : 0,
    "errorPct" : 0.0,
    "meanResTime" : 0.0,
    "medianResTime" : 0.0,
    "minResTime" : 0.0,
    "maxResTime" : 0.0,
    "pct1ResTime" : 0.0,
    "pct2ResTime" : 0.0,
    "pct3ResTime" : 0.0,
    "throughput" : "Infinity",
    "receivedKBytesPerSec" : "NaN",
    "sentKBytesPerSec" : "NaN"
  },
  "4.0 Vaccination for flu" : {
    "transaction" : "4.0 Vaccination for flu",
    "sampleCount" : 270,
    "errorCount" : 0,
    "errorPct" : 0.0,
    "meanResTime" : 1900.5296296296287,
    "medianResTime" : 1794.0,
    "minResTime" : 1504.0,
    "maxResTime" : 3500.0,
    "pct1ResTime" : 2348.9,
    "pct2ResTime" : 2623.2499999999995,
    "pct3ResTime" : 3042.1900000000023,
    "throughput" : 0.1079439123431465,
    "receivedKBytesPerSec" : 4.908386711639632,
    "sentKBytesPerSec" : 0.6516067376391227
  },
  "4.0 Vaccination for hpv" : {
    "transaction" : "4.0 Vaccination for hpv",
    "sampleCount" : 270,
    "errorCount" : 0,
    "errorPct" : 0.0,
    "meanResTime" : 1952.1037037037029,
    "medianResTime" : 1792.0,
    "minResTime" : 1508.0,
    "maxResTime" : 4618.0,
    "pct1ResTime" : 2573.0,
    "pct2ResTime" : 2855.5999999999995,
    "pct3ResTime" : 4209.900000000001,
    "throughput" : 0.10850520021218796,
    "receivedKBytesPerSec" : 4.70460738636592,
    "sentKBytesPerSec" : 0.6575270710427751
  },
  "1.2 Sign-in page" : {
    "transaction" : "1.2 Sign-in page",
    "sampleCount" : 1151,
    "errorCount" : 0,
    "errorPct" : 0.0,
    "meanResTime" : 396.4726324934839,
    "medianResTime" : 342.0,
    "minResTime" : 90.0,
    "maxResTime" : 2796.0,
    "pct1ResTime" : 596.0,
    "pct2ResTime" : 709.3999999999999,
    "pct3ResTime" : 1033.2000000000007,
    "throughput" : 0.43316778119871185,
    "receivedKBytesPerSec" : 8.058646824284606,
    "sentKBytesPerSec" : 0.5664169007268638
  },
  "Debug Sampler" : {
    "transaction" : "Debug Sampler",
    "sampleCount" : 1151,
    "errorCount" : 0,
    "errorPct" : 0.0,
    "meanResTime" : 0.41876629018244993,
    "medianResTime" : 0.0,
    "minResTime" : 0.0,
    "maxResTime" : 2.0,
    "pct1ResTime" : 1.0,
    "pct2ResTime" : 1.0,
    "pct3ResTime" : 1.0,
    "throughput" : 0.43348622730270253,
    "receivedKBytesPerSec" : 2.38577781495825,
    "sentKBytesPerSec" : 0.0
  },
  "2.4 Patient attending session" : {
    "transaction" : "2.4 Patient attending session",
    "sampleCount" : 695,
    "errorCount" : 8,
    "errorPct" : 1.1510792,
    "meanResTime" : 697.0733812949635,
    "medianResTime" : 620.0,
    "minResTime" : 157.0,
    "maxResTime" : 2104.0,
    "pct1ResTime" : 988.4,
    "pct2ResTime" : 1180.1999999999998,
    "pct3ResTime" : 1588.3999999999996,
    "throughput" : 0.2770477315371605,
    "receivedKBytesPerSec" : 6.747918554345006,
    "sentKBytesPerSec" : 0.41019165175458916
  },
  "Total" : {
    "transaction" : "Total",
    "sampleCount" : 14017,
    "errorCount" : 8,
    "errorPct" : 0.057073552,
    "meanResTime" : 489.8705857173434,
    "medianResTime" : 355.0,
    "minResTime" : 0.0,
    "maxResTime" : 4602.0,
    "pct1ResTime" : 988.0,
    "pct2ResTime" : 1242.0,
    "pct3ResTime" : 1943.0,
    "throughput" : 5.247666497447486,
    "receivedKBytesPerSec" : 121.4600495965227,
    "sentKBytesPerSec" : 6.106130060757922
  },
  "1.4 Open Sessions list" : {
    "transaction" : "1.4 Open Sessions list",
    "sampleCount" : 1151,
    "errorCount" : 0,
    "errorPct" : 0.0,
    "meanResTime" : 1288.0582102519545,
    "medianResTime" : 1159.0,
    "minResTime" : 839.0,
    "maxResTime" : 4075.0,
    "pct1ResTime" : 1924.8,
    "pct2ResTime" : 2162.3999999999996,
    "pct3ResTime" : 2703.36,
    "throughput" : 0.4330471810735431,
    "receivedKBytesPerSec" : 32.86379832852159,
    "sentKBytesPerSec" : 0.27986380988306975
  },
  "4.2 Vaccination batch" : {
    "transaction" : "4.2 Vaccination batch",
    "sampleCount" : 1081,
    "errorCount" : 0,