{
  "2.0 Register attendance" : {
    "transaction" : "2.0 Register attendance",
    "sampleCount" : 999,
    "errorCount" : 0,
    "errorPct" : 0.0,
    "meanResTime" : 2912.7577577577595,
    "medianResTime" : 2714.0,
    "minResTime" : 1019.0,
    "maxResTime" : 7927.0,
    "pct1ResTime" : 4188.0,
    "pct2ResTime" : 4930.0,
    "pct3ResTime" : 6173.0,
    "throughput" : 0.3873262508331004,
    "receivedKBytesPerSec" : 57.46505596130091,
    "sentKBytesPerSec" : 1.5276755619720064
  },
  "2.5 Select patient" : {
    "transaction" : "2.5 Select patient",
    "sampleCount" : 843,
    "errorCount" : 0,
    "errorPct" : 0.0,
    "meanResTime" : 303.81850533807835,
    "medianResTime" : 238.0,
    "minResTime" : 170.0,
    "maxResTime" : 2146.0,
    "pct1ResTime" : 498.60000000000014,
    "pct2ResTime" : 673.3999999999999,
    "pct3ResTime" : 1418.8799999999987,
    "throughput" : 0.3264641607799202,
    "receivedKBytesPerSec" : 7.500852874912913,
    "sentKBytesPerSec" : 0.22697683694664225
  },
  "Choose session" : {
    "transaction" : "Choose session",
    "sampleCount" : 999,
    "errorCount" : 0,
    "errorPct" : 0.0,
    "meanResTime" : 0.16916916916916944,
    "medianResTime" : 0.0,
    "minResTime" : 0.0,
    "maxResTime" : 40.0,
    "pct1ResTime" : 1.0,
    "pct2ResTime" : 1.0,
    "pct3ResTime" : 1.0,
    "throughput" : 0.38774162047275756,
    "receivedKBytesPerSec" : 0.0,
    "sentKBytesPerSec" : 0.0
  },
  "2.5 Select menacwy" : {
    "transaction" : "2.5 Select menacwy",
    "sampleCount" : 199,
    "errorCount" : 0,
    "errorPct" : 0.0,
    "meanResTime" : 380.2814070351757,
    "medianResTime" : 285.0,
    "minResTime" : 174.0,
    "maxResTime" : 3017.0,
    "pct1ResTime" : 577.0,
    "pct2ResTime" : 610.0,
    "pct3ResTime" : 1033.0,
    "throughput" : 0.07825206129299145,
    "receivedKBytesPerSec" : 1.8403661666841653,
    "sentKBytesPerSec" : 0.058689045969743586
  },
  "2.3 Search by first/last name" : {
    "transaction" : "2.3 Search by first/last name",
    "sampleCount" : 999,
    "errorCount" : 0,
    "errorPct" : 0.0,
    "meanResTime" : 377.8258258258258,
    "medianResTime" : 290.0,
    "minResTime" : 207.0,
    "maxResTime" : 3013.0,
    "pct1ResTime" : 610.0,
    "pct2ResTime" : 760.0,
    "pct3ResTime" : 1439.0,
    "throughput" : 0.3868116958846953,
    "receivedKBytesPerSec" : 13.012244248475017,
    "sentKBytesPerSec" : 0.3023365432605709
  },
  "2.5 Select td_ipv" : {
    "transaction" : "2.5 Select td_ipv",
    "sampleCount" : 199,
    "errorCount" : 0,
    "errorPct" : 0.0,
    "meanResTime" : 391.708542713568,
    "medianResTime" : 254.0,
    "minResTime" : 181.0,
    "maxResTime" : 5010.0,
    "pct1ResTime" : 588.0,
    "pct2ResTime" : 710.0,
    "pct3ResTime" : 2311.0,
    "throughput" : 0.07822330118840455,
    "receivedKBytesPerSec" : 1.9261198117609324,
    "sentKBytesPerSec" : 0.05454241899269615
  },
  "4.0 Vaccination for flu" : {
    "transaction" : "4.0 Vaccination for flu",
    "sampleCount" : 328,
    "errorCount" : 0,
    "errorPct" : 0.0,
    "meanResTime" : 2232.1341463414633,
    "medianResTime" : 1907.5,
    "minResTime" : 1482.0,
    "maxResTime" : 8164.0,
    "pct1ResTime" : 3401.800000000001,
    "pct2ResTime" : 4085.800000000001,
    "pct3ResTime" : 7133.13,
    "throughput" : 0.12696687364589634,
    "receivedKBytesPerSec" : 5.789964184357836,
    "sentKBytesPerSec" : 0.7663375011757984
  },
  "4.0 Vaccination for hpv" : {
    "transaction" : "4.0 Vaccination for hpv",
    "sampleCount" : 316,
    "errorCount" : 0,
    "errorPct" : 0.0,
    "meanResTime" : 2163.294303797471,
    "medianResTime" : 1906.0,
    "minResTime" : 1505.0,
    "maxResTime" : 8209.0,
    "pct1ResTime" : 2968.6,
    "pct2ResTime" : 3842.549999999997,
    "pct3ResTime" : 6339.599999999995,
    "throughput" : 0.12341701084780848,
    "receivedKBytesPerSec" : 5.364463190315084,
    "sentKBytesPerSec" : 0.7478288821679994
  },
  "1.2 Sign-in page" : {
    "transaction" : "1.2 Sign-in page",
    "sampleCount" : 72,
    "errorCount" : 0,
    "errorPct" : 0.0,
    "meanResTime" : 133.97222222222223,
    "medianResTime" : 110.0,
    "minResTime" : 104.0,
    "maxResTime" : 1471.0,
    "pct1ResTime" : 119.0,
    "pct2ResTime" : 133.19999999999993,
    "pct3ResTime" : 1471.0,
    "throughput" : 0.028469446945406277,
    "receivedKBytesPerSec" : 0.1835253735922946,
    "sentKBytesPerSec" : 0.017799196464687802
  },
  "Get correct patient name" : {
    "transaction" : "Get correct patient name",
    "sampleCount" : 996,
    "errorCount" : 0,
    "errorPct" : 0.0,
    "meanResTime" : 0.27811244979919664,
    "medianResTime" : 0.0,
    "minResTime" : 0.0,
    "maxResTime" : 47.0,
    "pct1ResTime" : 1.0,
    "pct2ResTime" : 1.0,
    "pct3ResTime" : 1.0,
    "throughput" : 0.38575286100038575,
    "receivedKBytesPerSec" : 0.0,
    "sentKBytesPerSec" : 0.0
  },
  "2.4 Patient attending session" : {
    "transaction" : "2.4 Patient attending session",
    "sampleCount" : 840,
    "errorCount" : 0,
    "errorPct" : 0.0,
    "meanResTime" : 896.9904761904764,
    "medianResTime" : 722.5,
    "minResTime" : 485.0,
    "maxResTime" : 5432.0,
    "pct1ResTime" : 1396.7999999999997,
    "pct2ResTime" : 1791.0999999999988,
    "pct3ResTime" : 3178.3200000000015,
    "throughput" : 0.3253817522039772,
    "receivedKBytesPerSec" : 11.533971325684666,
    "sentKBytesPerSec" : 0.48425956089732536
  },
  "6.1 Logout" : {
    "transaction" : "6.1 Logout",
    "sampleCount" : 6,
    "errorCount" : 0,
    "errorPct" : 0.0,
    "meanResTime" : 120.0,
    "medianResTime" : 114.0,
    "minResTime" : 112.0,
    "maxResTime" : 137.0,
    "pct1ResTime" : 137.0,
    "pct2ResTime" : 137.0,
    "pct3ResTime" : 137.0,
    "throughput" : 0.024156826115139484,
    "receivedKBytesPerSec" : 0.1149808305519432,
    "sentKBytesPerSec" : 0.017716578527802493
  },
  "Logout" : {
    "transaction" : "Logout",
    "sampleCount" : 1,
    "errorCount" : 0,
    "errorPct" : 0.0,
    "meanResTime" : 186.0,
    "medianResTime" : 186.0,
    "minResTime" : 186.0,
    "maxResTime" : 186.0,
    "pct1ResTime" : 186.0,
    "pct2ResTime" : 186.0,
    "pct3ResTime" : 186.0,
    "throughput" : 5.376344086021506,
    "receivedKBytesPerSec" : 25.590137768817204,
    "sentKBytesPerSec" : 3.9272513440860215
  },
  "1.1 Homepage" : {
    "transaction" : "1.1 Homepage",
    "sampleCount" : 72,
    "errorCount" : 0,
    "errorPct" : 0.0,
    "meanResTime" : 336.2500000000001,
    "medianResTime" : 328.5,
    "minResTime" : 311.0,
    "maxResTime" : 446.0,
    "pct1ResTime" : 356.0,
    "pct2ResTime" : 392.9499999999998,
    "pct3ResTime" : 446.0,
    "throughput" : 0.028475977546691702,
    "receivedKBytesPerSec" : 0.17190563886646626,
    "sentKBytesPerSec" : 0.01612086082385749
  },
  "1.3 Sign-in" : {
    "transaction" : "1.3 Sign-in",
    "sampleCount" : 72,
    "errorCount" : 0,
    "errorPct" : 0.0,
    "meanResTime" : 767.0277777777775,
    "medianResTime" : 658.0,
    "minResTime" : 389.0,
    "maxResTime" : 6177.0,
    "pct1ResTime" : 820.2,
    "pct2ResTime" : 1053.3999999999983,
    "pct3ResTime" : 6177.0,
    "throughput" : 0.02842227927731618,
    "receivedKBytesPerSec" : 0.4291337034841767,
    "sentKBytesPerSec" : 0.062483293892486406
  },
  "4.0 Vaccination for td_ipv" : {
    "transaction" : "4.0 Vaccination for td_ipv",
    "sampleCount" : 199,
    "errorCount" : 0,
    "errorPct" : 0.0,
    "meanResTime" : 2251.703517587941,
    "medianResTime" : 1928.0,
    "minResTime" : 1527.0,
    "maxResTime" : 6647.0,
    "pct1ResTime" : 3155.0,
    "pct2ResTime" : 4300.0,
    "pct3ResTime" : 6389.0,
    "throughput" : 0.07819115182639207,
    "receivedKBytesPerSec" : 3.77620679042512,
    "sentKBytesPerSec" : 0.47485691866450297
  },
  "2.1 Open session" : {
    "transaction" : "2.1 Open session",
    "sampleCount" : 999,
    "errorCount" : 0,
    "errorPct" : 0.0,
    "meanResTime" : 1058.5225225225236,
    "medianResTime" : 848.0,
    "minResTime" : 386.0,