{
  "4.3 Vaccination confirm" : {
    "transaction" : "4.3 Vaccination confirm",
    "sampleCount" : 1376,
    "errorCount" : 0,
    "errorPct" : 0.0,
    "meanResTime" : 1697.8161337209276,
    "medianResTime" : 1579.5,
    "minResTime" : 1110.0,
    "maxResTime" : 6644.0,
    "pct1ResTime" : 2229.0999999999995,
    "pct2ResTime" : 2464.899999999999,
    "pct3ResTime" : 3627.9800000000005,
    "throughput" : 0.39769717152337963,
    "receivedKBytesPerSec" : 160.1560507314261,
    "sentKBytesPerSec" : 2.0628477524509967
  },
  "4.1 Vaccination questions" : {
    "transaction" : "4.1 Vaccination questions",
    "sampleCount" : 1379,
    "errorCount" : 0,
    "errorPct" : 0.0,
    "meanResTime" : 1299.9854967367658,
    "medianResTime" : 1239.0,
    "minResTime" : 593.0,
    "maxResTime" : 4127.0,
    "pct1ResTime" : 1506.0,
    "pct2ResTime" : 1615.0,
    "pct3ResTime" : 2079.2000000000007,
    "throughput" : 0.3948801314014465,
    "receivedKBytesPerSec" : 155.59382207135104,
    "sentKBytesPerSec" : 1.9625947674731594
  },
  "Get Next Patient from STS" : {
    "transaction" : "Get Next Patient from STS",
    "sampleCount" : 1441,
    "errorCount" : 0,
    "errorPct" : 0.0,
    "meanResTime" : 0.594725884802221,
    "medianResTime" : 1.0,
    "minResTime" : 0.0,
    "maxResTime" : 7.0,
    "pct1ResTime" : 1.0,
    "pct2ResTime" : 1.0,
    "pct3ResTime" : 1.0,
    "throughput" : 0.40218188557157836,
    "receivedKBytesPerSec" : 0.16769798238870362,
    "sentKBytesPerSec" : 0.2567472395697854
  },
  "2.0 Register attendance" : {
    "transaction" : "2.0 Register attendance",
    "sampleCount" : 1386,
    "errorCount" : 8,
    "errorPct" : 0.5772006,
    "meanResTime" : 4722.937229437231,
    "medianResTime" : 4499.5,
    "minResTime" : 2260.0,
    "maxResTime" : 17196.0,
    "pct1ResTime" : 6295.6,
    "pct2ResTime" : 7047.299999999999,
    "pct3ResTime" : 9557.30999999999,
    "throughput" : 0.3898133283533228,
    "receivedKBytesPerSec" : 749.5210571487504,
    "sentKBytesPerSec" : 7.0693790666199705
  },
  "1.0 Login" : {
    "transaction" : "1.0 Login",
    "sampleCount" : 1443,
    "errorCount" : 0,
    "errorPct" : 0.0,
    "meanResTime" : 3898.513513513515,
    "medianResTime" : 3805.0,
    "minResTime" : 2442.0,
    "maxResTime" : 9539.0,
    "pct1ResTime" : 4680.4000000000015,
    "pct2ResTime" : 4979.6,
    "pct3ResTime" : 5569.719999999999,
    "throughput" : 0.40164756219692027,
    "receivedKBytesPerSec" : 667.248899046334,
    "sentKBytesPerSec" : 6.673179982729572
  },
  "4.0 Vaccination for menacwy" : {
    "transaction" : "4.0 Vaccination for menacwy",
    "sampleCount" : 334,
    "errorCount" : 0,
    "errorPct" : 0.0,
    "meanResTime" : 3922.1586826347284,
    "medianResTime" : 3811.5,
    "minResTime" : 2974.0,
    "maxResTime" : 7033.0,
    "pct1ResTime" : 4633.0,
    "pct2ResTime" : 4897.75,
    "pct3ResTime" : 6226.349999999992,
    "throughput" : 0.10701317575696603,
    "receivedKBytesPerSec" : 127.82622342853234,
    "sentKBytesPerSec" : 1.567202226827242
  },
  "2.5 Select patient" : {
    "transaction" : "2.5 Select patient",
    "sampleCount" : 1384,
    "errorCount" : 0,
    "errorPct" : 0.0,
    "meanResTime" : 513.1763005780348,
    "medianResTime" : 459.5,
    "minResTime" : 339.0,
    "maxResTime" : 4171.0,
    "pct1ResTime" : 711.0,
    "pct2ResTime" : 790.75,
    "pct3ResTime" : 1094.7500000000005,
    "throughput" : 0.39078846089771785,
    "receivedKBytesPerSec" : 158.6849775601056,
    "sentKBytesPerSec" : 1.3890131145141489
  },
  "2.3 Search by first/last name" : {
    "transaction" : "2.3 Search by first/last name",
    "sampleCount" : 1387,
    "errorCount" : 0,
    "errorPct" : 0.0,
    "meanResTime" : 531.1304974765683,
    "medianResTime" : 480.0,
    "minResTime" : 328.0,
    "maxResTime" : 4543.0,
    "pct1ResTime" : 730.2,
    "pct2ResTime" : 803.0,
    "pct3ResTime" : 1155.0399999999981,
    "throughput" : 0.3888363867876367,
    "receivedKBytesPerSec" : 158.05200207680193,
    "sentKBytesPerSec" : 1.4378260591621432
  },
  "4.0 Vaccination for flu" : {
    "transaction" : "4.0 Vaccination for flu",
    "sampleCount" : 377,
    "errorCount" : 0,
    "errorPct" : 0.0,
    "meanResTime" : 3835.9602122015913,
    "medianResTime" : 3755.0,
    "minResTime" : 2496.0,
    "maxResTime" : 6189.0,
    "pct1ResTime" : 4535.6,
    "pct2ResTime" : 4773.2,
    "pct3ResTime" : 5857.459999999993,
    "throughput" : 0.10805883904105663,
    "receivedKBytesPerSec" : 128.560679093463,
    "sentKBytesPerSec" : 1.5747096903985278
  },
  "4.0 Vaccination for hpv" : {
    "transaction" : "4.0 Vaccination for hpv",
    "sampleCount" : 333,
    "errorCount" : 0,
    "errorPct" : 0.0,
    "meanResTime" : 3915.801801801802,
    "medianResTime" : 3765.0,
    "minResTime" : 3008.0,
    "maxResTime" : 9053.0,
    "pct1ResTime" : 4647.8,
    "pct2ResTime" : 4980.300000000001,
    "pct3ResTime" : 7044.580000000032,
    "throughput" : 0.10687419302763035,
    "receivedKBytesPerSec" : 127.26608661958772,
    "sentKBytesPerSec" : 1.5642868781358188
  },
  "1.2 Sign-in page" : {
    "transaction" : "1.2 Sign-in page",
    "sampleCount" : 1445,
    "errorCount" : 0,
    "errorPct" : 0.0,
    "meanResTime" : 767.2968858131485,
    "medianResTime" : 669.0,
    "minResTime" : 174.0,
    "maxResTime" : 3282.0,
    "pct1ResTime" : 1252.0,
    "pct2ResTime" : 1370.1000000000001,
    "pct3ResTime" : 1687.5599999999995,
    "throughput" : 0.4019928831958907,
    "receivedKBytesPerSec" : 161.29314916321496,
    "sentKBytesPerSec" : 1.715964195404985
  },
  "2.4 Patient attending session" : {
    "transaction" : "2.4 Patient attending session",
    "sampleCount" : 987,
    "errorCount" : 8,
    "errorPct" : 0.810537,
    "meanResTime" : 1184.793313069909,
    "medianResTime" : 1101.0,
    "minResTime" : 441.0,
    "maxResTime" : 5859.0,
    "pct1ResTime" : 1594.4,
    "pct2ResTime" : 1864.7999999999993,
    "pct3ResTime" : 2421.7200000000003,
    "throughput" : 0.2776941537924806,
    "receivedKBytesPerSec" : 113.27031052833986,
    "sentKBytesPerSec" : 1.2146544750222972
  },
  "Debug Sampler" : {
    "transaction" : "Debug Sampler",
    "sampleCount" : 1386,
    "errorCount" : 0,
    "errorPct" : 0.0,
    "meanResTime" : 0.521645021645021,
    "medianResTime" : 1.0,
    "minResTime" : 0.0,
    "maxResTime" : 3.0,
    "pct1ResTime" : 1.0,
    "pct2ResTime" : 1.0,
    "pct3ResTime" : 1.0,
    "throughput" : 0.3900541263420775,
    "receivedKBytesPerSec" : 2.4361909679041176,
    "sentKBytesPerSec" : 0.0
  },
  "Total" : {
    "transaction" : "Total",
    "sampleCount" : 19269,
    "errorCount" : 8,
    "errorPct" : 0.041517463,
    "meanResTime" : 911.371944574185,
    "medianResTime" : 796.0,
    "minResTime" : 0.0,
    "maxResTime" : 13754.0,
    "pct1ResTime" : 1728.0,
    "pct2ResTime" : 2114.0,
    "pct3ResTime" : 3278.2999999999993,
    "throughput" : 5.352422687227851,
    "receivedKBytesPerSec" : 1863.9561255057044,
    "sentKBytesPerSec" : 19.262488691135573
  },
  "1.4 Open Sessions list" : {
    "transaction" : "1.4 Open Sessions list",
    "sampleCount" : 1441,
    "errorCount" : 0,
    "errorPct" : 0.0,
    "meanResTime" : 1453.2803608605136,
    "medianResTime" : 1400.0,
    "minResTime" : 856.0,
    "maxResTime" : 3353.0,
    "pct1ResTime" : 1927.0,
    "pct2ResTime" : 2078.499999999999,
    "pct3ResTime" : 2453.7999999999993,
    "throughput" : 0.4020657417945525,
    "receivedKBytesPerSec" : 184.24309239641994,
    "sentKBytesPerSec" : 1.4285998115473784
  },
  "4.2 Vaccination batch" : {
    "transaction" : "4.2 Vaccination batch",
    "sampleCount" : 1379,
    "errorCount" : 0,
    "errorPct" : 0.0,
    "meanResTime" : 905.9158810732418,
    "medianResTime" : 859.0,
    "minResTime" : 553.0,
    "maxResTime" : 6147.0,
    "pct1ResTime" : 1103.0,
    "pct2ResTime" : 1214.0,
    "pct3ResTime" : 1644.400000000005,
    "throughput" : 0.39492389624641877,
    "receivedKBytesPerSec" : 156.6572669460369,