{
  "4.3 Vaccination confirm" : {
    "transaction" : "4.3 Vaccination confirm",
    "sampleCount" : 511,
    "errorCount" : 0,
    "errorPct" : 0.0,
    "meanResTime" : 1536.8277886497074,
    "medianResTime" : 1431.0,
    "minResTime" : 1046.0,
    "maxResTime" : 3419.0,
    "pct1ResTime" : 2061.6,
    "pct2ResTime" : 2247.2,
    "pct3ResTime" : 2961.64,
    "throughput" : 0.4763156472020417,
    "receivedKBytesPerSec" : 186.4016696273273,
    "sentKBytesPerSec" : 2.4706552989999238
  },
  "4.1 Vaccination questions" : {
    "transaction" : "4.1 Vaccination questions",
    "sampleCount" : 539,
    "errorCount" : 0,
    "errorPct" : 0.0,
    "meanResTime" : 1161.205936920224,
    "medianResTime" : 1120.0,
    "minResTime" : 504.0,
    "maxResTime" : 2495.0,
    "pct1ResTime" : 1382.0,
    "pct2ResTime" : 1581.0,
    "pct3ResTime" : 1982.8000000000002,
    "throughput" : 0.4819988195947275,
    "receivedKBytesPerSec" : 184.42764875789172,
    "sentKBytesPerSec" : 2.393727371373831
  },
  "Get Next Patient from STS" : {
    "transaction" : "Get Next Patient from STS",
    "sampleCount" : 573,
    "errorCount" : 0,
    "errorPct" : 0.0,
    "meanResTime" : 0.6823734729493885,
    "medianResTime" : 1.0,
    "minResTime" : 0.0,
    "maxResTime" : 8.0,
    "pct1ResTime" : 1.0,
    "pct2ResTime" : 1.0,
    "pct3ResTime" : 1.0,
    "throughput" : 0.4834439432826603,
    "receivedKBytesPerSec" : 0.20367277657971425,
    "sentKBytesPerSec" : 0.3086351641347028
  },
  "2.0 Register attendance" : {
    "transaction" : "2.0 Register attendance",
    "sampleCount" : 565,
    "errorCount" : 0,
    "errorPct" : 0.0,
    "meanResTime" : 2544.3646017699116,
    "medianResTime" : 2453.0,
    "minResTime" : 1587.0,
    "maxResTime" : 5532.0,
    "pct1ResTime" : 3316.600000000001,
    "pct2ResTime" : 3680.299999999998,
    "pct3ResTime" : 4397.640000000003,
    "throughput" : 0.48420547452136503,
    "receivedKBytesPerSec" : 816.8247919697416,
    "sentKBytesPerSec" : 7.758457895280926
  },
  "1.0 Login" : {
    "transaction" : "1.0 Login",
    "sampleCount" : 576,
    "errorCount" : 0,
    "errorPct" : 0.0,
    "meanResTime" : 3091.0434027777796,
    "medianResTime" : 3069.5,
    "minResTime" : 1639.0,
    "maxResTime" : 5984.0,
    "pct1ResTime" : 3608.2000000000003,
    "pct2ResTime" : 3833.8999999999996,
    "pct3ResTime" : 4424.820000000004,
    "throughput" : 0.48296702743856423,
    "receivedKBytesPerSec" : 778.4799504356137,
    "sentKBytesPerSec" : 7.970306207436435
  },
  "4.0 Vaccination for menacwy" : {
    "transaction" : "4.0 Vaccination for menacwy",
    "sampleCount" : 134,
    "errorCount" : 0,
    "errorPct" : 0.0,
    "meanResTime" : 3436.649253731342,
    "medianResTime" : 3349.0,
    "minResTime" : 1726.0,
    "maxResTime" : 5537.0,
    "pct1ResTime" : 4220.0,
    "pct2ResTime" : 4448.5,
    "pct3ResTime" : 5273.100000000004,
    "throughput" : 0.12166245387721897,
    "receivedKBytesPerSec" : 138.68378358513604,
    "sentKBytesPerSec" : 1.7477805965182749
  },
  "2.5 Select patient" : {
    "transaction" : "2.5 Select patient",
    "sampleCount" : 559,
    "errorCount" : 0,
    "errorPct" : 0.0,
    "meanResTime" : 438.8318425760284,
    "medianResTime" : 398.0,
    "minResTime" : 306.0,
    "maxResTime" : 1649.0,
    "pct1ResTime" : 603.0,
    "pct2ResTime" : 700.0,
    "pct3ResTime" : 1027.199999999998,
    "throughput" : 0.481772370742369,
    "receivedKBytesPerSec" : 189.8460337257358,
    "sentKBytesPerSec" : 1.7124214520890737
  },
  "2.3 Search by first/last name" : {
    "transaction" : "2.3 Search by first/last name",
    "sampleCount" : 565,
    "errorCount" : 0,
    "errorPct" : 0.0,
    "meanResTime" : 446.2318584070796,
    "medianResTime" : 407.0,
    "minResTime" : 304.0,
    "maxResTime" : 1865.0,
    "pct1ResTime" : 587.0000000000002,
    "pct2ResTime" : 699.3999999999999,
    "pct3ResTime" : 1215.0400000000002,
    "throughput" : 0.4844055700639072,
    "receivedKBytesPerSec" : 191.10341446715816,
    "sentKBytesPerSec" : 1.791220542890041
  },
  "4.0 Vaccination for flu" : {
    "transaction" : "4.0 Vaccination for flu",
    "sampleCount" : 138,
    "errorCount" : 0,
    "errorPct" : 0.0,
    "meanResTime" : 3374.03623188406,
    "medianResTime" : 3329.5,
    "minResTime" : 1657.0,
    "maxResTime" : 5171.0,
    "pct1ResTime" : 3909.8,
    "pct2ResTime" : 4042.549999999999,
    "pct3ResTime" : 4876.159999999989,
    "throughput" : 0.12390305394092518,
    "receivedKBytesPerSec" : 142.15996622182777,
    "sentKBytesPerSec" : 1.7910283246421628
  },
  "4.0 Vaccination for hpv" : {
    "transaction" : "4.0 Vaccination for hpv",
    "sampleCount" : 130,
    "errorCount" : 0,
    "errorPct" : 0.0,
    "meanResTime" : 3484.930769230771,
    "medianResTime" : 3353.0,
    "minResTime" : 1677.0,
    "maxResTime" : 5189.0,
    "pct1ResTime" : 4176.8,
    "pct2ResTime" : 4538.599999999999,
    "pct3ResTime" : 5171.639999999999,
    "throughput" : 0.11692634809333602,
    "receivedKBytesPerSec" : 133.48364072501982,
    "sentKBytesPerSec" : 1.6870947209102987
  },
  "1.2 Sign-in page" : {
    "transaction" : "1.2 Sign-in page",
    "sampleCount" : 576,
    "errorCount" : 0,
    "errorPct" : 0.0,
    "meanResTime" : 640.7777777777774,
    "medianResTime" : 534.5,
    "minResTime" : 190.0,
    "maxResTime" : 1986.0,
    "pct1ResTime" : 1111.0,
    "pct2ResTime" : 1190.4999999999998,
    "pct3ResTime" : 1528.23,
    "throughput" : 0.4834648312909182,
    "receivedKBytesPerSec" : 188.01263301709122,
    "sentKBytesPerSec" : 2.035535268381736
  },
  "Debug Sampler" : {
    "transaction" : "Debug Sampler",
    "sampleCount" : 565,
    "errorCount" : 0,
    "errorPct" : 0.0,
    "meanResTime" : 0.5274336283185844,
    "medianResTime" : 1.0,
    "minResTime" : 0.0,
    "maxResTime" : 3.0,
    "pct1ResTime" : 1.0,
    "pct2ResTime" : 1.0,
    "pct3ResTime" : 1.0,
    "throughput" : 0.4832826955712487,
    "receivedKBytesPerSec" : 3.0010672581961324,
    "sentKBytesPerSec" : 0.0
  },
  "2.4 Patient attending session" : {
    "transaction" : "2.4 Patient attending session",
    "sampleCount" : 136,
    "errorCount" : 0,
    "errorPct" : 0.0,
    "meanResTime" : 1030.3308823529414,
    "medianResTime" : 952.5,
    "minResTime" : 715.0,
    "maxResTime" : 2253.0,
    "pct1ResTime" : 1347.3999999999999,
    "pct2ResTime" : 1631.750000000001,
    "pct3ResTime" : 2249.3,
    "throughput" : 0.1340046704568968,
    "receivedKBytesPerSec" : 52.9448638676359,
    "sentKBytesPerSec" : 0.5869247529288889
  },
  "Total" : {
    "transaction" : "Total",
    "sampleCount" : 7428,
    "errorCount" : 0,
    "errorPct" : 0.0,
    "meanResTime" : 682.6094507269788,
    "medianResTime" : 633.0,
    "minResTime" : 0.0,
    "maxResTime" : 3419.0,
    "pct1ResTime" : 1285.0,
    "pct2ResTime" : 1460.0,
    "pct3ResTime" : 2009.71,
    "throughput" : 6.184907759278194,
    "receivedKBytesPerSec" : 2081.0781618251494,
    "sentKBytesPerSec" : 21.928777175281933
  },
  "1.4 Open Sessions list" : {
    "transaction" : "1.4 Open Sessions list",
    "sampleCount" : 573,
    "errorCount" : 0,
    "errorPct" : 0.0,
    "meanResTime" : 957.9528795811519,
    "medianResTime" : 859.0,
    "minResTime" : 517.0,
    "maxResTime" : 2209.0,
    "pct1ResTime" : 1360.6,
    "pct2ResTime" : 1469.4999999999998,
    "pct3ResTime" : 1770.82,
    "throughput" : 0.48288985560497755,
    "receivedKBytesPerSec" : 215.8263005606958,
    "sentKBytesPerSec" : 1.7139408202364559
  },
  "4.2 Vaccination batch" : {
    "transaction" : "4.2 Vaccination batch",
    "sampleCount" : 535,
    "errorCount" : 0,
    "errorPct" : 0.0,
    "meanResTime" : 801.5177570093464,
    "medianResTime" : 767.0,
    "minResTime" : 508.0,
    "maxResTime" : 2007.0,
    "pct1ResTime" : 1026.8000000000002,
    "pct2ResTime" : 1142.1999999999998,
    "pct3ResTime" : 1417.7599999999998,
    "throughput" : 0.4821844125551808,
    "receivedKBytesPerSec" : 185.76761360935083,
    "sentKBytesPerSec" : 2.156675931911505
  },