{
  "4.3 Vaccination confirm" : {
    "transaction" : "4.3 Vaccination confirm",
    "sampleCount" : 1025,
    "errorCount" : 0,
    "errorPct" : 0.0,
    "meanResTime" : 1844.6331707317056,
    "medianResTime" : 1336.0,
    "minResTime" : 668.0,
    "maxResTime" : 11179.0,
    "pct1ResTime" : 3590.399999999999,
    "pct2ResTime" : 4719.199999999999,
    "pct3ResTime" : 7499.380000000001,
    "throughput" : 0.791949160727048,
    "receivedKBytesPerSec" : 16.003683137036177,
    "sentKBytesPerSec" : 1.8442033184601416
  },
  "4.1 Vaccination questions" : {
    "transaction" : "4.1 Vaccination questions",
    "sampleCount" : 1025,
    "errorCount" : 0,
    "errorPct" : 0.0,
    "meanResTime" : 861.1346341463403,
    "medianResTime" : 631.0,
    "minResTime" : 324.0,
    "maxResTime" : 7962.0,
    "pct1ResTime" : 1399.3999999999996,
    "pct2ResTime" : 2012.199999999999,
    "pct3ResTime" : 3956.5400000000036,
    "throughput" : 0.7920409543127596,
    "receivedKBytesPerSec" : 9.13588905389742,
    "sentKBytesPerSec" : 1.6694851431952091
  },
  "2.0 Register attendance" : {
    "transaction" : "2.0 Register attendance",
    "sampleCount" : 1025,
    "errorCount" : 21,
    "errorPct" : 2.0487804,
    "meanResTime" : 3259.2302439024415,
    "medianResTime" : 2773.0,
    "minResTime" : 988.0,
    "maxResTime" : 15291.0,
    "pct1ResTime" : 5314.999999999999,
    "pct2ResTime" : 6459.099999999994,
    "pct3ResTime" : 9277.660000000002,
    "throughput" : 0.7929238700254664,
    "receivedKBytesPerSec" : 102.4407530850057,
    "sentKBytesPerSec" : 3.3074678283226993
  },
  "1.0 Login" : {
    "transaction" : "1.0 Login",
    "sampleCount" : 1165,
    "errorCount" : 0,
    "errorPct" : 0.0,
    "meanResTime" : 3460.8832618025704,
    "medianResTime" : 3072.0,
    "minResTime" : 1772.0,
    "maxResTime" : 11612.0,
    "pct1ResTime" : 5342.800000000001,
    "pct2ResTime" : 6455.900000000001,
    "pct3ResTime" : 8132.459999999995,
    "throughput" : 0.804328044329867,
    "receivedKBytesPerSec" : 104.28748825115782,
    "sentKBytesPerSec" : 3.9293922309160227
  },
  "4.0 Vaccination for menacwy" : {
    "transaction" : "4.0 Vaccination for menacwy",
    "sampleCount" : 256,
    "errorCount" : 0,
    "errorPct" : 0.0,
    "meanResTime" : 3377.4140625000027,
    "medianResTime" : 2770.0,
    "minResTime" : 1515.0,
    "maxResTime" : 12113.0,
    "pct1ResTime" : 6056.200000000001,
    "pct2ResTime" : 6729.549999999997,
    "pct3ResTime" : 10006.090000000007,
    "throughput" : 0.19988928007845655,
    "receivedKBytesPerSec" : 9.358411135697102,
    "sentKBytesPerSec" : 1.2114398767596697
  },
  "2.5 Select patient" : {
    "transaction" : "2.5 Select patient",
    "sampleCount" : 1025,
    "errorCount" : 0,
    "errorPct" : 0.0,
    "meanResTime" : 532.0439024390249,
    "medianResTime" : 312.0,
    "minResTime" : 205.0,
    "maxResTime" : 7843.0,
    "pct1ResTime" : 1053.8,
    "pct2ResTime" : 1516.7999999999997,
    "pct3ResTime" : 3015.1600000000008,
    "throughput" : 0.7957351700194936,
    "receivedKBytesPerSec" : 18.322014566611575,
    "sentKBytesPerSec" : 0.5538683719141972
  },
  "Get Session ID's" : {
    "transaction" : "Get Session ID's",
    "sampleCount" : 1,
    "errorCount" : 0,
    "errorPct" : 0.0,
    "meanResTime" : 0.0,
    "medianResTime" : 0.0,
    "minResTime" : 0.0,
    "maxResTime" : 0.0,
    "pct1ResTime" : 0.0,
    "pct2ResTime" : 0.0,
    "pct3ResTime" : 0.0,
    "throughput" : "Infinity",
    "receivedKBytesPerSec" : "NaN",
    "sentKBytesPerSec" : "NaN"
  },
  "2.3 Search by first/last name" : {
    "transaction" : "2.3 Search by first/last name",
    "sampleCount" : 1025,
    "errorCount" : 0,
    "errorPct" : 0.0,
    "meanResTime" : 449.0087804878054,
    "medianResTime" : 281.0,
    "minResTime" : 197.0,
    "maxResTime" : 4404.0,
    "pct1ResTime" : 902.4,
    "pct2ResTime" : 1243.4999999999995,
    "pct3ResTime" : 2505.580000000001,
    "throughput" : 0.7945397676843236,
    "receivedKBytesPerSec" : 19.109277923228078,
    "sentKBytesPerSec" : 0.6289892012840538
  },
  "Data prep" : {
    "transaction" : "Data prep",
    "sampleCount" : 1,
    "errorCount" : 0,
    "errorPct" : 0.0,
    "meanResTime" : 0.0,
    "medianResTime" : 0.0,
    "minResTime" : 0.0,
    "maxResTime" : 0.0,
    "pct1ResTime" : 0.0,
    "pct2ResTime" : 0.0,
    "pct3ResTime" : 0.0,
    "throughput" : "Infinity",
    "receivedKBytesPerSec" : "NaN",
    "sentKBytesPerSec" : "NaN"
  },
  "4.0 Vaccination for flu" : {
    "transaction" : "4.0 Vaccination for flu",
    "sampleCount" : 256,
    "errorCount" : 0,
    "errorPct" : 0.0,
    "meanResTime" : 3258.078124999999,
    "medianResTime" : 2579.5,
    "minResTime" : 1552.0,
    "maxResTime" : 13182.0,
    "pct1ResTime" : 5457.1,
    "pct2ResTime" : 6437.749999999999,
    "pct3ResTime" : 12021.190000000002,
    "throughput" : 0.1996243008275831,
    "receivedKBytesPerSec" : 9.061171537073974,
    "sentKBytesPerSec" : 1.2037281982581218
  },
  "4.0 Vaccination for hpv" : {
    "transaction" : "4.0 Vaccination for hpv",
    "sampleCount" : 256,
    "errorCount" : 0,
    "errorPct" : 0.0,
    "meanResTime" : 3386.6015625,
    "medianResTime" : 2717.0,
    "minResTime" : 1569.0,
    "maxResTime" : 12688.0,
    "pct1ResTime" : 5868.500000000001,
    "pct2ResTime" : 7153.049999999997,
    "pct3ResTime" : 9376.420000000004,
    "throughput" : 0.19847838407583115,
    "receivedKBytesPerSec" : 8.589717196407541,
    "sentKBytesPerSec" : 1.201382366087177
  },
  "1.2 Sign-in page" : {
    "transaction" : "1.2 Sign-in page",
    "sampleCount" : 1165,
    "errorCount" : 0,
    "errorPct" : 0.0,
    "meanResTime" : 608.9339055793985,
    "medianResTime" : 424.0,
    "minResTime" : 87.0,
    "maxResTime" : 4336.0,
    "pct1ResTime" : 1199.6000000000008,
    "pct2ResTime" : 1629.0000000000005,
    "pct3ResTime" : 2992.419999999999,
    "throughput" : 0.8057638745276944,
    "receivedKBytesPerSec" : 14.315076472135786,
    "sentKBytesPerSec" : 1.0177247032938797
  },
  "Debug Sampler" : {
    "transaction" : "Debug Sampler",
    "sampleCount" : 1165,
    "errorCount" : 0,
    "errorPct" : 0.0,
    "meanResTime" : 0.4523605150214592,
    "medianResTime" : 0.0,
    "minResTime" : 0.0,
    "maxResTime" : 15.0,
    "pct1ResTime" : 1.0,
    "pct2ResTime" : 1.0,
    "pct3ResTime" : 1.0,
    "throughput" : 0.8065320092823872,
    "receivedKBytesPerSec" : 4.212945262784052,
    "sentKBytesPerSec" : 0.0
  },
  "2.4 Patient attending session" : {
    "transaction" : "2.4 Patient attending session",
    "sampleCount" : 952,
    "errorCount" : 21,
    "errorPct" : 2.2058823,
    "meanResTime" : 1286.0850840336113,
    "medianResTime" : 928.5,
    "minResTime" : 211.0,
    "maxResTime" : 11153.0,
    "pct1ResTime" : 2434.5,
    "pct2ResTime" : 3283.999999999998,
    "pct3ResTime" : 4985.790000000002,
    "throughput" : 0.7383004200246928,
    "receivedKBytesPerSec" : 18.34833103002215,
    "sentKBytesPerSec" : 1.0879042027576915
  },
  "Total" : {
    "transaction" : "Total",
    "sampleCount" : 13952,
    "errorCount" : 21,
    "errorPct" : 0.15051605,
    "meanResTime" : 774.5856508027495,
    "medianResTime" : 526.0,
    "minResTime" : 0.0,
    "maxResTime" : 11179.0,
    "pct1ResTime" : 1612.7000000000007,
    "pct2ResTime" : 2223.3499999999985,
    "pct3ResTime" : 4158.879999999997,
    "throughput" : 9.559254772775857,
    "receivedKBytesPerSec" : 226.91329967847483,
    "sentKBytesPerSec" : 11.078034249342938
  },
  "1.4 Open Sessions list" : {
    "transaction" : "1.4 Open Sessions list",
    "sampleCount" : 1165,
    "errorCount" : 0,
    "errorPct" : 0.0,
    "meanResTime" : 1450.3622317596578,
    "medianResTime" : 1276.0,
    "minResTime" : 833.0,
    "maxResTime" : 6207.0,
    "pct1ResTime" : 2100.2000000000003,
    "pct2ResTime" : 2550.300000000001,
    "pct3ResTime" : 3940.399999999987,
    "throughput" : 0.8052681819532834,
    "receivedKBytesPerSec" : 61.02311496071639,
    "sentKBytesPerSec" : 0.5179438559160945
  },