{
  "4.3 Vaccination confirm" : {
    "transaction" : "4.3 Vaccination confirm",
    "sampleCount" : 547,
    "errorCount" : 0,
    "errorPct" : 0.0,
    "meanResTime" : 1232.416819012797,
    "medianResTime" : 1240.0,
    "minResTime" : 846.0,
    "maxResTime" : 4107.0,
    "pct1ResTime" : 1570.1999999999998,
    "pct2ResTime" : 1773.4,
    "pct3ResTime" : 2323.1199999999994,
    "throughput" : 0.21965824870935718,
    "receivedKBytesPerSec" : 4.721626856077064,
    "sentKBytesPerSec" : 0.511483625069873
  },
  "4.1 Vaccination questions" : {
    "transaction" : "4.1 Vaccination questions",
    "sampleCount" : 547,
    "errorCount" : 0,
    "errorPct" : 0.0,
    "meanResTime" : 985.846435100548,
    "medianResTime" : 1032.0,
    "minResTime" : 448.0,
    "maxResTime" : 4122.0,
    "pct1ResTime" : 1197.4,
    "pct2ResTime" : 1417.4000000000003,
    "pct3ResTime" : 2019.199999999999,
    "throughput" : 0.2198563658667164,
    "receivedKBytesPerSec" : 2.418938923991997,
    "sentKBytesPerSec" : 0.462744488468192
  },
  "2.0 Register attendance" : {
    "transaction" : "2.0 Register attendance",
    "sampleCount" : 794,
    "errorCount" : 0,
    "errorPct" : 0.0,
    "meanResTime" : 2278.850125944584,
    "medianResTime" : 2105.5,
    "minResTime" : 848.0,
    "maxResTime" : 7592.0,
    "pct1ResTime" : 3842.5,
    "pct2ResTime" : 4139.25,
    "pct3ResTime" : 4911.5,
    "throughput" : 0.2723248032333254,
    "receivedKBytesPerSec" : 27.89994598573433,
    "sentKBytesPerSec" : 0.893810601593443
  },
  "1.0 Login" : {
    "transaction" : "1.0 Login",
    "sampleCount" : 864,
    "errorCount" : 0,
    "errorPct" : 0.0,
    "meanResTime" : 3820.793981481488,
    "medianResTime" : 3560.0,
    "minResTime" : 2070.0,
    "maxResTime" : 7638.0,
    "pct1ResTime" : 5502.0,
    "pct2ResTime" : 5892.25,
    "pct3ResTime" : 6571.000000000002,
    "throughput" : 0.2932620996072867,
    "receivedKBytesPerSec" : 40.05478007251788,
    "sentKBytesPerSec" : 1.4807814175904648
  },
  "4.0 Vaccination for menacwy" : {
    "transaction" : "4.0 Vaccination for menacwy",
    "sampleCount" : 13,
    "errorCount" : 0,
    "errorPct" : 0.0,
    "meanResTime" : 3386.0,
    "medianResTime" : 3188.0,
    "minResTime" : 2986.0,
    "maxResTime" : 4352.0,
    "pct1ResTime" : 4264.4,
    "pct2ResTime" : 4352.0,
    "pct3ResTime" : 4352.0,
    "throughput" : 0.0387375146010632,
    "receivedKBytesPerSec" : 1.8248477224576272,
    "sentKBytesPerSec" : 0.2331322102061432
  },
  "2.5 Select patient" : {
    "transaction" : "2.5 Select patient",
    "sampleCount" : 547,
    "errorCount" : 0,
    "errorPct" : 0.0,
    "meanResTime" : 534.7422303473493,
    "medianResTime" : 602.0,
    "minResTime" : 275.0,
    "maxResTime" : 4329.0,
    "pct1ResTime" : 728.2,
    "pct2ResTime" : 864.6000000000001,
    "pct3ResTime" : 1210.7199999999998,
    "throughput" : 0.22071946475328041,
    "receivedKBytesPerSec" : 5.2301191456381275,
    "sentKBytesPerSec" : 0.1535824897639835
  },
  "Get Session ID's" : {
    "transaction" : "Get Session ID's",
    "sampleCount" : 1,
    "errorCount" : 0,
    "errorPct" : 0.0,
    "meanResTime" : 0.0,
    "medianResTime" : 0.0,
    "minResTime" : 0.0,
    "maxResTime" : 0.0,
    "pct1ResTime" : 0.0,
    "pct2ResTime" : 0.0,
    "pct3ResTime" : 0.0,
    "throughput" : "Infinity",
    "receivedKBytesPerSec" : "NaN",
    "sentKBytesPerSec" : "NaN"
  },
  "2.3 Search by first/last name" : {
    "transaction" : "2.3 Search by first/last name",
    "sampleCount" : 794,
    "errorCount" : 0,
    "errorPct" : 0.0,
    "meanResTime" : 442.0692695214103,
    "medianResTime" : 312.0,
    "minResTime" : 258.0,
    "maxResTime" : 1371.0,
    "pct1ResTime" : 654.5,
    "pct2ResTime" : 726.75,
    "pct3ResTime" : 944.7499999999993,
    "throughput" : 0.2725420414977867,
    "receivedKBytesPerSec" : 6.409301482942782,
    "sentKBytesPerSec" : 0.2158970909869935
  },
  "Data prep" : {
    "transaction" : "Data prep",
    "sampleCount" : 1,
    "errorCount" : 0,
    "errorPct" : 0.0,
    "meanResTime" : 0.0,
    "medianResTime" : 0.0,
    "minResTime" : 0.0,
    "maxResTime" : 0.0,
    "pct1ResTime" : 0.0,
    "pct2ResTime" : 0.0,
    "pct3ResTime" : 0.0,
    "throughput" : "Infinity",
    "receivedKBytesPerSec" : "NaN",
    "sentKBytesPerSec" : "NaN"
  },
  "4.0 Vaccination for flu" : {
    "transaction" : "4.0 Vaccination for flu",
    "sampleCount" : 260,
    "errorCount" : 0,
    "errorPct" : 0.0,
    "meanResTime" : 2857.207692307692,
    "medianResTime" : 3018.0,
    "minResTime" : 1998.0,
    "maxResTime" : 5323.0,
    "pct1ResTime" : 3557.4,
    "pct2ResTime" : 4043.699999999999,
    "pct3ResTime" : 4629.259999999998,
    "throughput" : 0.10488303121641726,
    "receivedKBytesPerSec" : 4.763323687288015,
    "sentKBytesPerSec" : 0.6331351792007267
  },
  "4.0 Vaccination for hpv" : {
    "transaction" : "4.0 Vaccination for hpv",
    "sampleCount" : 13,
    "errorCount" : 0,
    "errorPct" : 0.0,
    "meanResTime" : 3470.9230769230767,
    "medianResTime" : 3442.0,
    "minResTime" : 3023.0,
    "maxResTime" : 4327.0,
    "pct1ResTime" : 4209.4,
    "pct2ResTime" : 4327.0,
    "pct3ResTime" : 4327.0,
    "throughput" : 0.03827852633562612,
    "receivedKBytesPerSec" : 1.6578121503403844,
    "sentKBytesPerSec" : 0.23011685900399276
  },
  "1.2 Sign-in page" : {
    "transaction" : "1.2 Sign-in page",
    "sampleCount" : 864,
    "errorCount" : 0,
    "errorPct" : 0.0,
    "meanResTime" : 623.2916666666667,
    "medianResTime" : 491.5,
    "minResTime" : 142.0,
    "maxResTime" : 2570.0,
    "pct1ResTime" : 1008.0,
    "pct2ResTime" : 1225.5,
    "pct3ResTime" : 1476.000000000001,
    "throughput" : 0.29337123617267347,
    "receivedKBytesPerSec" : 5.931912704061086,
    "sentKBytesPerSec" : 0.3912140397405973
  },
  "Debug Sampler" : {
    "transaction" : "Debug Sampler",
    "sampleCount" : 864,
    "errorCount" : 0,
    "errorPct" : 0.0,
    "meanResTime" : 0.4756944444444448,
    "medianResTime" : 0.0,
    "minResTime" : 0.0,
    "maxResTime" : 2.0,
    "pct1ResTime" : 1.0,
    "pct2ResTime" : 1.0,
    "pct3ResTime" : 1.0,
    "throughput" : 0.2933940496019315,
    "receivedKBytesPerSec" : 1.5681633657713734,
    "sentKBytesPerSec" : 0.0
  },
  "2.4 Patient attending session" : {
    "transaction" : "2.4 Patient attending session",
    "sampleCount" : 367,
    "errorCount" : 0,
    "errorPct" : 0.0,
    "meanResTime" : 960.1389645776568,
    "medianResTime" : 993.0,
    "minResTime" : 609.0,
    "maxResTime" : 5107.0,
    "pct1ResTime" : 1249.6,
    "pct2ResTime" : 1551.3999999999992,
    "pct3ResTime" : 2041.879999999998,
    "throughput" : 0.14809876694661503,
    "receivedKBytesPerSec" : 3.8179447388064367,
    "sentKBytesPerSec" : 0.2204126179947669
  },
  "Total" : {
    "transaction" : "Total",
    "sampleCount" : 9257,
    "errorCount" : 0,
    "errorPct" : 0.0,
    "meanResTime" : 722.9779626228805,
    "medianResTime" : 622.0,
    "minResTime" : 0.0,
    "maxResTime" : 5107.0,
    "pct1ResTime" : 1278.0,
    "pct2ResTime" : 1882.6000000000022,
    "pct3ResTime" : 2847.0,
    "throughput" : 3.1274747491128068,
    "receivedKBytesPerSec" : 76.06006852204435,
    "sentKBytesPerSec" : 3.472378059799229
  },
  "1.4 Open Sessions list" : {
    "transaction" : "1.4 Open Sessions list",
    "sampleCount" : 864,
    "errorCount" : 0,
    "errorPct" : 0.0,
    "meanResTime" : 1836.5509259259286,
    "medianResTime" : 1815.5,
    "minResTime" : 795.0,
    "maxResTime" : 4227.0,
    "pct1ResTime" : 2842.0,
    "pct2ResTime" : 3170.75,
    "pct3ResTime" : 3732.4500000000003,
    "throughput" : 0.2931499607945857,
    "receivedKBytesPerSec" : 22.184401345113844,
    "sentKBytesPerSec" : 0.18914642912641652
  },
  "4.2 Vaccination batch" : {
    "transaction" : "4.2 Vaccination batch",
    "sampleCount" : 547,
    "errorCount" : 0,
    "errorPct" : 0.0,
    "meanResTime" : 674.2193784277881,
    "medianResTime" : 753.0,
    "minResTime" : 421.0,
    "maxResTime" : 2213.0,