{
  "2.0 Register attendance" : {
    "transaction" : "2.0 Register attendance",
    "sampleCount" : 54,
    "errorCount" : 0,
    "errorPct" : 0.0,
    "meanResTime" : 12398.462962962962,
    "medianResTime" : 10333.0,
    "minResTime" : 3671.0,
    "maxResTime" : 36222.0,
    "pct1ResTime" : 26696.0,
    "pct2ResTime" : 30455.5,
    "pct3ResTime" : 36222.0,
    "throughput" : 0.10653598252809886,
    "receivedKBytesPerSec" : 30.171207577963624,
    "sentKBytesPerSec" : 0.45126743293658544
  },
  "2.5 Select patient" : {
    "transaction" : "2.5 Select patient",
    "sampleCount" : 50,
    "errorCount" : 0,
    "errorPct" : 0.0,
    "meanResTime" : 427.7600000000001,
    "medianResTime" : 353.0,
    "minResTime" : 189.0,
    "maxResTime" : 2521.0,
    "pct1ResTime" : 646.9,
    "pct2ResTime" : 1413.8499999999976,
    "pct3ResTime" : 2521.0,
    "throughput" : 0.10136066557467442,
    "receivedKBytesPerSec" : 2.7962636051353367,
    "sentKBytesPerSec" : 0.07027936773244027
  },
  "1.4 Select Organisations" : {
    "transaction" : "1.4 Select Organisations",
    "sampleCount" : 35,
    "errorCount" : 0,
    "errorPct" : 0.0,
    "meanResTime" : 1699.9428571428568,
    "medianResTime" : 234.0,
    "minResTime" : 219.0,
    "maxResTime" : 11732.0,
    "pct1ResTime" : 8637.4,
    "pct2ResTime" : 11620.8,
    "pct3ResTime" : 11732.0,
    "throughput" : 0.5538675781744524,
    "receivedKBytesPerSec" : 7.956978459496455,
    "sentKBytesPerSec" : 0.8005117340802633
  },
  "2.5 Select menacwy" : {
    "transaction" : "2.5 Select menacwy",
    "sampleCount" : 26,
    "errorCount" : 0,
    "errorPct" : 0.0,
    "meanResTime" : 289.96153846153845,
    "medianResTime" : 220.0,
    "minResTime" : 193.0,
    "maxResTime" : 615.0,
    "pct1ResTime" : 487.70000000000005,
    "pct2ResTime" : 589.8,
    "pct3ResTime" : 615.0,
    "throughput" : 0.30299498892902926,
    "receivedKBytesPerSec" : 7.666271686720662,
    "sentKBytesPerSec" : 0.21126799032746765
  },
  "2.3 Search by first/last name" : {
    "transaction" : "2.3 Search by first/last name",
    "sampleCount" : 62,
    "errorCount" : 0,
    "errorPct" : 0.0,
    "meanResTime" : 1323.5000000000005,
    "medianResTime" : 815.0,
    "minResTime" : 448.0,
    "maxResTime" : 9305.0,
    "pct1ResTime" : 2216.2000000000007,
    "pct2ResTime" : 7404.599999999977,
    "pct3ResTime" : 9305.0,
    "throughput" : 0.11917187082538053,
    "receivedKBytesPerSec" : 8.72746433793779,
    "sentKBytesPerSec" : 0.10283566883770906
  },
  "2.5 Select td_ipv" : {
    "transaction" : "2.5 Select td_ipv",
    "sampleCount" : 26,
    "errorCount" : 0,
    "errorPct" : 0.0,
    "meanResTime" : 313.6923076923077,
    "medianResTime" : 273.0,
    "minResTime" : 192.0,
    "maxResTime" : 589.0,
    "pct1ResTime" : 572.4,
    "pct2ResTime" : 587.6,
    "pct3ResTime" : 589.0,
    "throughput" : 0.3514700912470429,
    "receivedKBytesPerSec" : 9.006724716965191,
    "sentKBytesPerSec" : 0.244724780331193
  },
  "4.0 Vaccination for flu" : {
    "transaction" : "4.0 Vaccination for flu",
    "sampleCount" : 44,
    "errorCount" : 0,
    "errorPct" : 0.0,
    "meanResTime" : 1499.75,
    "medianResTime" : 1455.5,
    "minResTime" : 1343.0,
    "maxResTime" : 2120.0,
    "pct1ResTime" : 1698.5,
    "pct2ResTime" : 1956.25,
    "pct3ResTime" : 2120.0,
    "throughput" : 0.1356768424298489,
    "receivedKBytesPerSec" : 7.9770641815063215,
    "sentKBytesPerSec" : 0.8174939292321924
  },
  "4.0 Vaccination for hpv" : {
    "transaction" : "4.0 Vaccination for hpv",
    "sampleCount" : 44,
    "errorCount" : 0,
    "errorPct" : 0.0,
    "meanResTime" : 1850.2954545454543,
    "medianResTime" : 1452.5,
    "minResTime" : 608.0,
    "maxResTime" : 5871.0,
    "pct1ResTime" : 3356.0,
    "pct2ResTime" : 4979.0,
    "pct3ResTime" : 5871.0,
    "throughput" : 0.13067042839112034,
    "receivedKBytesPerSec" : 6.360546091951889,
    "sentKBytesPerSec" : 0.7428342397356893
  },
  "Select Organisations" : {
    "transaction" : "Select Organisations",
    "sampleCount" : 1,
    "errorCount" : 0,
    "errorPct" : 0.0,
    "meanResTime" : 0.0,
    "medianResTime" : 0.0,
    "minResTime" : 0.0,
    "maxResTime" : 0.0,
    "pct1ResTime" : 0.0,
    "pct2ResTime" : 0.0,
    "pct3ResTime" : 0.0,
    "throughput" : "Infinity",
    "receivedKBytesPerSec" : "NaN",
    "sentKBytesPerSec" : "NaN"
  },
  "1.2 Sign-in page" : {
    "transaction" : "1.2 Sign-in page",
    "sampleCount" : 35,
    "errorCount" : 0,
    "errorPct" : 0.0,
    "meanResTime" : 91.11428571428571,
    "medianResTime" : 90.0,
    "minResTime" : 86.0,
    "maxResTime" : 113.0,
    "pct1ResTime" : 96.0,
    "pct2ResTime" : 100.19999999999993,
    "pct3ResTime" : 113.0,
    "throughput" : 0.6004460456338995,
    "receivedKBytesPerSec" : 3.6185083472722592,
    "sentKBytesPerSec" : 0.361792197418082
  },
  "2.4 Patient attending session" : {
    "transaction" : "2.4 Patient attending session",
    "sampleCount" : 54,
    "errorCount" : 0,
    "errorPct" : 0.0,
    "meanResTime" : 2248.0000000000005,
    "medianResTime" : 1147.5,
    "minResTime" : 658.0,
    "maxResTime" : 10191.0,
    "pct1ResTime" : 7519.5,
    "pct2ResTime" : 9326.25,
    "pct3ResTime" : 10191.0,
    "throughput" : 0.10594737554616852,
    "receivedKBytesPerSec" : 6.700159853007826,
    "sentKBytesPerSec" : 0.1574725640442075
  },
  "Logout" : {
    "transaction" : "Logout",
    "sampleCount" : 1,
    "errorCount" : 0,
    "errorPct" : 0.0,
    "meanResTime" : 290.0,
    "medianResTime" : 290.0,
    "minResTime" : 290.0,
    "maxResTime" : 290.0,
    "pct1ResTime" : 290.0,
    "pct2ResTime" : 290.0,
    "pct3ResTime" : 290.0,
    "throughput" : 3.4482758620689653,
    "receivedKBytesPerSec" : 21.625808189655174,
    "sentKBytesPerSec" : 7.290544181034483
  },
  "1.1 Homepage" : {
    "transaction" : "1.1 Homepage",
    "sampleCount" : 35,
    "errorCount" : 0,
    "errorPct" : 0.0,
    "meanResTime" : 270.48571428571427,
    "medianResTime" : 265.0,
    "minResTime" : 253.0,
    "maxResTime" : 348.0,
    "pct1ResTime" : 299.59999999999997,
    "pct2ResTime" : 330.3999999999999,
    "pct3ResTime" : 348.0,
    "throughput" : 0.5997052876871937,
    "receivedKBytesPerSec" : 3.0951586381121277,
    "sentKBytesPerSec" : 0.32503558072889893
  },
  "1.3 Sign-in" : {
    "transaction" : "1.3 Sign-in",
    "sampleCount" : 35,
    "errorCount" : 0,
    "errorPct" : 0.0,
    "meanResTime" : 3192.028571428572,
    "medianResTime" : 644.0,
    "minResTime" : 411.0,
    "maxResTime" : 12525.0,
    "pct1ResTime" : 8722.599999999999,
    "pct2ResTime" : 10434.59999999999,
    "pct3ResTime" : 12525.0,
    "throughput" : 0.5487699713071701,
    "receivedKBytesPerSec" : 5.325319536014989,
    "sentKBytesPerSec" : 0.8633480700936045
  },
  "4.0 Vaccination for td_ipv" : {
    "transaction" : "4.0 Vaccination for td_ipv",
    "sampleCount" : 26,
    "errorCount" : 0,
    "errorPct" : 0.0,
    "meanResTime" : 2644.0384615384614,
    "medianResTime" : 1786.0,
    "minResTime" : 1392.0,
    "maxResTime" : 7775.0,
    "pct1ResTime" : 5738.200000000001,
    "pct2ResTime" : 7327.699999999998,
    "pct3ResTime" : 7775.0,
    "throughput" : 0.33110896031786463,
    "receivedKBytesPerSec" : 18.883694694456473,
    "sentKBytesPerSec" : 2.024112452880648
  },
  "2.1 Open session" : {
    "transaction" : "2.1 Open session",
    "sampleCount" : 70,
    "errorCount" : 0,
    "errorPct" : 0.0,
    "meanResTime" : 4827.8714285714295,
    "medianResTime" : 3183.5,
    "minResTime" : 1141.0,
    "maxResTime" : 18958.0,
    "pct1ResTime" : 12248.499999999998,
    "pct2ResTime" : 14802.450000000004,
    "pct3ResTime" : 18958.0,
    "throughput" : 0.13138655990570197,
    "receivedKBytesPerSec" : 2.3352751269757253,
    "sentKBytesPerSec" : 0.083207211034031
  },
  "4.3 Vaccination confirm" : {
    "transaction" : "4.3 Vaccination confirm",
    "sampleCount" : 132,
    "errorCount" : 0,
    "errorPct" : 0.0,
    "meanResTime" : 1075.0454545454545,