{
  "4.3 Vaccination confirm" : {
    "transaction" : "4.3 Vaccination confirm",
    "sampleCount" : 1199,
    "errorCount" : 0,
    "errorPct" : 0.0,
    "meanResTime" : 1912.0350291909906,
    "medianResTime" : 1765.0,
    "minResTime" : 1279.0,
    "maxResTime" : 6040.0,
    "pct1ResTime" : 2500.0,
    "pct2ResTime" : 2930.0,
    "pct3ResTime" : 4147.0,
    "throughput" : 0.34595516663411013,
    "receivedKBytesPerSec" : 139.7406496820365,
    "sentKBytesPerSec" : 1.8182440861034515
  },
  "4.1 Vaccination questions" : {
    "transaction" : "4.1 Vaccination questions",
    "sampleCount" : 1206,
    "errorCount" : 0,
    "errorPct" : 0.0,
    "meanResTime" : 1354.4170812603643,
    "medianResTime" : 1321.0,
    "minResTime" : 452.0,
    "maxResTime" : 2837.0,
    "pct1ResTime" : 1484.3,
    "pct2ResTime" : 1613.8999999999992,
    "pct3ResTime" : 1932.8600000000001,
    "throughput" : 0.34293884371031397,
    "receivedKBytesPerSec" : 135.3924725994601,
    "sentKBytesPerSec" : 1.7314423339341398
  },
  "2.0 Register attendance" : {
    "transaction" : "2.0 Register attendance",
    "sampleCount" : 1215,
    "errorCount" : 4,
    "errorPct" : 0.32921812,
    "meanResTime" : 2871.8962962962914,
    "medianResTime" : 2898.0,
    "minResTime" : 1416.0,
    "maxResTime" : 5934.0,
    "pct1ResTime" : 4075.800000000003,
    "pct2ResTime" : 4450.000000000001,
    "pct3ResTime" : 5256.559999999995,
    "throughput" : 0.3412128699316198,
    "receivedKBytesPerSec" : 623.6140412944275,
    "sentKBytesPerSec" : 5.722976515532768
  },
  "1.0 Login" : {
    "transaction" : "1.0 Login",
    "sampleCount" : 1268,
    "errorCount" : 0,
    "errorPct" : 0.0,
    "meanResTime" : 3666.3075709779146,
    "medianResTime" : 3645.0,
    "minResTime" : 2095.0,
    "maxResTime" : 6152.0,
    "pct1ResTime" : 4231.0,
    "pct2ResTime" : 4557.249999999999,
    "pct3ResTime" : 5298.949999999997,
    "throughput" : 0.35392440197103514,
    "receivedKBytesPerSec" : 589.9382537182821,
    "sentKBytesPerSec" : 5.939832757897984
  },
  "4.0 Vaccination for menacwy" : {
    "transaction" : "4.0 Vaccination for menacwy",
    "sampleCount" : 337,
    "errorCount" : 0,
    "errorPct" : 0.0,
    "meanResTime" : 4097.851632047477,
    "medianResTime" : 3924.0,
    "minResTime" : 3266.0,
    "maxResTime" : 6604.0,
    "pct1ResTime" : 4890.599999999999,
    "pct2ResTime" : 5370.599999999999,
    "pct3ResTime" : 6288.180000000001,
    "throughput" : 0.10979015420141183,
    "receivedKBytesPerSec" : 131.3731477950993,
    "sentKBytesPerSec" : 1.6300618845276351
  },
  "2.5 Select patient" : {
    "transaction" : "2.5 Select patient",
    "sampleCount" : 1215,
    "errorCount" : 0,
    "errorPct" : 0.0,
    "meanResTime" : 431.4304526748971,
    "medianResTime" : 369.0,
    "minResTime" : 308.0,
    "maxResTime" : 2615.0,
    "pct1ResTime" : 577.0,
    "pct2ResTime" : 692.0,
    "pct3ResTime" : 1292.3999999999992,
    "throughput" : 0.34133710311836024,
    "receivedKBytesPerSec" : 138.79701602542582,
    "sentKBytesPerSec" : 1.229995751634836
  },
  "2.3 Search by first/last name" : {
    "transaction" : "2.3 Search by first/last name",
    "sampleCount" : 1215,
    "errorCount" : 0,
    "errorPct" : 0.0,
    "meanResTime" : 442.3185185185181,
    "medianResTime" : 408.0,
    "minResTime" : 302.0,
    "maxResTime" : 1928.0,
    "pct1ResTime" : 648.8000000000002,
    "pct2ResTime" : 702.6000000000001,
    "pct3ResTime" : 987.6399999999983,
    "throughput" : 0.34140414607938785,
    "receivedKBytesPerSec" : 139.08262466800906,
    "sentKBytesPerSec" : 1.2860634581970996
  },
  "4.0 Vaccination for flu" : {
    "transaction" : "4.0 Vaccination for flu",
    "sampleCount" : 141,
    "errorCount" : 0,
    "errorPct" : 0.0,
    "meanResTime" : 4127.021276595746,
    "medianResTime" : 3976.0,
    "minResTime" : 3380.0,
    "maxResTime" : 7571.0,
    "pct1ResTime" : 4717.8,
    "pct2ResTime" : 5272.900000000001,
    "pct3ResTime" : 7397.540000000005,
    "throughput" : 0.09329709965122766,
    "receivedKBytesPerSec" : 111.48349997783367,
    "sentKBytesPerSec" : 1.381542629702819
  },
  "4.0 Vaccination for hpv" : {
    "transaction" : "4.0 Vaccination for hpv",
    "sampleCount" : 388,
    "errorCount" : 0,
    "errorPct" : 0.0,
    "meanResTime" : 3971.9097938144328,
    "medianResTime" : 3832.0,
    "minResTime" : 1958.0,
    "maxResTime" : 8211.0,
    "pct1ResTime" : 4662.700000000001,
    "pct2ResTime" : 5137.849999999999,
    "pct3ResTime" : 5856.200000000001,
    "throughput" : 0.11127454958901549,
    "receivedKBytesPerSec" : 132.05201197712432,
    "sentKBytesPerSec" : 1.6422720040402985
  },
  "1.2 Sign-in page" : {
    "transaction" : "1.2 Sign-in page",
    "sampleCount" : 1269,
    "errorCount" : 0,
    "errorPct" : 0.0,
    "meanResTime" : 795.2852639873905,
    "medianResTime" : 605.0,
    "minResTime" : 353.0,
    "maxResTime" : 3619.0,
    "pct1ResTime" : 1443.0,
    "pct2ResTime" : 1486.5,
    "pct3ResTime" : 2024.9999999999995,
    "throughput" : 0.3529250786502855,
    "receivedKBytesPerSec" : 141.99116125309192,
    "sentKBytesPerSec" : 1.525194759750911
  },
  "2.4 Patient attending session" : {
    "transaction" : "2.4 Patient attending session",
    "sampleCount" : 595,
    "errorCount" : 4,
    "errorPct" : 0.6722689,
    "meanResTime" : 1476.865546218487,
    "medianResTime" : 1340.0,
    "minResTime" : 401.0,
    "maxResTime" : 3685.0,
    "pct1ResTime" : 2026.6,
    "pct2ResTime" : 2419.399999999997,
    "pct3ResTime" : 3071.319999999999,
    "throughput" : 0.20345719944413443,
    "receivedKBytesPerSec" : 83.06668712565586,
    "sentKBytesPerSec" : 0.9020462339174778
  },
  "Total" : {
    "transaction" : "Total",
    "sampleCount" : 14139,
    "errorCount" : 4,
    "errorPct" : 0.028290544,
    "meanResTime" : 921.5427540844498,
    "medianResTime" : 742.0,
    "minResTime" : 302.0,
    "maxResTime" : 6040.0,
    "pct1ResTime" : 1663.0,
    "pct2ResTime" : 1887.0,
    "pct3ResTime" : 2568.6000000000004,
    "throughput" : 3.9276167374974755,
    "receivedKBytesPerSec" : 1603.990527624276,
    "sentKBytesPerSec" : 16.53468144313595
  },
  "1.4 Open Sessions list" : {
    "transaction" : "1.4 Open Sessions list",
    "sampleCount" : 1268,
    "errorCount" : 0,
    "errorPct" : 0.0,
    "meanResTime" : 1261.5276025236603,
    "medianResTime" : 1088.5,
    "minResTime" : 633.0,
    "maxResTime" : 3463.0,
    "pct1ResTime" : 1877.2000000000003,
    "pct2ResTime" : 1989.6499999999999,
    "pct3ResTime" : 2523.4099999999994,
    "throughput" : 0.3540296418856155,
    "receivedKBytesPerSec" : 162.79244069061187,
    "sentKBytesPerSec" : 1.2750855120837743
  },
  "4.2 Vaccination batch" : {
    "transaction" : "4.2 Vaccination batch",
    "sampleCount" : 1205,
    "errorCount" : 0,
    "errorPct" : 0.0,
    "meanResTime" : 799.7029045643161,
    "medianResTime" : 803.0,
    "minResTime" : 449.0,
    "maxResTime" : 3326.0,
    "pct1ResTime" : 972.2000000000003,
    "pct2ResTime" : 1124.4,
    "pct3ResTime" : 1530.920000000001,
    "throughput" : 0.34476148513520083,
    "receivedKBytesPerSec" : 136.991965206628,
    "sentKBytesPerSec" : 1.5635206607439696
  },
  "1.1 Homepage" : {
    "transaction" : "1.1 Homepage",
    "sampleCount" : 1269,
    "errorCount" : 0,
    "errorPct" : 0.0,
    "meanResTime" : 659.7990543735214,
    "medianResTime" : 602.0,
    "minResTime" : 441.0,
    "maxResTime" : 2233.0,
    "pct1ResTime" : 910.0,
    "pct2ResTime" : 1098.0,
    "pct3ResTime" : 1233.9999999999995,
    "throughput" : 0.3531344649219765,
    "receivedKBytesPerSec" : 141.92339098978735,
    "sentKBytesPerSec" : 1.5185089619001584
  },
  "1.3 Sign-in" : {
    "transaction" : "1.3 Sign-in",
    "sampleCount" : 1268,
    "errorCount" : 0,
    "errorPct" : 0.0,
    "meanResTime" : 950.0173501577298,
    "medianResTime" : 823.0,
    "minResTime" : 431.0,
    "maxResTime" : 2771.0,
    "pct1ResTime" : 1486.1000000000001,
    "pct2ResTime" : 1579.1,
    "pct3ResTime" : 2060.9499999999975,