{
  "4.3 Vaccination confirm" : {
    "transaction" : "4.3 Vaccination confirm",
    "sampleCount" : 765,
    "errorCount" : 0,
    "errorPct" : 0.0,
    "meanResTime" : 1995.4104575163408,
    "medianResTime" : 1810.0,
    "minResTime" : 1087.0,
    "maxResTime" : 7422.0,
    "pct1ResTime" : 2883.6,
    "pct2ResTime" : 3401.1,
    "pct3ResTime" : 4471.160000000009,
    "throughput" : 0.4601500991578351,
    "receivedKBytesPerSec" : 185.28979867436922,
    "sentKBytesPerSec" : 2.386952276645247
  },
  "4.1 Vaccination questions" : {
    "transaction" : "4.1 Vaccination questions",
    "sampleCount" : 791,
    "errorCount" : 0,
    "errorPct" : 0.0,
    "meanResTime" : 1409.3590391908967,
    "medianResTime" : 1322.0,
    "minResTime" : 859.0,
    "maxResTime" : 3326.0,
    "pct1ResTime" : 1694.8000000000002,
    "pct2ResTime" : 1879.0,
    "pct3ResTime" : 2383.6400000000044,
    "throughput" : 0.4610677536440965,
    "receivedKBytesPerSec" : 181.68016604085898,
    "sentKBytesPerSec" : 2.290923570150788
  },
  "Get Next Patient from STS" : {
    "transaction" : "Get Next Patient from STS",
    "sampleCount" : 826,
    "errorCount" : 0,
    "errorPct" : 0.0,
    "meanResTime" : 0.6355932203389828,
    "medianResTime" : 1.0,
    "minResTime" : 0.0,
    "maxResTime" : 1.0,
    "pct1ResTime" : 1.0,
    "pct2ResTime" : 1.0,
    "pct3ResTime" : 1.0,
    "throughput" : 0.46369144421921044,
    "receivedKBytesPerSec" : 0.1954383696319716,
    "sentKBytesPerSec" : 0.2960304630121868
  },
  "2.0 Register attendance" : {
    "transaction" : "2.0 Register attendance",
    "sampleCount" : 810,
    "errorCount" : 17,
    "errorPct" : 2.0987654,
    "meanResTime" : 4918.118518518521,
    "medianResTime" : 4664.0,
    "minResTime" : 2097.0,
    "maxResTime" : 11887.0,
    "pct1ResTime" : 7101.199999999999,
    "pct2ResTime" : 7982.049999999998,
    "pct3ResTime" : 10584.22,
    "throughput" : 0.4604001843874319,
    "receivedKBytesPerSec" : 862.6858642604908,
    "sentKBytesPerSec" : 8.088361550488564
  },
  "1.0 Login" : {
    "transaction" : "1.0 Login",
    "sampleCount" : 828,
    "errorCount" : 0,
    "errorPct" : 0.0,
    "meanResTime" : 4927.332125603866,
    "medianResTime" : 4819.0,
    "minResTime" : 2824.0,
    "maxResTime" : 8113.0,
    "pct1ResTime" : 5889.4,
    "pct2ResTime" : 6207.949999999999,
    "pct3ResTime" : 7068.970000000004,
    "throughput" : 0.46265564339307624,
    "receivedKBytesPerSec" : 767.8325110657745,
    "sentKBytesPerSec" : 7.6656381326732115
  },
  "4.0 Vaccination for menacwy" : {
    "transaction" : "4.0 Vaccination for menacwy",
    "sampleCount" : 196,
    "errorCount" : 0,
    "errorPct" : 0.0,
    "meanResTime" : 4225.826530612245,
    "medianResTime" : 4135.5,
    "minResTime" : 2140.0,
    "maxResTime" : 7333.0,
    "pct1ResTime" : 5264.900000000001,
    "pct2ResTime" : 5691.449999999995,
    "pct3ResTime" : 6918.81,
    "throughput" : 0.11657722140571906,
    "receivedKBytesPerSec" : 137.79732163462083,
    "sentKBytesPerSec" : 1.688356513588681
  },
  "2.5 Select patient" : {
    "transaction" : "2.5 Select patient",
    "sampleCount" : 808,
    "errorCount" : 0,
    "errorPct" : 0.0,
    "meanResTime" : 517.52599009901,
    "medianResTime" : 428.0,
    "minResTime" : 310.0,
    "maxResTime" : 2447.0,
    "pct1ResTime" : 786.0,
    "pct2ResTime" : 1006.4499999999991,
    "pct3ResTime" : 1563.9099999999999,
    "throughput" : 0.4607869191261929,
    "receivedKBytesPerSec" : 186.84481915628234,
    "sentKBytesPerSec" : 1.6378404478600783
  },
  "2.3 Search by first/last name" : {
    "transaction" : "2.3 Search by first/last name",
    "sampleCount" : 817,
    "errorCount" : 0,
    "errorPct" : 0.0,
    "meanResTime" : 524.9106487148101,
    "medianResTime" : 462.0,
    "minResTime" : 317.0,
    "maxResTime" : 2386.0,
    "pct1ResTime" : 787.4000000000003,
    "pct2ResTime" : 961.0999999999999,
    "pct3ResTime" : 1366.6599999999992,
    "throughput" : 0.46320707113658655,
    "receivedKBytesPerSec" : 188.44530379626403,
    "sentKBytesPerSec" : 1.71292347994234
  },
  "4.0 Vaccination for flu" : {
    "transaction" : "4.0 Vaccination for flu",
    "sampleCount" : 197,
    "errorCount" : 0,
    "errorPct" : 0.0,
    "meanResTime" : 4233.076142131979,
    "medianResTime" : 4106.0,
    "minResTime" : 2071.0,
    "maxResTime" : 7298.0,
    "pct1ResTime" : 5141.200000000002,
    "pct2ResTime" : 5607.599999999999,
    "pct3ResTime" : 6650.220000000007,
    "throughput" : 0.11537139339946789,
    "receivedKBytesPerSec" : 136.44822247528447,
    "sentKBytesPerSec" : 1.6703344606445922
  },
  "4.0 Vaccination for hpv" : {
    "transaction" : "4.0 Vaccination for hpv",
    "sampleCount" : 196,
    "errorCount" : 0,
    "errorPct" : 0.0,
    "meanResTime" : 4354.913265306124,
    "medianResTime" : 4109.5,
    "minResTime" : 2133.0,
    "maxResTime" : 9554.0,
    "pct1ResTime" : 5461.900000000001,
    "pct2ResTime" : 6392.299999999998,
    "pct3ResTime" : 8565.570000000002,
    "throughput" : 0.11587417011037605,
    "receivedKBytesPerSec" : 136.79792506347954,
    "sentKBytesPerSec" : 1.6802689954566683
  },
  "1.2 Sign-in page" : {
    "transaction" : "1.2 Sign-in page",
    "sampleCount" : 829,
    "errorCount" : 0,
    "errorPct" : 0.0,
    "meanResTime" : 833.2291917973454,
    "medianResTime" : 670.0,
    "minResTime" : 221.0,
    "maxResTime" : 3295.0,
    "pct1ResTime" : 1383.0,
    "pct2ResTime" : 1518.5,
    "pct3ResTime" : 1942.6000000000004,
    "throughput" : 0.4634355500348275,
    "receivedKBytesPerSec" : 185.60018480645556,
    "sentKBytesPerSec" : 1.964942143579489
  },
  "Debug Sampler" : {
    "transaction" : "Debug Sampler",
    "sampleCount" : 810,
    "errorCount" : 0,
    "errorPct" : 0.0,
    "meanResTime" : 0.5246913580246915,
    "medianResTime" : 1.0,
    "minResTime" : 0.0,
    "maxResTime" : 8.0,
    "pct1ResTime" : 1.0,
    "pct2ResTime" : 1.0,
    "pct3ResTime" : 1.0,
    "throughput" : 0.45960210940345914,
    "receivedKBytesPerSec" : 2.873943899250111,
    "sentKBytesPerSec" : 0.0
  },
  "2.4 Patient attending session" : {
    "transaction" : "2.4 Patient attending session",
    "sampleCount" : 475,
    "errorCount" : 17,
    "errorPct" : 3.5789473,
    "meanResTime" : 1376.6210526315786,
    "medianResTime" : 1240.0,
    "minResTime" : 488.0,
    "maxResTime" : 4094.0,
    "pct1ResTime" : 2064.8,
    "pct2ResTime" : 2362.4,
    "pct3ResTime" : 3296.5200000000004,
    "throughput" : 0.30295705217047997,
    "receivedKBytesPerSec" : 123.38874870426066,
    "sentKBytesPerSec" : 1.3191443912843404
  },
  "Total" : {
    "transaction" : "Total",
    "sampleCount" : 11039,
    "errorCount" : 17,
    "errorPct" : 0.15399946,
    "meanResTime" : 1040.0719268049672,
    "medianResTime" : 810.0,
    "minResTime" : 0.0,
    "maxResTime" : 10634.0,
    "pct1ResTime" : 2207.0,
    "pct2ResTime" : 2738.0,
    "pct3ResTime" : 4100.6,
    "throughput" : 6.126368915184837,
    "receivedKBytesPerSec" : 2130.1904713404324,
    "sentKBytesPerSec" : 21.929401531793406
  },
  "1.4 Open Sessions list" : {
    "transaction" : "1.4 Open Sessions list",
    "sampleCount" : 827,
    "errorCount" : 0,
    "errorPct" : 0.0,
    "meanResTime" : 2311.218863361552,
    "medianResTime" : 2214.0,
    "minResTime" : 1467.0,
    "maxResTime" : 5304.0,
    "pct1ResTime" : 3019.8,
    "pct2ResTime" : 3275.3999999999996,
    "pct3ResTime" : 4068.6400000000017,
    "throughput" : 0.4626664018596168,
    "receivedKBytesPerSec" : 211.99564407991906,
    "sentKBytesPerSec" : 1.6430593789598678
  },
  "4.2 Vaccination batch" : {
    "transaction" : "4.2 Vaccination batch",
    "sampleCount" : 786,
    "errorCount" : 0,
    "errorPct" : 0.0,
    "meanResTime" : 912.3625954198474,
    "medianResTime" : 855.0,
    "minResTime" : 504.0,
    "maxResTime" : 3528.0,
    "pct1ResTime" : 1211.3000000000002,
    "pct2ResTime" : 1349.65,
    "pct3ResTime" : 1936.1499999999996,
    "throughput" : 0.46110172807552213,