{
  "2.0 Register attendance" : {
    "transaction" : "2.0 Register attendance",
    "sampleCount" : 854,
    "errorCount" : 2,
    "errorPct" : 0.23419204,
    "meanResTime" : 1756.0468384074939,
    "medianResTime" : 1673.0,
    "minResTime" : 910.0,
    "maxResTime" : 7814.0,
    "pct1ResTime" : 2381.0,
    "pct2ResTime" : 2677.5,
    "pct3ResTime" : 6027.250000000002,
    "throughput" : 0.2402431463187661,
    "receivedKBytesPerSec" : 26.575942578969386,
    "sentKBytesPerSec" : 0.8485520146103841
  },
  "2.5 Select patient" : {
    "transaction" : "2.5 Select patient",
    "sampleCount" : 854,
    "errorCount" : 0,
    "errorPct" : 0.0,
    "meanResTime" : 316.4250585480093,
    "medianResTime" : 269.5,
    "minResTime" : 212.0,
    "maxResTime" : 5132.0,
    "pct1ResTime" : 429.0,
    "pct2ResTime" : 564.0,
    "pct3ResTime" : 885.0500000000022,
    "throughput" : 0.2410982788857759,
    "receivedKBytesPerSec" : 5.636328158525083,
    "sentKBytesPerSec" : 0.16765822171598171
  },
  "2.3 Search by first/last name" : {
    "transaction" : "2.3 Search by first/last name",
    "sampleCount" : 854,
    "errorCount" : 0,
    "errorPct" : 0.0,
    "meanResTime" : 283.0480093676812,
    "medianResTime" : 249.0,
    "minResTime" : 206.0,
    "maxResTime" : 3822.0,
    "pct1ResTime" : 376.5,
    "pct2ResTime" : 466.25,
    "pct3ResTime" : 817.350000000001,
    "throughput" : 0.24030567782662368,
    "receivedKBytesPerSec" : 5.623706459808454,
    "sentKBytesPerSec" : 0.19021387442748017
  },
  "Data prep" : {
    "transaction" : "Data prep",
    "sampleCount" : 1,
    "errorCount" : 0,
    "errorPct" : 0.0,
    "meanResTime" : 0.0,
    "medianResTime" : 0.0,
    "minResTime" : 0.0,
    "maxResTime" : 0.0,
    "pct1ResTime" : 0.0,
    "pct2ResTime" : 0.0,
    "pct3ResTime" : 0.0,
    "throughput" : "Infinity",
    "receivedKBytesPerSec" : "NaN",
    "sentKBytesPerSec" : "NaN"
  },
  "4.0 Vaccination for flu" : {
    "transaction" : "4.0 Vaccination for flu",
    "sampleCount" : 252,
    "errorCount" : 252,
    "errorPct" : 100.0,
    "meanResTime" : 531.492063492064,
    "medianResTime" : 513.0,
    "minResTime" : 403.0,
    "maxResTime" : 1133.0,
    "pct1ResTime" : 565.8000000000001,
    "pct2ResTime" : 632.35,
    "pct3ResTime" : 1103.9099999999999,
    "throughput" : 0.07390510467250361,
    "receivedKBytesPerSec" : 1.055976234009956,
    "sentKBytesPerSec" : 0.22024722448939493
  },
  "5.8 Consent confirm" : {
    "transaction" : "5.8 Consent confirm",
    "sampleCount" : 257,
    "errorCount" : 257,
    "errorPct" : 100.0,
    "meanResTime" : 116.61478599221788,
    "medianResTime" : 105.0,
    "minResTime" : 99.0,
    "maxResTime" : 411.0,
    "pct1ResTime" : 117.60000000000005,
    "pct2ResTime" : 158.19999999999993,
    "pct3ResTime" : 332.2599999999993,
    "throughput" : 0.07393981241728523,
    "receivedKBytesPerSec" : 0.35309148703176246,
    "sentKBytesPerSec" : 0.0545161702881351
  },
  "4.0 Vaccination for hpv" : {
    "transaction" : "4.0 Vaccination for hpv",
    "sampleCount" : 286,
    "errorCount" : 0,
    "errorPct" : 0.0,
    "meanResTime" : 2443.3391608391594,
    "medianResTime" : 2251.0,
    "minResTime" : 1874.0,
    "maxResTime" : 7106.0,
    "pct1ResTime" : 2952.3,
    "pct2ResTime" : 3457.549999999998,
    "pct3ResTime" : 6943.4,
    "throughput" : 0.10762532988480703,
    "receivedKBytesPerSec" : 4.668503723563587,
    "sentKBytesPerSec" : 0.6522573319285593
  },
  "1.2 Sign-in page" : {
    "transaction" : "1.2 Sign-in page",
    "sampleCount" : 908,
    "errorCount" : 0,
    "errorPct" : 0.0,
    "meanResTime" : 420.3502202643173,
    "medianResTime" : 364.0,
    "minResTime" : 101.0,
    "maxResTime" : 6902.0,
    "pct1ResTime" : 628.1,
    "pct2ResTime" : 731.0999999999999,
    "pct3ResTime" : 1124.4099999999985,
    "throughput" : 0.25319491267842853,
    "receivedKBytesPerSec" : 4.392638671183324,
    "sentKBytesPerSec" : 0.32587402394127996
  },
  "5.9 Patient home page" : {
    "transaction" : "5.9 Patient home page",
    "sampleCount" : 256,
    "errorCount" : 256,
    "errorPct" : 100.0,
    "meanResTime" : 0.0,
    "medianResTime" : 0.0,
    "minResTime" : 0.0,
    "maxResTime" : 0.0,
    "pct1ResTime" : 0.0,
    "pct2ResTime" : 0.0,
    "pct3ResTime" : 0.0,
    "throughput" : 0.07388807111726846,
    "receivedKBytesPerSec" : 0.08918521084076544,
    "sentKBytesPerSec" : 0.0
  },
  "2.4 Patient attending session" : {
    "transaction" : "2.4 Patient attending session",
    "sampleCount" : 416,
    "errorCount" : 2,
    "errorPct" : 0.48076922,
    "meanResTime" : 900.6394230769228,
    "medianResTime" : 747.5,
    "minResTime" : 518.0,
    "maxResTime" : 6452.0,
    "pct1ResTime" : 1162.4,
    "pct2ResTime" : 1529.6999999999996,
    "pct3ResTime" : 5063.059999999972,
    "throughput" : 0.15606500107294688,
    "receivedKBytesPerSec" : 3.819758531967627,
    "sentKBytesPerSec" : 0.23176669684486087
  },
  "5.4 Consent route" : {
    "transaction" : "5.4 Consent route",
    "sampleCount" : 264,
    "errorCount" : 0,
    "errorPct" : 0.0,
    "meanResTime" : 221.4431818181817,
    "medianResTime" : 291.0,
    "minResTime" : 100.0,
    "maxResTime" : 751.0,
    "pct1ResTime" : 306.5,
    "pct2ResTime" : 313.0,
    "pct3ResTime" : 476.60000000000264,
    "throughput" : 0.07524604601979769,
    "receivedKBytesPerSec" : 0.3593292627312605,
    "sentKBytesPerSec" : 0.05959428058794525
  },
  "1.1 Homepage" : {
    "transaction" : "1.1 Homepage",
    "sampleCount" : 909,
    "errorCount" : 0,
    "errorPct" : 0.0,
    "meanResTime" : 481.19141914191414,
    "medianResTime" : 437.0,
    "minResTime" : 298.0,
    "maxResTime" : 4259.0,
    "pct1ResTime" : 616.0,
    "pct2ResTime" : 739.0,
    "pct3ResTime" : 1189.5999999999997,
    "throughput" : 0.2525502996013373,
    "receivedKBytesPerSec" : 4.266628850107091,
    "sentKBytesPerSec" : 0.32205578774300325
  },
  "1.3 Sign-in" : {
    "transaction" : "1.3 Sign-in",
    "sampleCount" : 908,
    "errorCount" : 0,
    "errorPct" : 0.0,
    "meanResTime" : 524.3898678414103,
    "medianResTime" : 429.5,
    "minResTime" : 291.0,
    "maxResTime" : 6352.0,
    "pct1ResTime" : 723.1,
    "pct2ResTime" : 849.0999999999999,
    "pct3ResTime" : 1090.9099999999999,
    "throughput" : 0.25315495759933265,
    "receivedKBytesPerSec" : 4.560933738746035,
    "sentKBytesPerSec" : 0.4298637025940856
  },
  "4.0 Vaccination for td_ipv" : {
    "transaction" : "4.0 Vaccination for td_ipv",
    "sampleCount" : 287,
    "errorCount" : 1,
    "errorPct" : 0.34843206,
    "meanResTime" : 2512.243902439025,
    "medianResTime" : 2290.0,
    "minResTime" : 495.0,
    "maxResTime" : 8781.0,
    "pct1ResTime" : 3180.9999999999986,
    "pct2ResTime" : 3790.999999999997,
    "pct3ResTime" : 6337.040000000003,
    "throughput" : 0.10881920920663592,
    "receivedKBytesPerSec" : 5.228185226171437,
    "sentKBytesPerSec" : 0.6590829162799224
  },
  "2.1 Open session" : {
    "transaction" : "2.1 Open session",
    "sampleCount" : 854,
    "errorCount" : 0,
    "errorPct" : 0.0,
    "meanResTime" : 419.11007025761165,
    "medianResTime" : 338.0,
    "minResTime" : 222.0,
    "maxResTime" : 4807.0,
    "pct1ResTime" : 646.0,
    "pct2ResTime" : 729.5,
    "pct3ResTime" : 1131.500000000005,
    "throughput" : 0.24022395398501722,
    "receivedKBytesPerSec" : 3.8931089067180005,
    "sentKBytesPerSec" : 0.157697239882324
  },
  "5.6 Consent questions" : {
    "transaction" : "5.6 Consent questions",
    "sampleCount" : 257,
    "errorCount" : 0,
    "errorPct" : 0.0,
    "meanResTime" : 114.63424124513615,
    "medianResTime" : 107.0,
    "minResTime" : 100.0,
    "maxResTime" : 1060.0,
    "pct1ResTime" : 120.20000000000002,
    "pct2ResTime" : 134.49999999999997,
    "pct3ResTime" : 257.0799999999991,
    "throughput" : 0.07403007637484223,
    "receivedKBytesPerSec" : 0.3535225326884555,
    "sentKBytesPerSec" : 0.12579329384006394
  },