{
  "4.3 Vaccination confirm" : {
    "transaction" : "4.3 Vaccination confirm",
    "sampleCount" : 618,
    "errorCount" : 0,
    "errorPct" : 0.0,
    "meanResTime" : 1729.9935275080895,
    "medianResTime" : 1524.5,
    "minResTime" : 1060.0,
    "maxResTime" : 9563.0,
    "pct1ResTime" : 2409.5000000000005,
    "pct2ResTime" : 2935.749999999999,
    "pct3ResTime" : 4337.239999999994,
    "throughput" : 0.3488732466720145,
    "receivedKBytesPerSec" : 140.549428768572,
    "sentKBytesPerSec" : 1.8097650823112232
  },
  "4.1 Vaccination questions" : {
    "transaction" : "4.1 Vaccination questions",
    "sampleCount" : 618,
    "errorCount" : 0,
    "errorPct" : 0.0,
    "meanResTime" : 1376.5372168284775,
    "medianResTime" : 1279.0,
    "minResTime" : 537.0,
    "maxResTime" : 5265.0,
    "pct1ResTime" : 1648.4,
    "pct2ResTime" : 1817.999999999999,
    "pct3ResTime" : 3134.719999999972,
    "throughput" : 0.3481558724262239,
    "receivedKBytesPerSec" : 137.21079843834767,
    "sentKBytesPerSec" : 1.7295864527578395
  },
  "Get Next Patient from STS" : {
    "transaction" : "Get Next Patient from STS",
    "sampleCount" : 688,
    "errorCount" : 0,
    "errorPct" : 0.0,
    "meanResTime" : 0.6584302325581392,
    "medianResTime" : 1.0,
    "minResTime" : 0.0,
    "maxResTime" : 2.0,
    "pct1ResTime" : 1.0,
    "pct2ResTime" : 1.0,
    "pct3ResTime" : 1.0,
    "throughput" : 0.3619330592181404,
    "receivedKBytesPerSec" : 0.14817477138508836,
    "sentKBytesPerSec" : 0.23112872382035074
  },
  "2.0 Register attendance" : {
    "transaction" : "2.0 Register attendance",
    "sampleCount" : 618,
    "errorCount" : 0,
    "errorPct" : 0.0,
    "meanResTime" : 4082.3527508090574,
    "medianResTime" : 3735.0,
    "minResTime" : 1938.0,
    "maxResTime" : 16666.0,
    "pct1ResTime" : 5376.4,
    "pct2ResTime" : 6680.199999999999,
    "pct3ResTime" : 12040.719999999988,
    "throughput" : 0.3488027543000663,
    "receivedKBytesPerSec" : 599.5754197106362,
    "sentKBytesPerSec" : 5.56561393235597
  },
  "1.0 Login" : {
    "transaction" : "1.0 Login",
    "sampleCount" : 688,
    "errorCount" : 0,
    "errorPct" : 0.0,
    "meanResTime" : 4198.319767441859,
    "medianResTime" : 4030.0,
    "minResTime" : 2368.0,
    "maxResTime" : 15089.0,
    "pct1ResTime" : 5141.5,
    "pct2ResTime" : 5569.75,
    "pct3ResTime" : 8386.210000000001,
    "throughput" : 0.3608646484821655,
    "receivedKBytesPerSec" : 599.1985894578481,
    "sentKBytesPerSec" : 5.9717646237055035
  },
  "4.0 Vaccination for menacwy" : {
    "transaction" : "4.0 Vaccination for menacwy",
    "sampleCount" : 171,
    "errorCount" : 0,
    "errorPct" : 0.0,
    "meanResTime" : 3927.7719298245624,
    "medianResTime" : 3759.0,
    "minResTime" : 3022.0,
    "maxResTime" : 7861.0,
    "pct1ResTime" : 4794.400000000001,
    "pct2ResTime" : 5146.800000000001,
    "pct3ResTime" : 7508.920000000001,
    "throughput" : 0.1001742798142968,
    "receivedKBytesPerSec" : 119.66824592492786,
    "sentKBytesPerSec" : 1.4665522802829483
  },
  "2.5 Select patient" : {
    "transaction" : "2.5 Select patient",
    "sampleCount" : 618,
    "errorCount" : 0,
    "errorPct" : 0.0,
    "meanResTime" : 540.4482200647246,
    "medianResTime" : 453.0,
    "minResTime" : 333.0,
    "maxResTime" : 12199.0,
    "pct1ResTime" : 710.4000000000001,
    "pct2ResTime" : 829.4999999999995,
    "pct3ResTime" : 1402.2199999999912,
    "throughput" : 0.34942319729010435,
    "receivedKBytesPerSec" : 141.8805474643071,
    "sentKBytesPerSec" : 1.2420720504059926
  },
  "2.3 Search by first/last name" : {
    "transaction" : "2.3 Search by first/last name",
    "sampleCount" : 618,
    "errorCount" : 0,
    "errorPct" : 0.0,
    "meanResTime" : 523.3592233009713,
    "medianResTime" : 476.5,
    "minResTime" : 329.0,
    "maxResTime" : 5261.0,
    "pct1ResTime" : 687.9000000000002,
    "pct2ResTime" : 793.1999999999998,
    "pct3ResTime" : 1286.7599999999893,
    "throughput" : 0.34960327382534995,
    "receivedKBytesPerSec" : 141.6475102452003,
    "sentKBytesPerSec" : 1.292726431054048
  },
  "4.0 Vaccination for flu" : {
    "transaction" : "4.0 Vaccination for flu",
    "sampleCount" : 144,
    "errorCount" : 0,
    "errorPct" : 0.0,
    "meanResTime" : 3979.590277777778,
    "medianResTime" : 3777.5,
    "minResTime" : 2856.0,
    "maxResTime" : 8413.0,
    "pct1ResTime" : 4983.5,
    "pct2ResTime" : 5886.5,
    "pct3ResTime" : 7434.700000000024,
    "throughput" : 0.09256039405016644,
    "receivedKBytesPerSec" : 110.41798984876822,
    "sentKBytesPerSec" : 1.3519243502774563
  },
  "4.0 Vaccination for hpv" : {
    "transaction" : "4.0 Vaccination for hpv",
    "sampleCount" : 130,
    "errorCount" : 0,
    "errorPct" : 0.0,
    "meanResTime" : 4093.7769230769245,
    "medianResTime" : 3901.5,
    "minResTime" : 3036.0,
    "maxResTime" : 12001.0,
    "pct1ResTime" : 5044.3,
    "pct2ResTime" : 5352.799999999999,
    "pct3ResTime" : 10151.229999999987,
    "throughput" : 0.09617226968775823,
    "receivedKBytesPerSec" : 114.52210273986474,
    "sentKBytesPerSec" : 1.406765076482847
  },
  "1.2 Sign-in page" : {
    "transaction" : "1.2 Sign-in page",
    "sampleCount" : 688,
    "errorCount" : 0,
    "errorPct" : 0.0,
    "meanResTime" : 763.0087209302325,
    "medianResTime" : 639.5,
    "minResTime" : 212.0,
    "maxResTime" : 5048.0,
    "pct1ResTime" : 1277.1,
    "pct2ResTime" : 1411.7499999999998,
    "pct3ResTime" : 2075.6300000000006,
    "throughput" : 0.3617334392595401,
    "receivedKBytesPerSec" : 144.93963778613352,
    "sentKBytesPerSec" : 1.5287919468501587
  },
  "Debug Sampler" : {
    "transaction" : "Debug Sampler",
    "sampleCount" : 618,
    "errorCount" : 0,
    "errorPct" : 0.0,
    "meanResTime" : 0.4627831715210359,
    "medianResTime" : 0.0,
    "minResTime" : 0.0,
    "maxResTime" : 3.0,
    "pct1ResTime" : 1.0,
    "pct2ResTime" : 1.0,
    "pct3ResTime" : 1.0,
    "throughput" : 0.3497682926553186,
    "receivedKBytesPerSec" : 2.035429696608549,
    "sentKBytesPerSec" : 0.0
  },
  "2.4 Patient attending session" : {
    "transaction" : "2.4 Patient attending session",
    "sampleCount" : 132,
    "errorCount" : 0,
    "errorPct" : 0.0,
    "meanResTime" : 1283.3863636363633,
    "medianResTime" : 1116.0,
    "minResTime" : 781.0,
    "maxResTime" : 9709.0,
    "pct1ResTime" : 1798.3000000000004,
    "pct2ResTime" : 2329.45,
    "pct3ResTime" : 7410.549999999913,
    "throughput" : 0.10977012306727661,
    "receivedKBytesPerSec" : 44.625865661119676,
    "sentKBytesPerSec" : 0.48078027534837464
  },
  "Total" : {
    "transaction" : "Total",
    "sampleCount" : 8516,
    "errorCount" : 0,
    "errorPct" : 0.0,
    "meanResTime" : 926.0604744011259,
    "medianResTime" : 766.0,
    "minResTime" : 0.0,
    "maxResTime" : 14211.0,
    "pct1ResTime" : 1794.0,
    "pct2ResTime" : 2205.1499999999996,
    "pct3ResTime" : 3410.2999999999993,
    "throughput" : 4.442823686781973,
    "receivedKBytesPerSec" : 1535.057960930241,
    "sentKBytesPerSec" : 15.824166276041463
  },
  "1.4 Open Sessions list" : {
    "transaction" : "1.4 Open Sessions list",
    "sampleCount" : 688,
    "errorCount" : 0,
    "errorPct" : 0.0,
    "meanResTime" : 1664.7732558139542,
    "medianResTime" : 1631.5,
    "minResTime" : 825.0,
    "maxResTime" : 5285.0,
    "pct1ResTime" : 2318.4,
    "pct2ResTime" : 2577.75,
    "pct3ResTime" : 3507.9700000000003,
    "throughput" : 0.3616697366539662,
    "receivedKBytesPerSec" : 165.74857815956364,
    "sentKBytesPerSec" : 1.2840715118452095
  },
  "4.2 Vaccination batch" : {
    "transaction" : "4.2 Vaccination batch",
    "sampleCount" : 618,
    "errorCount" : 0,
    "errorPct" : 0.0,
    "meanResTime" : 898.2508090614886,
    "medianResTime" : 845.0,
    "minResTime" : 526.0,
    "maxResTime" : 3142.0,
    "pct1ResTime" : 1137.4000000000003,
    "pct2ResTime" : 1308.1999999999998,
    "pct3ResTime" : 1767.5899999999979,
    "throughput" : 0.34855999038921964,