{
  "4.3 Vaccination confirm" : {
    "transaction" : "4.3 Vaccination confirm",
    "sampleCount" : 778,
    "errorCount" : 0,
    "errorPct" : 0.0,
    "meanResTime" : 2333.2724935732663,
    "medianResTime" : 1761.0,
    "minResTime" : 1238.0,
    "maxResTime" : 18768.0,
    "pct1ResTime" : 3717.6000000000013,
    "pct2ResTime" : 5394.849999999997,
    "pct3ResTime" : 9820.160000000014,
    "throughput" : 0.46683716023795496,
    "receivedKBytesPerSec" : 154.01609483739904,
    "sentKBytesPerSec" : 2.7853332359630825
  },
  "4.1 Vaccination questions" : {
    "transaction" : "4.1 Vaccination questions",
    "sampleCount" : 805,
    "errorCount" : 0,
    "errorPct" : 0.0,
    "meanResTime" : 1248.55155279503,
    "medianResTime" : 1073.0,
    "minResTime" : 365.0,
    "maxResTime" : 16241.0,
    "pct1ResTime" : 1568.9999999999995,
    "pct2ResTime" : 2145.1999999999975,
    "pct3ResTime" : 4531.099999999996,
    "throughput" : 0.46892511877494625,
    "receivedKBytesPerSec" : 149.93514438852455,
    "sentKBytesPerSec" : 2.6509526115488393
  },
  "2.0 Register attendance" : {
    "transaction" : "2.0 Register attendance",
    "sampleCount" : 830,
    "errorCount" : 27,
    "errorPct" : 3.253012,
    "meanResTime" : 3197.614457831322,
    "medianResTime" : 2884.0,
    "minResTime" : 1213.0,
    "maxResTime" : 20910.0,
    "pct1ResTime" : 4879.9,
    "pct2ResTime" : 6262.299999999999,
    "pct3ResTime" : 11727.939999999939,
    "throughput" : 0.46858662981204596,
    "receivedKBytesPerSec" : 710.3366216700003,
    "sentKBytesPerSec" : 9.12406952209527
  },
  "1.0 Login" : {
    "transaction" : "1.0 Login",
    "sampleCount" : 843,
    "errorCount" : 0,
    "errorPct" : 0.0,
    "meanResTime" : 3770.0806642941902,
    "medianResTime" : 3241.0,
    "minResTime" : 1697.0,
    "maxResTime" : 18629.0,
    "pct1ResTime" : 5188.800000000001,
    "pct2ResTime" : 7127.4,
    "pct3ResTime" : 14279.399999999994,
    "throughput" : 0.471213494928446,
    "receivedKBytesPerSec" : 644.7908150347988,
    "sentKBytesPerSec" : 8.93314247608857
  },
  "4.0 Vaccination for menacwy" : {
    "transaction" : "4.0 Vaccination for menacwy",
    "sampleCount" : 200,
    "errorCount" : 0,
    "errorPct" : 0.0,
    "meanResTime" : 4255.380000000001,
    "medianResTime" : 3616.5,
    "minResTime" : 1557.0,
    "maxResTime" : 15339.0,
    "pct1ResTime" : 5889.200000000001,
    "pct2ResTime" : 8877.05,
    "pct3ResTime" : 15060.480000000021,
    "throughput" : 0.11740968406815162,
    "receivedKBytesPerSec" : 111.12719621234892,
    "sentKBytesPerSec" : 1.9482898765848107
  },
  "2.5 Select patient" : {
    "transaction" : "2.5 Select patient",
    "sampleCount" : 823,
    "errorCount" : 0,
    "errorPct" : 0.0,
    "meanResTime" : 454.47630619684037,
    "medianResTime" : 341.0,
    "minResTime" : 247.0,
    "maxResTime" : 9888.0,
    "pct1ResTime" : 585.4000000000001,
    "pct2ResTime" : 956.1999999999996,
    "pct3ResTime" : 2382.8,
    "throughput" : 0.46768937015368967,
    "receivedKBytesPerSec" : 154.99776641743125,
    "sentKBytesPerSec" : 1.9227034811034742
  },
  "2.3 Search by first/last name" : {
    "transaction" : "2.3 Search by first/last name",
    "sampleCount" : 834,
    "errorCount" : 0,
    "errorPct" : 0.0,
    "meanResTime" : 462.53597122302176,
    "medianResTime" : 365.5,
    "minResTime" : 256.0,
    "maxResTime" : 9513.0,
    "pct1ResTime" : 622.5,
    "pct2ResTime" : 909.0,
    "pct3ResTime" : 1887.1499999999965,
    "throughput" : 0.47114411756232066,
    "receivedKBytesPerSec" : 154.37753954058647,
    "sentKBytesPerSec" : 2.0140790936718114
  },
  "4.0 Vaccination for flu" : {
    "transaction" : "4.0 Vaccination for flu",
    "sampleCount" : 199,
    "errorCount" : 0,
    "errorPct" : 0.0,
    "meanResTime" : 4169.386934673366,
    "medianResTime" : 3478.0,
    "minResTime" : 1467.0,
    "maxResTime" : 11846.0,
    "pct1ResTime" : 6399.0,
    "pct2ResTime" : 9293.0,
    "pct3ResTime" : 10904.0,
    "throughput" : 0.11694916648742297,
    "receivedKBytesPerSec" : 112.01435942655093,
    "sentKBytesPerSec" : 1.9368483270318888
  },
  "4.0 Vaccination for hpv" : {
    "transaction" : "4.0 Vaccination for hpv",
    "sampleCount" : 204,
    "errorCount" : 0,
    "errorPct" : 0.0,
    "meanResTime" : 4274.421568627452,
    "medianResTime" : 3518.0,
    "minResTime" : 1757.0,
    "maxResTime" : 21264.0,
    "pct1ResTime" : 6384.0,
    "pct2ResTime" : 9050.5,
    "pct3ResTime" : 13749.249999999984,
    "throughput" : 0.11903268439125576,
    "receivedKBytesPerSec" : 115.97652352445421,
    "sentKBytesPerSec" : 1.974666396679338
  },
  "1.2 Sign-in page" : {
    "transaction" : "1.2 Sign-in page",
    "sampleCount" : 846,
    "errorCount" : 0,
    "errorPct" : 0.0,
    "meanResTime" : 824.0981087470445,
    "medianResTime" : 562.0,
    "minResTime" : 289.0,
    "maxResTime" : 16017.0,
    "pct1ResTime" : 1345.1000000000004,
    "pct2ResTime" : 1836.3,
    "pct3ResTime" : 4327.449999999995,
    "throughput" : 0.47112677821122184,
    "receivedKBytesPerSec" : 154.83279052034868,
    "sentKBytesPerSec" : 2.2868436080807153
  },
  "2.4 Patient attending session" : {
    "transaction" : "2.4 Patient attending session",
    "sampleCount" : 477,
    "errorCount" : 27,
    "errorPct" : 5.6603775,
    "meanResTime" : 1754.566037735849,
    "medianResTime" : 1387.0,
    "minResTime" : 266.0,
    "maxResTime" : 16932.0,
    "pct1ResTime" : 2694.2,
    "pct2ResTime" : 3542.5999999999976,
    "pct3ResTime" : 7254.6799999999985,
    "throughput" : 0.30155976573168386,
    "receivedKBytesPerSec" : 98.38935964028724,
    "sentKBytesPerSec" : 1.5080933206171416
  },
  "Total" : {
    "transaction" : "Total",
    "sampleCount" : 9573,
    "errorCount" : 27,
    "errorPct" : 0.28204325,
    "meanResTime" : 971.5940666457742,
    "medianResTime" : 673.0,
    "minResTime" : 247.0,
    "maxResTime" : 18768.0,
    "pct1ResTime" : 1718.0,
    "pct2ResTime" : 2275.5999999999985,
    "pct3ResTime" : 5392.8200000000015,
    "throughput" : 5.31609761894581,
    "receivedKBytesPerSec" : 1771.4465317571999,
    "sentKBytesPerSec" : 25.31204205457066
  },
  "1.4 Open Sessions list" : {
    "transaction" : "1.4 Open Sessions list",
    "sampleCount" : 842,
    "errorCount" : 0,
    "errorPct" : 0.0,
    "meanResTime" : 1267.6579572446556,
    "medianResTime" : 1065.5,
    "minResTime" : 652.0,
    "maxResTime" : 14821.0,
    "pct1ResTime" : 1729.7,
    "pct2ResTime" : 2151.7999999999993,
    "pct3ResTime" : 4415.959999999992,
    "throughput" : 0.47157817388353024,
    "receivedKBytesPerSec" : 180.99069654357564,
    "sentKBytesPerSec" : 1.9372439784171775
  },
  "4.2 Vaccination batch" : {
    "transaction" : "4.2 Vaccination batch",
    "sampleCount" : 803,
    "errorCount" : 0,
    "errorPct" : 0.0,
    "meanResTime" : 788.1668742216688,
    "medianResTime" : 671.0,
    "minResTime" : 370.0,
    "maxResTime" : 7487.0,
    "pct1ResTime" : 1085.6000000000001,
    "pct2ResTime" : 1566.7999999999997,
    "pct3ResTime" : 4876.120000000025,
    "throughput" : 0.46897220332251915,
    "receivedKBytesPerSec" : 150.1642291296784,
    "sentKBytesPerSec" : 2.411900146845826
  },
  "1.1 Homepage" : {
    "transaction" : "1.1 Homepage",
    "sampleCount" : 848,
    "errorCount" : 0,
    "errorPct" : 0.0,
    "meanResTime" : 739.5648584905653,
    "medianResTime" : 563.0,
    "minResTime" : 351.0,
    "maxResTime" : 15782.0,
    "pct1ResTime" : 902.0,
    "pct2ResTime" : 1375.9499999999987,
    "pct3ResTime" : 5615.199999999998,
    "throughput" : 0.4714324709121162,
    "receivedKBytesPerSec" : 156.81970964113455,
    "sentKBytesPerSec" : 2.275126724404636
  },
  "1.3 Sign-in" : {
    "transaction" : "1.3 Sign-in",
    "sampleCount" : 844,
    "errorCount" : 0,
    "errorPct" : 0.0,
    "meanResTime" : 939.2985781990519,
    "medianResTime" : 745.5,
    "minResTime" : 349.0,
    "maxResTime" : 10164.0,
    "pct1ResTime" : 1313.0,
    "pct2ResTime" : 1736.75,
    "pct3ResTime" : 5743.849999999983,