{
  "4.3 Vaccination confirm" : {
    "transaction" : "4.3 Vaccination confirm",
    "sampleCount" : 678,
    "errorCount" : 0,
    "errorPct" : 0.0,
    "meanResTime" : 3061.0958702064886,
    "medianResTime" : 2561.5,
    "minResTime" : 1573.0,
    "maxResTime" : 19789.0,
    "pct1ResTime" : 4598.4,
    "pct2ResTime" : 6206.699999999995,
    "pct3ResTime" : 10576.90000000001,
    "throughput" : 0.41776499425111,
    "receivedKBytesPerSec" : 168.52229078361438,
    "sentKBytesPerSec" : 2.166910401424098
  },
  "4.1 Vaccination questions" : {
    "transaction" : "4.1 Vaccination questions",
    "sampleCount" : 693,
    "errorCount" : 0,
    "errorPct" : 0.0,
    "meanResTime" : 1518.2828282828273,
    "medianResTime" : 1228.0,
    "minResTime" : 648.0,
    "maxResTime" : 16292.0,
    "pct1ResTime" : 2106.0,
    "pct2ResTime" : 3328.799999999998,
    "pct3ResTime" : 7647.659999999991,
    "throughput" : 0.41382324910368157,
    "receivedKBytesPerSec" : 163.37786858950915,
    "sentKBytesPerSec" : 2.0558582870718154
  },
  "2.0 Register attendance" : {
    "transaction" : "2.0 Register attendance",
    "sampleCount" : 716,
    "errorCount" : 29,
    "errorPct" : 4.050279,
    "meanResTime" : 5586.502793296095,
    "medianResTime" : 4657.0,
    "minResTime" : 1765.0,
    "maxResTime" : 28371.0,
    "pct1ResTime" : 8777.800000000007,
    "pct2ResTime" : 11283.75,
    "pct3ResTime" : 21441.080000000045,
    "throughput" : 0.40839491103436276,
    "receivedKBytesPerSec" : 824.0452825370179,
    "sentKBytesPerSec" : 7.560952878086134
  },
  "1.0 Login" : {
    "transaction" : "1.0 Login",
    "sampleCount" : 737,
    "errorCount" : 2,
    "errorPct" : 0.2713704,
    "meanResTime" : 16991.263229307977,
    "medianResTime" : 15328.0,
    "minResTime" : 4398.0,
    "maxResTime" : 46483.0,
    "pct1ResTime" : 22058.2,
    "pct2ResTime" : 29467.4,
    "pct3ResTime" : 36489.32,
    "throughput" : 0.4096410721590808,
    "receivedKBytesPerSec" : 680.0181328791292,
    "sentKBytesPerSec" : 6.773302726107143
  },
  "4.0 Vaccination for menacwy" : {
    "transaction" : "4.0 Vaccination for menacwy",
    "sampleCount" : 166,
    "errorCount" : 0,
    "errorPct" : 0.0,
    "meanResTime" : 5796.096385542168,
    "medianResTime" : 4876.0,
    "minResTime" : 1585.0,
    "maxResTime" : 23734.0,
    "pct1ResTime" : 7980.9000000000015,
    "pct2ResTime" : 12161.300000000007,
    "pct3ResTime" : 19204.800000000083,
    "throughput" : 0.10199178904657338,
    "receivedKBytesPerSec" : 121.79798919117438,
    "sentKBytesPerSec" : 1.4899306916640758
  },
  "2.5 Select patient" : {
    "transaction" : "2.5 Select patient",
    "sampleCount" : 713,
    "errorCount" : 0,
    "errorPct" : 0.0,
    "meanResTime" : 1132.1669004207572,
    "medianResTime" : 981.0,
    "minResTime" : 395.0,
    "maxResTime" : 11967.0,
    "pct1ResTime" : 1623.6,
    "pct2ResTime" : 2150.0,
    "pct3ResTime" : 6325.8000000000275,
    "throughput" : 0.41369738703392317,
    "receivedKBytesPerSec" : 168.30168904614322,
    "sentKBytesPerSec" : 1.4704448066472409
  },
  "2.3 Search by first/last name" : {
    "transaction" : "2.3 Search by first/last name",
    "sampleCount" : 722,
    "errorCount" : 0,
    "errorPct" : 0.0,
    "meanResTime" : 752.7216066481991,
    "medianResTime" : 526.0,
    "minResTime" : 396.0,
    "maxResTime" : 11087.0,
    "pct1ResTime" : 1096.5000000000002,
    "pct2ResTime" : 1655.6000000000004,
    "pct3ResTime" : 5172.219999999998,
    "throughput" : 0.41100491270415046,
    "receivedKBytesPerSec" : 167.6442101746486,
    "sentKBytesPerSec" : 1.528251628969869
  },
  "4.0 Vaccination for flu" : {
    "transaction" : "4.0 Vaccination for flu",
    "sampleCount" : 177,
    "errorCount" : 0,
    "errorPct" : 0.0,
    "meanResTime" : 5788.316384180791,
    "medianResTime" : 4755.0,
    "minResTime" : 1894.0,
    "maxResTime" : 21388.0,
    "pct1ResTime" : 8591.800000000007,
    "pct2ResTime" : 12417.899999999996,
    "pct3ResTime" : 20022.999999999996,
    "throughput" : 0.10698820349277195,
    "receivedKBytesPerSec" : 126.89424394587304,
    "sentKBytesPerSec" : 1.5503715063364822
  },
  "4.0 Vaccination for hpv" : {
    "transaction" : "4.0 Vaccination for hpv",
    "sampleCount" : 178,
    "errorCount" : 0,
    "errorPct" : 0.0,
    "meanResTime" : 5832.095505617979,
    "medianResTime" : 4829.0,
    "minResTime" : 2237.0,
    "maxResTime" : 24328.0,
    "pct1ResTime" : 9094.6,
    "pct2ResTime" : 11186.499999999985,
    "pct3ResTime" : 19100.570000000054,
    "throughput" : 0.10801816404318057,
    "receivedKBytesPerSec" : 128.39291600533355,
    "sentKBytesPerSec" : 1.5742483502197684
  },
  "1.2 Sign-in page" : {
    "transaction" : "1.2 Sign-in page",
    "sampleCount" : 743,
    "errorCount" : 0,
    "errorPct" : 0.0,
    "meanResTime" : 1072.2018842530297,
    "medianResTime" : 780.0,
    "minResTime" : 240.0,
    "maxResTime" : 11639.0,
    "pct1ResTime" : 1659.0000000000002,
    "pct2ResTime" : 2563.7999999999965,
    "pct3ResTime" : 6346.759999999995,
    "throughput" : 0.4138270592769667,
    "receivedKBytesPerSec" : 166.07182598596526,
    "sentKBytesPerSec" : 1.7513503683784886
  },
  "2.4 Patient attending session" : {
    "transaction" : "2.4 Patient attending session",
    "sampleCount" : 681,
    "errorCount" : 29,
    "errorPct" : 4.2584434,
    "meanResTime" : 2165.1688693098386,
    "medianResTime" : 1662.0,
    "minResTime" : 536.0,
    "maxResTime" : 13908.0,
    "pct1ResTime" : 3724.4,
    "pct2ResTime" : 4989.999999999998,
    "pct3ResTime" : 7904.779999999986,
    "throughput" : 0.3907556732731726,
    "receivedKBytesPerSec" : 159.5277171595247,
    "sentKBytesPerSec" : 1.699536478813698
  },
  "Total" : {
    "transaction" : "Total",
    "sampleCount" : 8587,
    "errorCount" : 31,
    "errorPct" : 0.36101082,
    "meanResTime" : 2391.423314312338,
    "medianResTime" : 1019.0,
    "minResTime" : 240.0,
    "maxResTime" : 30193.0,
    "pct1ResTime" : 6035.999999999994,
    "pct2ResTime" : 12254.599999999999,
    "pct3ResTime" : 16429.76000000004,
    "throughput" : 4.742312450296015,
    "receivedKBytesPerSec" : 1936.4989161122717,
    "sentKBytesPerSec" : 19.68925808431867
  },
  "1.4 Open Sessions list" : {
    "transaction" : "1.4 Open Sessions list",
    "sampleCount" : 733,
    "errorCount" : 1,
    "errorPct" : 0.13642564,
    "meanResTime" : 13524.306957708059,
    "medianResTime" : 12405.0,
    "minResTime" : 10043.0,
    "maxResTime" : 30193.0,
    "pct1ResTime" : 16869.600000000002,
    "pct2ResTime" : 21005.199999999983,
    "pct3ResTime" : 27999.559999999998,
    "throughput" : 0.4083542710068468,
    "receivedKBytesPerSec" : 187.23422577990513,
    "sentKBytesPerSec" : 1.4483597932602046
  },
  "4.2 Vaccination batch" : {
    "transaction" : "4.2 Vaccination batch",
    "sampleCount" : 689,
    "errorCount" : 0,
    "errorPct" : 0.0,
    "meanResTime" : 1220.4513788098698,
    "medianResTime" : 982.0,
    "minResTime" : 632.0,
    "maxResTime" : 13031.0,
    "pct1ResTime" : 1686.0,
    "pct2ResTime" : 2302.0,
    "pct3ResTime" : 6485.100000000009,
    "throughput" : 0.4134351419870689,
    "receivedKBytesPerSec" : 164.31957146044914,
    "sentKBytesPerSec" : 1.8498054756529303
  },
  "1.1 Homepage" : {
    "transaction" : "1.1 Homepage",
    "sampleCount" : 744,
    "errorCount" : 1,
    "errorPct" : 0.13440861,
    "meanResTime" : 1168.8991935483857,
    "medianResTime" : 985.5,
    "minResTime" : 630.0,
    "maxResTime" : 12889.0,
    "pct1ResTime" : 1606.5,
    "pct2ResTime" : 2183.75,
    "pct3ResTime" : 5315.34999999999,
    "throughput" : 0.41342635426304253,
    "receivedKBytesPerSec" : 165.62907806600234,
    "sentKBytesPerSec" : 1.736420425498515
  },
  "1.3 Sign-in" : {
    "transaction" : "1.3 Sign-in",
    "sampleCount" : 739,
    "errorCount" : 0,
    "errorPct" : 0.0,
    "meanResTime" : 1300.6035182679313,
    "medianResTime" : 848.0,
    "minResTime" : 506.0,
    "maxResTime" : 18015.0,
    "pct1ResTime" : 2077.0,