{
  "4.3 Vaccination confirm" : {
    "transaction" : "4.3 Vaccination confirm",
    "sampleCount" : 1371,
    "errorCount" : 0,
    "errorPct" : 0.0,
    "meanResTime" : 2455.3406272793522,
    "medianResTime" : 1927.0,
    "minResTime" : 1194.0,
    "maxResTime" : 24884.0,
    "pct1ResTime" : 3594.0,
    "pct2ResTime" : 4743.2,
    "pct3ResTime" : 11897.839999999997,
    "throughput" : 0.39774004743289404,
    "receivedKBytesPerSec" : 145.78970680361041,
    "sentKBytesPerSec" : 2.0630943277257594
  },
  "4.1 Vaccination questions" : {
    "transaction" : "4.1 Vaccination questions",
    "sampleCount" : 1376,
    "errorCount" : 0,
    "errorPct" : 0.0,
    "meanResTime" : 1180.8997093023256,
    "medianResTime" : 996.0,
    "minResTime" : 412.0,
    "maxResTime" : 13833.0,
    "pct1ResTime" : 1455.6999999999996,
    "pct2ResTime" : 1854.2999999999997,
    "pct3ResTime" : 5171.960000000001,
    "throughput" : 0.3924488953675914,
    "receivedKBytesPerSec" : 142.8844864462348,
    "sentKBytesPerSec" : 1.9572864471759794
  },
  "2.0 Register attendance" : {
    "transaction" : "2.0 Register attendance",
    "sampleCount" : 1385,
    "errorCount" : 35,
    "errorPct" : 2.5270758,
    "meanResTime" : 3368.521299638988,
    "medianResTime" : 3073.0,
    "minResTime" : 1145.0,
    "maxResTime" : 28970.0,
    "pct1ResTime" : 4896.200000000001,
    "pct2ResTime" : 6203.000000000002,
    "pct3ResTime" : 12405.680000000026,
    "throughput" : 0.3903353530252117,
    "receivedKBytesPerSec" : 687.2108709989922,
    "sentKBytesPerSec" : 6.765495267659433
  },
  "1.0 Login" : {
    "transaction" : "1.0 Login",
    "sampleCount" : 1441,
    "errorCount" : 0,
    "errorPct" : 0.0,
    "meanResTime" : 3790.708535739068,
    "medianResTime" : 3499.0,
    "minResTime" : 1232.0,
    "maxResTime" : 21695.0,
    "pct1ResTime" : 4848.0,
    "pct2ResTime" : 5587.9,
    "pct3ResTime" : 9992.479999999989,
    "throughput" : 0.4015593096969746,
    "receivedKBytesPerSec" : 616.3363518518719,
    "sentKBytesPerSec" : 6.651418506606919
  },
  "4.0 Vaccination for menacwy" : {
    "transaction" : "4.0 Vaccination for menacwy",
    "sampleCount" : 329,
    "errorCount" : 0,
    "errorPct" : 0.0,
    "meanResTime" : 4428.373860182373,
    "medianResTime" : 3787.0,
    "minResTime" : 2734.0,
    "maxResTime" : 27003.0,
    "pct1ResTime" : 5593.0,
    "pct2ResTime" : 8576.0,
    "pct3ResTime" : 19644.6,
    "throughput" : 0.10724930312401898,
    "receivedKBytesPerSec" : 117.68254242948684,
    "sentKBytesPerSec" : 1.572413467802716
  },
  "2.5 Select patient" : {
    "transaction" : "2.5 Select patient",
    "sampleCount" : 1385,
    "errorCount" : 0,
    "errorPct" : 0.0,
    "meanResTime" : 450.36245487364585,
    "medianResTime" : 336.0,
    "minResTime" : 238.0,
    "maxResTime" : 9255.0,
    "pct1ResTime" : 667.4000000000005,
    "pct2ResTime" : 961.2000000000003,
    "pct3ResTime" : 2115.120000000001,
    "throughput" : 0.39011666882615725,
    "receivedKBytesPerSec" : 145.52829373514177,
    "sentKBytesPerSec" : 1.3866176889213908
  },
  "2.3 Search by first/last name" : {
    "transaction" : "2.3 Search by first/last name",
    "sampleCount" : 1386,
    "errorCount" : 0,
    "errorPct" : 0.0,
    "meanResTime" : 438.3037518037516,
    "medianResTime" : 356.5,
    "minResTime" : 235.0,
    "maxResTime" : 5896.0,
    "pct1ResTime" : 620.8999999999999,
    "pct2ResTime" : 907.1999999999989,
    "pct3ResTime" : 1624.5099999999968,
    "throughput" : 0.388314153434521,
    "receivedKBytesPerSec" : 146.8242888743162,
    "sentKBytesPerSec" : 1.443741748149134
  },
  "4.0 Vaccination for flu" : {
    "transaction" : "4.0 Vaccination for flu",
    "sampleCount" : 330,
    "errorCount" : 0,
    "errorPct" : 0.0,
    "meanResTime" : 4444.981818181824,
    "medianResTime" : 3770.5,
    "minResTime" : 2600.0,
    "maxResTime" : 19554.0,
    "pct1ResTime" : 6002.600000000007,
    "pct2ResTime" : 8098.449999999995,
    "pct3ResTime" : 18048.899999999998,
    "throughput" : 0.10699455851613461,
    "receivedKBytesPerSec" : 119.82828699391575,
    "sentKBytesPerSec" : 1.565314686397328
  },
  "4.0 Vaccination for hpv" : {
    "transaction" : "4.0 Vaccination for hpv",
    "sampleCount" : 381,
    "errorCount" : 0,
    "errorPct" : 0.0,
    "meanResTime" : 4198.5091863517055,
    "medianResTime" : 3528.0,
    "minResTime" : 1550.0,
    "maxResTime" : 26410.0,
    "pct1ResTime" : 5725.8,
    "pct2ResTime" : 7700.299999999999,
    "pct3ResTime" : 18463.70000000002,
    "throughput" : 0.10935203894195444,
    "receivedKBytesPerSec" : 116.08651110041589,
    "sentKBytesPerSec" : 1.599480140568315
  },
  "1.2 Sign-in page" : {
    "transaction" : "1.2 Sign-in page",
    "sampleCount" : 1441,
    "errorCount" : 0,
    "errorPct" : 0.0,
    "meanResTime" : 725.8646773074261,
    "medianResTime" : 535.0,
    "minResTime" : 178.0,
    "maxResTime" : 11506.0,
    "pct1ResTime" : 1174.8,
    "pct2ResTime" : 1519.3999999999978,
    "pct3ResTime" : 2748.6399999999885,
    "throughput" : 0.40174145581513093,
    "receivedKBytesPerSec" : 148.37052911472045,
    "sentKBytesPerSec" : 1.7148425781960053
  },
  "2.4 Patient attending session" : {
    "transaction" : "2.4 Patient attending session",
    "sampleCount" : 931,
    "errorCount" : 35,
    "errorPct" : 3.7593985,
    "meanResTime" : 1926.1825993555303,
    "medianResTime" : 1495.0,
    "minResTime" : 379.0,
    "maxResTime" : 24004.0,
    "pct1ResTime" : 2798.0,
    "pct2ResTime" : 3928.9999999999995,
    "pct3ResTime" : 10780.439999999962,
    "throughput" : 0.2623390954006969,
    "receivedKBytesPerSec" : 99.35238591120005,
    "sentKBytesPerSec" : 1.1419451775572145
  },
  "Total" : {
    "transaction" : "Total",
    "sampleCount" : 16358,
    "errorCount" : 35,
    "errorPct" : 0.21396258,
    "meanResTime" : 990.0537963076162,
    "medianResTime" : 665.0,
    "minResTime" : 178.0,
    "maxResTime" : 24884.0,
    "pct1ResTime" : 1863.0,
    "pct2ResTime" : 2354.0,
    "pct3ResTime" : 4736.049999999999,
    "throughput" : 4.54345095070003,
    "receivedKBytesPerSec" : 1710.2929728240429,
    "sentKBytesPerSec" : 18.88968640557424
  },
  "1.4 Open Sessions list" : {
    "transaction" : "1.4 Open Sessions list",
    "sampleCount" : 1440,
    "errorCount" : 0,
    "errorPct" : 0.0,
    "meanResTime" : 1557.0263888888921,
    "medianResTime" : 1468.0,
    "minResTime" : 632.0,
    "maxResTime" : 9308.0,
    "pct1ResTime" : 2109.9,
    "pct2ResTime" : 2373.2000000000007,
    "pct3ResTime" : 3267.3099999999995,
    "throughput" : 0.40211377809351156,
    "receivedKBytesPerSec" : 171.36096106309947,
    "sentKBytesPerSec" : 1.4287697896177014
  },
  "4.2 Vaccination batch" : {
    "transaction" : "4.2 Vaccination batch",
    "sampleCount" : 1373,
    "errorCount" : 0,
    "errorPct" : 0.0,
    "meanResTime" : 782.3058994901686,
    "medianResTime" : 625.0,
    "minResTime" : 348.0,
    "maxResTime" : 10374.0,
    "pct1ResTime" : 1007.0000000000007,
    "pct2ResTime" : 1462.3999999999992,
    "pct3ResTime" : 5471.599999999998,
    "throughput" : 0.39425575396603196,
    "receivedKBytesPerSec" : 144.48315504468255,
    "sentKBytesPerSec" : 1.7650252150136783
  },
  "1.1 Homepage" : {
    "transaction" : "1.1 Homepage",
    "sampleCount" : 1441,
    "errorCount" : 0,
    "errorPct" : 0.0,
    "meanResTime" : 687.6287300485759,
    "medianResTime" : 546.0,
    "minResTime" : 334.0,
    "maxResTime" : 13599.0,
    "pct1ResTime" : 952.8,
    "pct2ResTime" : 1287.0999999999988,
    "pct3ResTime" : 3309.639999999985,
    "throughput" : 0.4016484029528544,
    "receivedKBytesPerSec" : 147.97990574476023,
    "sentKBytesPerSec" : 1.706467852797672
  },
  "1.3 Sign-in" : {
    "transaction" : "1.3 Sign-in",
    "sampleCount" : 1441,
    "errorCount" : 0,
    "errorPct" : 0.0,
    "meanResTime" : 821.2692574600982,
    "medianResTime" : 723.0,
    "minResTime" : 332.0,
    "maxResTime" : 10400.0,
    "pct1ResTime" : 1229.8,
    "pct2ResTime" : 1481.299999999999,