{
  "2.0 Register attendance" : {
    "transaction" : "2.0 Register attendance",
    "sampleCount" : 68,
    "errorCount" : 0,
    "errorPct" : 0.0,
    "meanResTime" : 3468.970588235295,
    "medianResTime" : 3457.0,
    "minResTime" : 2214.0,
    "maxResTime" : 6030.0,
    "pct1ResTime" : 4232.2,
    "pct2ResTime" : 4716.5999999999985,
    "pct3ResTime" : 6030.0,
    "throughput" : 0.13392707670673318,
    "receivedKBytesPerSec" : 27.490475082916618,
    "sentKBytesPerSec" : 0.5649221505783484
  },
  "2.5 Select patient" : {
    "transaction" : "2.5 Select patient",
    "sampleCount" : 62,
    "errorCount" : 0,
    "errorPct" : 0.0,
    "meanResTime" : 271.8870967741936,
    "medianResTime" : 252.0,
    "minResTime" : 238.0,
    "maxResTime" : 779.0,
    "pct1ResTime" : 312.1,
    "pct2ResTime" : 359.3499999999998,
    "pct3ResTime" : 779.0,
    "throughput" : 0.12486204757646793,
    "receivedKBytesPerSec" : 3.476275597349098,
    "sentKBytesPerSec" : 0.08657427126884007
  },
  "1.4 Select Organisations" : {
    "transaction" : "1.4 Select Organisations",
    "sampleCount" : 35,
    "errorCount" : 0,
    "errorPct" : 0.0,
    "meanResTime" : 356.5714285714286,
    "medianResTime" : 348.0,
    "minResTime" : 342.0,
    "maxResTime" : 526.0,
    "pct1ResTime" : 372.4,
    "pct2ResTime" : 409.19999999999936,
    "pct3ResTime" : 526.0,
    "throughput" : 0.518756762364938,
    "receivedKBytesPerSec" : 7.453075671790008,
    "sentKBytesPerSec" : 0.7497656331055744
  },
  "2.5 Select menacwy" : {
    "transaction" : "2.5 Select menacwy",
    "sampleCount" : 27,
    "errorCount" : 0,
    "errorPct" : 0.0,
    "meanResTime" : 353.85185185185185,
    "medianResTime" : 253.0,
    "minResTime" : 240.0,
    "maxResTime" : 706.0,
    "pct1ResTime" : 690.6,
    "pct2ResTime" : 700.8,
    "pct3ResTime" : 706.0,
    "throughput" : 0.09732289935730841,
    "receivedKBytesPerSec" : 2.462774835812664,
    "sentKBytesPerSec" : 0.06785991224718574
  },
  "2.3 Search by first/last name" : {
    "transaction" : "2.3 Search by first/last name",
    "sampleCount" : 70,
    "errorCount" : 0,
    "errorPct" : 0.0,
    "meanResTime" : 487.42857142857144,
    "medianResTime" : 392.5,
    "minResTime" : 353.0,
    "maxResTime" : 1587.0,
    "pct1ResTime" : 840.1999999999999,
    "pct2ResTime" : 997.7500000000001,
    "pct3ResTime" : 1587.0,
    "throughput" : 0.13555015936825882,
    "receivedKBytesPerSec" : 5.520153540207082,
    "sentKBytesPerSec" : 0.11693659604987472
  },
  "2.5 Select td_ipv" : {
    "transaction" : "2.5 Select td_ipv",
    "sampleCount" : 24,
    "errorCount" : 0,
    "errorPct" : 0.0,
    "meanResTime" : 341.37499999999994,
    "medianResTime" : 261.0,
    "minResTime" : 244.0,
    "maxResTime" : 762.0,
    "pct1ResTime" : 706.5,
    "pct2ResTime" : 748.75,
    "pct3ResTime" : 762.0,
    "throughput" : 0.22470226949292185,
    "receivedKBytesPerSec" : 5.759568279061493,
    "sentKBytesPerSec" : 0.15645773256684892
  },
  "4.0 Vaccination for flu" : {
    "transaction" : "4.0 Vaccination for flu",
    "sampleCount" : 46,
    "errorCount" : 0,
    "errorPct" : 0.0,
    "meanResTime" : 1905.45652173913,
    "medianResTime" : 1870.5,
    "minResTime" : 1805.0,
    "maxResTime" : 2222.0,
    "pct1ResTime" : 2073.1,
    "pct2ResTime" : 2174.7999999999997,
    "pct3ResTime" : 2222.0,
    "throughput" : 0.12399891096608628,
    "receivedKBytesPerSec" : 6.785847246988309,
    "sentKBytesPerSec" : 0.7473577365211835
  },
  "4.0 Vaccination for hpv" : {
    "transaction" : "4.0 Vaccination for hpv",
    "sampleCount" : 44,
    "errorCount" : 0,
    "errorPct" : 0.0,
    "meanResTime" : 1915.8636363636365,
    "medianResTime" : 1970.5,
    "minResTime" : 812.0,
    "maxResTime" : 2592.0,
    "pct1ResTime" : 2180.5,
    "pct2ResTime" : 2402.0,
    "pct3ResTime" : 2592.0,
    "throughput" : 0.13570780875068625,
    "receivedKBytesPerSec" : 6.872789085583821,
    "sentKBytesPerSec" : 0.807277128839143
  },
  "Select Organisations" : {
    "transaction" : "Select Organisations",
    "sampleCount" : 1,
    "errorCount" : 0,
    "errorPct" : 0.0,
    "meanResTime" : 0.0,
    "medianResTime" : 0.0,
    "minResTime" : 0.0,
    "maxResTime" : 0.0,
    "pct1ResTime" : 0.0,
    "pct2ResTime" : 0.0,
    "pct3ResTime" : 0.0,
    "throughput" : "Infinity",
    "receivedKBytesPerSec" : "NaN",
    "sentKBytesPerSec" : "NaN"
  },
  "1.2 Sign-in page" : {
    "transaction" : "1.2 Sign-in page",
    "sampleCount" : 35,
    "errorCount" : 0,
    "errorPct" : 0.0,
    "meanResTime" : 157.28571428571433,
    "medianResTime" : 158.0,
    "minResTime" : 155.0,
    "maxResTime" : 159.0,
    "pct1ResTime" : 158.0,
    "pct2ResTime" : 158.2,
    "pct3ResTime" : 159.0,
    "throughput" : 0.5981781203534379,
    "receivedKBytesPerSec" : 3.604840996778383,
    "sentKBytesPerSec" : 0.36042568384577256
  },
  "2.4 Patient attending session" : {
    "transaction" : "2.4 Patient attending session",
    "sampleCount" : 65,
    "errorCount" : 0,
    "errorPct" : 0.0,
    "meanResTime" : 713.8000000000001,
    "medianResTime" : 661.0,
    "minResTime" : 616.0,
    "maxResTime" : 1471.0,
    "pct1ResTime" : 896.8,
    "pct2ResTime" : 1058.9999999999998,
    "pct3ResTime" : 1471.0,
    "throughput" : 0.1286209264268513,
    "receivedKBytesPerSec" : 4.901572294978243,
    "sentKBytesPerSec" : 0.19117290041178484
  },
  "Logout" : {
    "transaction" : "Logout",
    "sampleCount" : 1,
    "errorCount" : 0,
    "errorPct" : 0.0,
    "meanResTime" : 481.0,
    "medianResTime" : 481.0,
    "minResTime" : 481.0,
    "maxResTime" : 481.0,
    "pct1ResTime" : 481.0,
    "pct2ResTime" : 481.0,
    "pct3ResTime" : 481.0,
    "throughput" : 2.079002079002079,
    "receivedKBytesPerSec" : 13.038429054054054,
    "sentKBytesPerSec" : 4.395546387733888
  },
  "1.1 Homepage" : {
    "transaction" : "1.1 Homepage",
    "sampleCount" : 35,
    "errorCount" : 0,
    "errorPct" : 0.0,
    "meanResTime" : 469.8285714285715,
    "medianResTime" : 468.0,
    "minResTime" : 462.0,
    "maxResTime" : 511.0,
    "pct1ResTime" : 479.2,
    "pct2ResTime" : 490.1999999999999,
    "pct3ResTime" : 511.0,
    "throughput" : 0.5981167865748415,
    "receivedKBytesPerSec" : 3.0869601728984737,
    "sentKBytesPerSec" : 0.32417462553616894
  },
  "1.3 Sign-in" : {
    "transaction" : "1.3 Sign-in",
    "sampleCount" : 35,
    "errorCount" : 0,
    "errorPct" : 0.0,
    "meanResTime" : 661.1142857142856,
    "medianResTime" : 585.0,
    "minResTime" : 570.0,
    "maxResTime" : 2384.0,
    "pct1ResTime" : 730.8,
    "pct2ResTime" : 1098.3999999999933,
    "pct3ResTime" : 2384.0,
    "throughput" : 0.5245331654827204,
    "receivedKBytesPerSec" : 5.090123110743938,
    "sentKBytesPerSec" : 0.8252177046803345
  },
  "4.0 Vaccination for td_ipv" : {
    "transaction" : "4.0 Vaccination for td_ipv",
    "sampleCount" : 24,
    "errorCount" : 0,
    "errorPct" : 0.0,
    "meanResTime" : 2041.75,
    "medianResTime" : 2026.0,
    "minResTime" : 1092.0,
    "maxResTime" : 2826.0,
    "pct1ResTime" : 2602.0,
    "pct2ResTime" : 2807.5,
    "pct3ResTime" : 2826.0,
    "throughput" : 0.22299237180261458,
    "receivedKBytesPerSec" : 12.450543529388536,
    "sentKBytesPerSec" : 1.3415564432019846
  },
  "2.1 Open session" : {
    "transaction" : "2.1 Open session",
    "sampleCount" : 72,
    "errorCount" : 0,
    "errorPct" : 0.0,
    "meanResTime" : 1187.2638888888885,
    "medianResTime" : 1165.0,
    "minResTime" : 698.0,
    "maxResTime" : 2670.0,
    "pct1ResTime" : 1572.9000000000003,
    "pct2ResTime" : 1841.4999999999995,
    "pct3ResTime" : 2670.0,
    "throughput" : 0.1351671003277802,
    "receivedKBytesPerSec" : 2.356813146385031,
    "sentKBytesPerSec" : 0.08569859625680998
  },
  "4.3 Vaccination confirm" : {
    "transaction" : "4.3 Vaccination confirm",
    "sampleCount" : 134,
    "errorCount" : 0,
    "errorPct" : 0.0,
    "meanResTime" : 981.0746268656716,
    "medianResTime" : 826.5,
    "minResTime" : 738.0,