{
  "4.3 Vaccination confirm" : {
    "transaction" : "4.3 Vaccination confirm",
    "sampleCount" : 495,
    "errorCount" : 0,
    "errorPct" : 0.0,
    "meanResTime" : 2093.131313131313,
    "medianResTime" : 1952.0,
    "minResTime" : 1335.0,
    "maxResTime" : 5205.0,
    "pct1ResTime" : 2788.4,
    "pct2ResTime" : 3190.6,
    "pct3ResTime" : 4404.200000000011,
    "throughput" : 0.4651057904261497,
    "receivedKBytesPerSec" : 181.9900920648137,
    "sentKBytesPerSec" : 2.4125564410574722
  },
  "4.1 Vaccination questions" : {
    "transaction" : "4.1 Vaccination questions",
    "sampleCount" : 518,
    "errorCount" : 0,
    "errorPct" : 0.0,
    "meanResTime" : 1901.6119691119707,
    "medianResTime" : 1812.0,
    "minResTime" : 857.0,
    "maxResTime" : 3459.0,
    "pct1ResTime" : 2229.0,
    "pct2ResTime" : 2431.6999999999994,
    "pct3ResTime" : 3027.43,
    "throughput" : 0.46265573322448716,
    "receivedKBytesPerSec" : 177.02665037695724,
    "sentKBytesPerSec" : 2.2975611824247983
  },
  "Get Next Patient from STS" : {
    "transaction" : "Get Next Patient from STS",
    "sampleCount" : 557,
    "errorCount" : 0,
    "errorPct" : 0.0,
    "meanResTime" : 0.6750448833034118,
    "medianResTime" : 1.0,
    "minResTime" : 0.0,
    "maxResTime" : 2.0,
    "pct1ResTime" : 1.0,
    "pct2ResTime" : 1.0,
    "pct3ResTime" : 1.0,
    "throughput" : 0.4702207589379933,
    "receivedKBytesPerSec" : 0.19789292347304885,
    "sentKBytesPerSec" : 0.3001774473956355
  },
  "2.0 Register attendance" : {
    "transaction" : "2.0 Register attendance",
    "sampleCount" : 546,
    "errorCount" : 4,
    "errorPct" : 0.73260075,
    "meanResTime" : 3362.4926739926764,
    "medianResTime" : 3167.0,
    "minResTime" : 1991.0,
    "maxResTime" : 6829.0,
    "pct1ResTime" : 4689.5,
    "pct2ResTime" : 5108.599999999999,
    "pct3ResTime" : 5904.079999999999,
    "throughput" : 0.4705874241113137,
    "receivedKBytesPerSec" : 783.4237061216012,
    "sentKBytesPerSec" : 7.421128260283111
  },
  "1.0 Login" : {
    "transaction" : "1.0 Login",
    "sampleCount" : 559,
    "errorCount" : 0,
    "errorPct" : 0.0,
    "meanResTime" : 4927.38103756709,
    "medianResTime" : 4826.0,
    "minResTime" : 2552.0,
    "maxResTime" : 8577.0,
    "pct1ResTime" : 5712.0,
    "pct2ResTime" : 6058.0,
    "pct3ResTime" : 7044.4,
    "throughput" : 0.4688523517684289,
    "receivedKBytesPerSec" : 755.9145709104585,
    "sentKBytesPerSec" : 7.737721614512784
  },
  "4.0 Vaccination for menacwy" : {
    "transaction" : "4.0 Vaccination for menacwy",
    "sampleCount" : 126,
    "errorCount" : 0,
    "errorPct" : 0.0,
    "meanResTime" : 5145.238095238096,
    "medianResTime" : 5028.5,
    "minResTime" : 2639.0,
    "maxResTime" : 8922.0,
    "pct1ResTime" : 6157.5,
    "pct2ResTime" : 6855.799999999996,
    "pct3ResTime" : 8666.850000000004,
    "throughput" : 0.11482217598958946,
    "receivedKBytesPerSec" : 131.4333595100556,
    "sentKBytesPerSec" : 1.656979827065045
  },
  "2.5 Select patient" : {
    "transaction" : "2.5 Select patient",
    "sampleCount" : 546,
    "errorCount" : 0,
    "errorPct" : 0.0,
    "meanResTime" : 617.8534798534804,
    "medianResTime" : 558.0,
    "minResTime" : 438.0,
    "maxResTime" : 2050.0,
    "pct1ResTime" : 847.1000000000001,
    "pct2ResTime" : 1006.9499999999999,
    "pct3ResTime" : 1552.0399999999954,
    "throughput" : 0.4707602692127957,
    "receivedKBytesPerSec" : 185.6257796158648,
    "sentKBytesPerSec" : 1.6732700839932024
  },
  "2.3 Search by first/last name" : {
    "transaction" : "2.3 Search by first/last name",
    "sampleCount" : 547,
    "errorCount" : 0,
    "errorPct" : 0.0,
    "meanResTime" : 624.936014625229,
    "medianResTime" : 591.0,
    "minResTime" : 437.0,
    "maxResTime" : 2086.0,
    "pct1ResTime" : 812.8,
    "pct2ResTime" : 966.4000000000002,
    "pct3ResTime" : 1308.3199999999983,
    "throughput" : 0.47087869235179375,
    "receivedKBytesPerSec" : 185.605761737749,
    "sentKBytesPerSec" : 1.7411325759711551
  },
  "4.0 Vaccination for flu" : {
    "transaction" : "4.0 Vaccination for flu",
    "sampleCount" : 131,
    "errorCount" : 0,
    "errorPct" : 0.0,
    "meanResTime" : 5038.511450381679,
    "medianResTime" : 4942.0,
    "minResTime" : 2717.0,
    "maxResTime" : 8178.0,
    "pct1ResTime" : 5848.6,
    "pct2ResTime" : 6188.599999999999,
    "pct3ResTime" : 7866.960000000006,
    "throughput" : 0.11869382429689765,
    "receivedKBytesPerSec" : 135.76001316334896,
    "sentKBytesPerSec" : 1.7099594509957596
  },
  "4.0 Vaccination for hpv" : {
    "transaction" : "4.0 Vaccination for hpv",
    "sampleCount" : 132,
    "errorCount" : 0,
    "errorPct" : 0.0,
    "meanResTime" : 5065.681818181817,
    "medianResTime" : 4970.0,
    "minResTime" : 2733.0,
    "maxResTime" : 8396.0,
    "pct1ResTime" : 5770.0,
    "pct2ResTime" : 6243.149999999999,
    "pct3ResTime" : 7868.98999999998,
    "throughput" : 0.11979634621144056,
    "receivedKBytesPerSec" : 137.14492624612024,
    "sentKBytesPerSec" : 1.7335090006080573
  },
  "1.2 Sign-in page" : {
    "transaction" : "1.2 Sign-in page",
    "sampleCount" : 564,
    "errorCount" : 0,
    "errorPct" : 0.0,
    "meanResTime" : 1165.847517730496,
    "medianResTime" : 942.0,
    "minResTime" : 303.0,
    "maxResTime" : 4083.0,
    "pct1ResTime" : 1895.5,
    "pct2ResTime" : 1998.25,
    "pct3ResTime" : 2694.9500000000025,
    "throughput" : 0.47147571900047147,
    "receivedKBytesPerSec" : 183.30572282389716,
    "sentKBytesPerSec" : 1.9840722881891153
  },
  "Debug Sampler" : {
    "transaction" : "Debug Sampler",
    "sampleCount" : 546,
    "errorCount" : 0,
    "errorPct" : 0.0,
    "meanResTime" : 0.5054945054945056,
    "medianResTime" : 0.5,
    "minResTime" : 0.0,
    "maxResTime" : 4.0,
    "pct1ResTime" : 1.0,
    "pct2ResTime" : 1.0,
    "pct3ResTime" : 1.0,
    "throughput" : 0.47177840585558223,
    "receivedKBytesPerSec" : 2.9694673073117874,
    "sentKBytesPerSec" : 0.0
  },
  "2.4 Patient attending session" : {
    "transaction" : "2.4 Patient attending session",
    "sampleCount" : 96,
    "errorCount" : 4,
    "errorPct" : 4.1666665,
    "meanResTime" : 1418.989583333333,
    "medianResTime" : 1288.0,
    "minResTime" : 555.0,
    "maxResTime" : 2748.0,
    "pct1ResTime" : 2014.0999999999995,
    "pct2ResTime" : 2282.1999999999994,
    "pct3ResTime" : 2748.0,
    "throughput" : 0.12832937873876282,
    "receivedKBytesPerSec" : 50.59522696796778,
    "sentKBytesPerSec" : 0.5582348862079337
  },
  "Total" : {
    "transaction" : "Total",
    "sampleCount" : 7168,
    "errorCount" : 4,
    "errorPct" : 0.05580357,
    "meanResTime" : 1011.2576729910679,
    "medianResTime" : 944.0,
    "minResTime" : 0.0,
    "maxResTime" : 5205.0,
    "pct1ResTime" : 1901.0,
    "pct2ResTime" : 2110.0,
    "pct3ResTime" : 2760.9299999999985,
    "throughput" : 5.965419210514051,
    "receivedKBytesPerSec" : 2005.2643148371076,
    "sentKBytesPerSec" : 21.118318480035235
  },
  "1.4 Open Sessions list" : {
    "transaction" : "1.4 Open Sessions list",
    "sampleCount" : 557,
    "errorCount" : 0,
    "errorPct" : 0.0,
    "meanResTime" : 1350.1256732495508,
    "medianResTime" : 1197.0,
    "minResTime" : 650.0,
    "maxResTime" : 3037.0,
    "pct1ResTime" : 2097.8,
    "pct2ResTime" : 2225.9000000000005,
    "pct3ResTime" : 2574.879999999999,
    "throughput" : 0.46981264006869217,
    "receivedKBytesPerSec" : 209.9631227785116,
    "sentKBytesPerSec" : 1.6674399900280792
  },
  "4.2 Vaccination batch" : {
    "transaction" : "4.2 Vaccination batch",
    "sampleCount" : 514,
    "errorCount" : 0,
    "errorPct" : 0.0,
    "meanResTime" : 1188.7529182879362,
    "medianResTime" : 1173.0,
    "minResTime" : 717.0,
    "maxResTime" : 2314.0,
    "pct1ResTime" : 1468.0,
    "pct2ResTime" : 1617.75,
    "pct3ResTime" : 2102.050000000001,
    "throughput" : 0.4640220419497592,
    "receivedKBytesPerSec" : 178.7750356931352,