{
  "1.2 Sign-in page" : {
    "transaction" : "1.2 Sign-in page",
    "sampleCount" : 120,
    "errorCount" : 0,
    "errorPct" : 0.0,
    "meanResTime" : 19.066666666666674,
    "medianResTime" : 16.0,
    "minResTime" : 13.0,
    "maxResTime" : 93.0,
    "pct1ResTime" : 26.0,
    "pct2ResTime" : 28.0,
    "pct3ResTime" : 87.11999999999978,
    "throughput" : 0.40661701421126467,
    "receivedKBytesPerSec" : 157.82855290087355,
    "sentKBytesPerSec" : 1.4465876784879268
  },
  "2.0 Register attendance" : {
    "transaction" : "2.0 Register attendance",
    "sampleCount" : 113,
    "errorCount" : 0,
    "errorPct" : 0.0,
    "meanResTime" : 133.37168141592917,
    "medianResTime" : 113.0,
    "minResTime" : 90.0,
    "maxResTime" : 577.0,
    "pct1ResTime" : 161.8,
    "pct2ResTime" : 243.7999999999998,
    "pct3ResTime" : 567.76,
    "throughput" : 0.41164556224226617,
    "receivedKBytesPerSec" : 482.1836825167664,
    "sentKBytesPerSec" : 5.376718159170225
  },
  "1.0 Login" : {
    "transaction" : "1.0 Login",
    "sampleCount" : 118,
    "errorCount" : 0,
    "errorPct" : 0.0,
    "meanResTime" : 107.66949152542377,
    "medianResTime" : 94.0,
    "minResTime" : 70.0,
    "maxResTime" : 433.0,
    "pct1ResTime" : 144.50000000000006,
    "pct2ResTime" : 172.64999999999998,
    "pct3ResTime" : 409.4400000000003,
    "throughput" : 0.4101123986014472,
    "receivedKBytesPerSec" : 638.1453052339726,
    "sentKBytesPerSec" : 6.194933232919514
  },
  "Total" : {
    "transaction" : "Total",
    "sampleCount" : 824,
    "errorCount" : 0,
    "errorPct" : 0.0,
    "meanResTime" : 33.90412621359222,
    "medianResTime" : 31.0,
    "minResTime" : 12.0,
    "maxResTime" : 502.0,
    "pct1ResTime" : 48.0,
    "pct2ResTime" : 57.75,
    "pct3ResTime" : 204.25,
    "throughput" : 2.7489482937504794,
    "receivedKBytesPerSec" : 1071.0210829154867,
    "sentKBytesPerSec" : 11.039791281972372
  },
  "1.4 Open Sessions list" : {
    "transaction" : "1.4 Open Sessions list",
    "sampleCount" : 118,
    "errorCount" : 0,
    "errorPct" : 0.0,
    "meanResTime" : 45.11864406779664,
    "medianResTime" : 37.0,
    "minResTime" : 28.0,
    "maxResTime" : 379.0,
    "pct1ResTime" : 57.0,
    "pct2ResTime" : 65.1,
    "pct3ResTime" : 356.77000000000027,
    "throughput" : 0.413908736631274,
    "receivedKBytesPerSec" : 161.61155547473228,
    "sentKBytesPerSec" : 1.7619415849372297
  },
  "2.3 Search by first/last name" : {
    "transaction" : "2.3 Search by first/last name",
    "sampleCount" : 113,
    "errorCount" : 0,
    "errorPct" : 0.0,
    "meanResTime" : 44.690265486725664,
    "medianResTime" : 36.0,
    "minResTime" : 28.0,
    "maxResTime" : 502.0,
    "pct1ResTime" : 52.60000000000001,
    "pct2ResTime" : 69.89999999999999,
    "pct3ResTime" : 453.2799999999998,
    "throughput" : 0.41416670026426033,
    "receivedKBytesPerSec" : 161.71227792945055,
    "sentKBytesPerSec" : 1.8645590705256252
  },
  "1.1 Homepage" : {
    "transaction" : "1.1 Homepage",
    "sampleCount" : 123,
    "errorCount" : 0,
    "errorPct" : 0.0,
    "meanResTime" : 22.967479674796742,
    "medianResTime" : 17.0,
    "minResTime" : 13.0,
    "maxResTime" : 221.0,
    "pct1ResTime" : 43.800000000000026,
    "pct2ResTime" : 54.599999999999994,
    "pct3ResTime" : 189.08000000000067,
    "throughput" : 0.41119795671389314,
    "receivedKBytesPerSec" : 160.0672374214796,
    "sentKBytesPerSec" : 1.4709324519600437
  },
  "1.3 Sign-in" : {
    "transaction" : "1.3 Sign-in",
    "sampleCount" : 118,
    "errorCount" : 0,
    "errorPct" : 0.0,
    "meanResTime" : 20.152542372881353,
    "medianResTime" : 17.0,
    "minResTime" : 12.0,
    "maxResTime" : 77.0,
    "pct1ResTime" : 28.0,
    "pct2ResTime" : 42.099999999999994,
    "pct3ResTime" : 75.29000000000002,
    "throughput" : 0.4112974342708359,
    "receivedKBytesPerSec" : 159.64606309058652,
    "sentKBytesPerSec" : 1.5279057030920504
  },
  "2.2 Session register" : {
    "transaction" : "2.2 Session register",
    "sampleCount" : 115,
    "errorCount" : 0,
    "errorPct" : 0.0,
    "meanResTime" : 38.48695652173912,
    "medianResTime" : 34.0,
    "minResTime" : 28.0,
    "maxResTime" : 228.0,
    "pct1ResTime" : 47.400000000000006,
    "pct2ResTime" : 51.99999999999994,
    "pct3ResTime" : 205.1200000000005,
    "throughput" : 0.41674518387522286,
    "receivedKBytesPerSec" : 162.71905239506177,
    "sentKBytesPerSec" : 1.7854112516216825
  },
  "2.1 Open session" : {
    "transaction" : "2.1 Open session",
    "sampleCount" : 117,
    "errorCount" : 0,
    "errorPct" : 0.0,
    "meanResTime" : 48.25641025641025,
    "medianResTime" : 35.0,
    "minResTime" : 28.0,
    "maxResTime" : 426.0,
    "pct1ResTime" : 57.2,
    "pct2ResTime" : 89.19999999999999,
    "pct3ResTime" : 419.87999999999977,
    "throughput" : 0.416739388283568,
    "receivedKBytesPerSec" : 162.71678949384867,
    "sentKBytesPerSec" : 1.7817236737358015
  }
}