{
  "4.3 Vaccination confirm" : {
    "transaction" : "4.3 Vaccination confirm",
    "sampleCount" : 496,
    "errorCount" : 0,
    "errorPct" : 0.0,
    "meanResTime" : 1600.582661290323,
    "medianResTime" : 1413.5,
    "minResTime" : 1017.0,
    "maxResTime" : 4349.0,
    "pct1ResTime" : 2346.9,
    "pct2ResTime" : 2785.149999999999,
    "pct3ResTime" : 3725.419999999997,
    "throughput" : 0.4659976718906634,
    "receivedKBytesPerSec" : 162.94649895614407,
    "sentKBytesPerSec" : 2.4172399790535923
  },
  "4.1 Vaccination questions" : {
    "transaction" : "4.1 Vaccination questions",
    "sampleCount" : 515,
    "errorCount" : 0,
    "errorPct" : 0.0,
    "meanResTime" : 1207.8233009708745,
    "medianResTime" : 1140.0,
    "minResTime" : 547.0,
    "maxResTime" : 2565.0,
    "pct1ResTime" : 1489.2,
    "pct2ResTime" : 1694.9999999999998,
    "pct3ResTime" : 2322.8399999999983,
    "throughput" : 0.4635955934113614,
    "receivedKBytesPerSec" : 161.28265296741688,
    "sentKBytesPerSec" : 2.302302957526092
  },
  "Get Next Patient from STS" : {
    "transaction" : "Get Next Patient from STS",
    "sampleCount" : 556,
    "errorCount" : 0,
    "errorPct" : 0.0,
    "meanResTime" : 0.7266187050359717,
    "medianResTime" : 1.0,
    "minResTime" : 0.0,
    "maxResTime" : 8.0,
    "pct1ResTime" : 1.0,
    "pct2ResTime" : 1.0,
    "pct3ResTime" : 1.0,
    "throughput" : 0.4695418504509207,
    "receivedKBytesPerSec" : 0.1979477680083234,
    "sentKBytesPerSec" : 0.29975369505579186
  },
  "2.0 Register attendance" : {
    "transaction" : "2.0 Register attendance",
    "sampleCount" : 543,
    "errorCount" : 0,
    "errorPct" : 0.0,
    "meanResTime" : 4819.158379373846,
    "medianResTime" : 4380.0,
    "minResTime" : 2633.0,
    "maxResTime" : 15871.0,
    "pct1ResTime" : 6754.000000000001,
    "pct2ResTime" : 7917.799999999988,
    "pct3ResTime" : 12513.559999999998,
    "throughput" : 0.46395386094200575,
    "receivedKBytesPerSec" : 734.100721423422,
    "sentKBytesPerSec" : 7.684947566218092
  },
  "1.0 Login" : {
    "transaction" : "1.0 Login",
    "sampleCount" : 558,
    "errorCount" : 0,
    "errorPct" : 0.0,
    "meanResTime" : 3290.4856630824384,
    "medianResTime" : 3211.0,
    "minResTime" : 1924.0,
    "maxResTime" : 7991.0,
    "pct1ResTime" : 3954.3000000000006,
    "pct2ResTime" : 4428.15,
    "pct3ResTime" : 5709.499999999979,
    "throughput" : 0.4691476562375199,
    "receivedKBytesPerSec" : 694.8210129175351,
    "sentKBytesPerSec" : 7.742461859157333
  },
  "4.0 Vaccination for menacwy" : {
    "transaction" : "4.0 Vaccination for menacwy",
    "sampleCount" : 125,
    "errorCount" : 0,
    "errorPct" : 0.0,
    "meanResTime" : 3570.560000000001,
    "medianResTime" : 3391.0,
    "minResTime" : 1744.0,
    "maxResTime" : 6119.0,
    "pct1ResTime" : 4389.000000000001,
    "pct2ResTime" : 4855.799999999999,
    "pct3ResTime" : 6059.979999999999,
    "throughput" : 0.11430734776776039,
    "receivedKBytesPerSec" : 118.1471896638381,
    "sentKBytesPerSec" : 1.6587353560856777
  },
  "2.5 Select patient" : {
    "transaction" : "2.5 Select patient",
    "sampleCount" : 540,
    "errorCount" : 0,
    "errorPct" : 0.0,
    "meanResTime" : 448.5851851851854,
    "medianResTime" : 400.5,
    "minResTime" : 306.0,
    "maxResTime" : 2512.0,
    "pct1ResTime" : 607.7,
    "pct2ResTime" : 755.8999999999999,
    "pct3ResTime" : 1151.2000000000025,
    "throughput" : 0.47027840481565086,
    "receivedKBytesPerSec" : 169.63365427929398,
    "sentKBytesPerSec" : 1.6715737006817293
  },
  "2.3 Search by first/last name" : {
    "transaction" : "2.3 Search by first/last name",
    "sampleCount" : 547,
    "errorCount" : 0,
    "errorPct" : 0.0,
    "meanResTime" : 470.34552102376614,
    "medianResTime" : 424.0,
    "minResTime" : 308.0,
    "maxResTime" : 1892.0,
    "pct1ResTime" : 619.5999999999999,
    "pct2ResTime" : 797.0,
    "pct3ResTime" : 1289.4399999999991,
    "throughput" : 0.4682806225135968,
    "receivedKBytesPerSec" : 168.4357816022003,
    "sentKBytesPerSec" : 1.731584411060069
  },
  "4.0 Vaccination for flu" : {
    "transaction" : "4.0 Vaccination for flu",
    "sampleCount" : 126,
    "errorCount" : 0,
    "errorPct" : 0.0,
    "meanResTime" : 3542.1111111111118,
    "medianResTime" : 3397.5,
    "minResTime" : 1654.0,
    "maxResTime" : 5317.0,
    "pct1ResTime" : 4405.1,
    "pct2ResTime" : 4697.349999999999,
    "pct3ResTime" : 5268.9400000000005,
    "throughput" : 0.11493644744211673,
    "receivedKBytesPerSec" : 120.34236223931775,
    "sentKBytesPerSec" : 1.654912381483191
  },
  "4.0 Vaccination for hpv" : {
    "transaction" : "4.0 Vaccination for hpv",
    "sampleCount" : 133,
    "errorCount" : 0,
    "errorPct" : 0.0,
    "meanResTime" : 3521.5639097744365,
    "medianResTime" : 3379.0,
    "minResTime" : 1655.0,
    "maxResTime" : 6182.0,
    "pct1ResTime" : 4375.2,
    "pct2ResTime" : 4886.7,
    "pct3ResTime" : 6017.779999999999,
    "throughput" : 0.1226125131140075,
    "receivedKBytesPerSec" : 126.06580750567197,
    "sentKBytesPerSec" : 1.7744837396678215
  },
  "1.2 Sign-in page" : {
    "transaction" : "1.2 Sign-in page",
    "sampleCount" : 562,
    "errorCount" : 0,
    "errorPct" : 0.0,
    "meanResTime" : 694.359430604983,
    "medianResTime" : 576.5,
    "minResTime" : 173.0,
    "maxResTime" : 2264.0,
    "pct1ResTime" : 1178.7,
    "pct2ResTime" : 1269.9500000000003,
    "pct3ResTime" : 1696.7800000000004,
    "throughput" : 0.4705500160338662,
    "receivedKBytesPerSec" : 166.1543833222778,
    "sentKBytesPerSec" : 1.9800200902145693
  },
  "Debug Sampler" : {
    "transaction" : "Debug Sampler",
    "sampleCount" : 543,
    "errorCount" : 0,
    "errorPct" : 0.0,
    "meanResTime" : 0.6077348066298336,
    "medianResTime" : 1.0,
    "minResTime" : 0.0,
    "maxResTime" : 3.0,
    "pct1ResTime" : 1.0,
    "pct2ResTime" : 1.0,
    "pct3ResTime" : 1.0,
    "throughput" : 0.4690330232072012,
    "receivedKBytesPerSec" : 3.0441072570767407,
    "sentKBytesPerSec" : 0.0
  },
  "2.4 Patient attending session" : {
    "transaction" : "2.4 Patient attending session",
    "sampleCount" : 194,
    "errorCount" : 0,
    "errorPct" : 0.0,
    "meanResTime" : 1140.4226804123703,
    "medianResTime" : 1008.0,
    "minResTime" : 738.0,
    "maxResTime" : 3000.0,
    "pct1ResTime" : 1714.5,
    "pct2ResTime" : 2225.5,
    "pct3ResTime" : 2487.0000000000064,
    "throughput" : 0.17001288241944104,
    "receivedKBytesPerSec" : 59.220014381808184,
    "sentKBytesPerSec" : 0.7446365016124934
  },
  "Total" : {
    "transaction" : "Total",
    "sampleCount" : 7247,
    "errorCount" : 0,
    "errorPct" : 0.0,
    "meanResTime" : 872.4167241617217,
    "medianResTime" : 679.0,
    "minResTime" : 0.0,
    "maxResTime" : 14404.0,
    "pct1ResTime" : 1720.1999999999998,
    "pct2ResTime" : 2447.199999999999,
    "pct3ResTime" : 4228.3599999999915,
    "throughput" : 6.027468355167346,
    "receivedKBytesPerSec" : 1848.9503610674574,
    "sentKBytesPerSec" : 21.42128293295762
  },
  "1.4 Open Sessions list" : {
    "transaction" : "1.4 Open Sessions list",
    "sampleCount" : 556,
    "errorCount" : 0,
    "errorPct" : 0.0,
    "meanResTime" : 992.9334532374103,
    "medianResTime" : 895.0,
    "minResTime" : 478.0,
    "maxResTime" : 2928.0,
    "pct1ResTime" : 1433.1000000000001,
    "pct2ResTime" : 1664.4499999999998,
    "pct3ResTime" : 2217.659999999997,
    "throughput" : 0.46924147453225656,
    "receivedKBytesPerSec" : 193.94918482348797,
    "sentKBytesPerSec" : 1.6654073428484137
  },
  "4.2 Vaccination batch" : {
    "transaction" : "4.2 Vaccination batch",
    "sampleCount" : 513,
    "errorCount" : 0,
    "errorPct" : 0.0,
    "meanResTime" : 823.2612085769985,
    "medianResTime" : 781.0,
    "minResTime" : 507.0,
    "maxResTime" : 2174.0,
    "pct1ResTime" : 1028.0,
    "pct2ResTime" : 1252.0999999999992,
    "pct3ResTime" : 1691.3400000000001,
    "throughput" : 0.46502057240134625,