{
  "4.3 Vaccination confirm" : {
    "transaction" : "4.3 Vaccination confirm",
    "sampleCount" : 1312,
    "errorCount" : 0,
    "errorPct" : 0.0,
    "meanResTime" : 1008.9336890243906,
    "medianResTime" : 942.0,
    "minResTime" : 817.0,
    "maxResTime" : 4417.0,
    "pct1ResTime" : 1217.0,
    "pct2ResTime" : 1366.35,
    "pct3ResTime" : 1775.0599999999959,
    "throughput" : 0.4451976005478102,
    "receivedKBytesPerSec" : 9.024048740060252,
    "sentKBytesPerSec" : 1.0367616399279473
  },
  "4.1 Vaccination questions" : {
    "transaction" : "4.1 Vaccination questions",
    "sampleCount" : 1312,
    "errorCount" : 0,
    "errorPct" : 0.0,
    "meanResTime" : 624.4298780487812,
    "medianResTime" : 602.0,
    "minResTime" : 379.0,
    "maxResTime" : 5141.0,
    "pct1ResTime" : 703.0,
    "pct2ResTime" : 745.3999999999996,
    "pct3ResTime" : 1070.2699999999977,
    "throughput" : 0.44576437207870595,
    "receivedKBytesPerSec" : 5.155545092085847,
    "sentKBytesPerSec" : 0.9415254723802764
  },
  "2.0 Register attendance" : {
    "transaction" : "2.0 Register attendance",
    "sampleCount" : 1312,
    "errorCount" : 4,
    "errorPct" : 0.30487806,
    "meanResTime" : 1579.0449695121922,
    "medianResTime" : 1620.0,
    "minResTime" : 836.0,
    "maxResTime" : 4346.0,
    "pct1ResTime" : 2056.7,
    "pct2ResTime" : 2222.35,
    "pct3ResTime" : 2738.959999999999,
    "throughput" : 0.44585753492437413,
    "receivedKBytesPerSec" : 49.908952721918624,
    "sentKBytesPerSec" : 1.6560146329075145
  },
  "1.0 Login" : {
    "transaction" : "1.0 Login",
    "sampleCount" : 1382,
    "errorCount" : 0,
    "errorPct" : 0.0,
    "meanResTime" : 1892.9985528219959,
    "medianResTime" : 1883.5,
    "minResTime" : 1433.0,
    "maxResTime" : 6278.0,
    "pct1ResTime" : 2148.7,
    "pct2ResTime" : 2302.0,
    "pct3ResTime" : 2753.860000000004,
    "throughput" : 0.44894749101049247,
    "receivedKBytesPerSec" : 59.05911623238766,
    "sentKBytesPerSec" : 2.226144352678303
  },
  "4.0 Vaccination for menacwy" : {
    "transaction" : "4.0 Vaccination for menacwy",
    "sampleCount" : 328,
    "errorCount" : 0,
    "errorPct" : 0.0,
    "meanResTime" : 2075.9756097560976,
    "medianResTime" : 1998.0,
    "minResTime" : 1785.0,
    "maxResTime" : 5149.0,
    "pct1ResTime" : 2288.7000000000003,
    "pct2ResTime" : 2485.65,
    "pct3ResTime" : 4072.089999999984,
    "throughput" : 0.11247598740543273,
    "receivedKBytesPerSec" : 5.287029107533902,
    "sentKBytesPerSec" : 0.6826800031582435
  },
  "2.5 Select patient" : {
    "transaction" : "2.5 Select patient",
    "sampleCount" : 1312,
    "errorCount" : 0,
    "errorPct" : 0.0,
    "meanResTime" : 258.0792682926825,
    "medianResTime" : 242.0,
    "minResTime" : 200.0,
    "maxResTime" : 3219.0,
    "pct1ResTime" : 299.70000000000005,
    "pct2ResTime" : 340.6999999999998,
    "pct3ResTime" : 498.829999999999,
    "throughput" : 0.4458582925054687,
    "receivedKBytesPerSec" : 10.282778445746318,
    "sentKBytesPerSec" : 0.3103383959729685
  },
  "Get Session ID's" : {
    "transaction" : "Get Session ID's",
    "sampleCount" : 1,
    "errorCount" : 0,
    "errorPct" : 0.0,
    "meanResTime" : 0.0,
    "medianResTime" : 0.0,
    "minResTime" : 0.0,
    "maxResTime" : 0.0,
    "pct1ResTime" : 0.0,
    "pct2ResTime" : 0.0,
    "pct3ResTime" : 0.0,
    "throughput" : "Infinity",
    "receivedKBytesPerSec" : "NaN",
    "sentKBytesPerSec" : "NaN"
  },
  "2.3 Search by first/last name" : {
    "transaction" : "2.3 Search by first/last name",
    "sampleCount" : 1312,
    "errorCount" : 0,
    "errorPct" : 0.0,
    "meanResTime" : 241.9161585365853,
    "medianResTime" : 227.0,
    "minResTime" : 194.0,
    "maxResTime" : 1510.0,
    "pct1ResTime" : 283.70000000000005,
    "pct2ResTime" : 321.3499999999999,
    "pct3ResTime" : 493.08999999999924,
    "throughput" : 0.4461733662386191,
    "receivedKBytesPerSec" : 10.63772786733977,
    "sentKBytesPerSec" : 0.3531094385561122
  },
  "Data prep" : {
    "transaction" : "Data prep",
    "sampleCount" : 1,
    "errorCount" : 0,
    "errorPct" : 0.0,
    "meanResTime" : 0.0,
    "medianResTime" : 0.0,
    "minResTime" : 0.0,
    "maxResTime" : 0.0,
    "pct1ResTime" : 0.0,
    "pct2ResTime" : 0.0,
    "pct3ResTime" : 0.0,
    "throughput" : "Infinity",
    "receivedKBytesPerSec" : "NaN",
    "sentKBytesPerSec" : "NaN"
  },
  "4.0 Vaccination for flu" : {
    "transaction" : "4.0 Vaccination for flu",
    "sampleCount" : 327,
    "errorCount" : 0,
    "errorPct" : 0.0,
    "meanResTime" : 2063.8195718654447,
    "medianResTime" : 1987.0,
    "minResTime" : 1791.0,
    "maxResTime" : 4974.0,
    "pct1ResTime" : 2339.2,
    "pct2ResTime" : 2467.399999999999,
    "pct3ResTime" : 3172.1999999999844,
    "throughput" : 0.11150351406563977,
    "receivedKBytesPerSec" : 5.073245722267422,
    "sentKBytesPerSec" : 0.673279122173241
  },
  "4.0 Vaccination for hpv" : {
    "transaction" : "4.0 Vaccination for hpv",
    "sampleCount" : 328,
    "errorCount" : 0,
    "errorPct" : 0.0,
    "meanResTime" : 2063.4268292682927,
    "medianResTime" : 2012.0,
    "minResTime" : 1784.0,
    "maxResTime" : 2930.0,
    "pct1ResTime" : 2324.2,
    "pct2ResTime" : 2452.75,
    "pct3ResTime" : 2813.9799999999973,
    "throughput" : 0.11197921556511096,
    "receivedKBytesPerSec" : 4.858252033890783,
    "sentKBytesPerSec" : 0.6787719744274295
  },
  "1.2 Sign-in page" : {
    "transaction" : "1.2 Sign-in page",
    "sampleCount" : 1382,
    "errorCount" : 0,
    "errorPct" : 0.0,
    "meanResTime" : 392.7431259044864,
    "medianResTime" : 355.0,
    "minResTime" : 98.0,
    "maxResTime" : 4535.0,
    "pct1ResTime" : 606.0,
    "pct2ResTime" : 655.8499999999999,
    "pct3ResTime" : 872.9300000000021,
    "throughput" : 0.44919993980330764,
    "receivedKBytesPerSec" : 8.428962456111995,
    "sentKBytesPerSec" : 0.5908093599884092
  },
  "Debug Sampler" : {
    "transaction" : "Debug Sampler",
    "sampleCount" : 2694,
    "errorCount" : 0,
    "errorPct" : 0.0,
    "meanResTime" : 0.4394951744617672,
    "medianResTime" : 0.0,
    "minResTime" : 0.0,
    "maxResTime" : 9.0,
    "pct1ResTime" : 1.0,
    "pct2ResTime" : 1.0,
    "pct3ResTime" : 1.0,
    "throughput" : 0.8754074836616599,
    "receivedKBytesPerSec" : 4.805264699977156,
    "sentKBytesPerSec" : 0.0
  },
  "2.4 Patient attending session" : {
    "transaction" : "2.4 Patient attending session",
    "sampleCount" : 798,
    "errorCount" : 4,
    "errorPct" : 0.5012531,
    "meanResTime" : 702.1729323308274,
    "medianResTime" : 646.0,
    "minResTime" : 301.0,
    "maxResTime" : 2579.0,
    "pct1ResTime" : 861.0,
    "pct2ResTime" : 1017.05,
    "pct3ResTime" : 1454.6199999999994,
    "throughput" : 0.3001199351470155,
    "receivedKBytesPerSec" : 7.478782433778988,
    "sentKBytesPerSec" : 0.44565653727410615
  },
  "Total" : {
    "transaction" : "Total",
    "sampleCount" : 18204,
    "errorCount" : 4,
    "errorPct" : 0.021973193,
    "meanResTime" : 407.26494177103825,
    "medianResTime" : 380.0,
    "minResTime" : 0.0,
    "maxResTime" : 5141.0,
    "pct1ResTime" : 775.0,
    "pct2ResTime" : 928.0,
    "pct3ResTime" : 1219.0,
    "throughput" : 5.889683929354852,
    "receivedKBytesPerSec" : 128.2659150997524,
    "sentKBytesPerSec" : 6.365793961601875
  },
  "1.4 Open Sessions list" : {
    "transaction" : "1.4 Open Sessions list",
    "sampleCount" : 1382,
    "errorCount" : 0,
    "errorPct" : 0.0,
    "meanResTime" : 602.7315484804626,
    "medianResTime" : 518.0,
    "minResTime" : 417.0,
    "maxResTime" : 2558.0,
    "pct1ResTime" : 805.7,
    "pct2ResTime" : 863.2499999999995,
    "pct3ResTime" : 1159.7800000000025,
    "throughput" : 0.44899956269651853,
    "receivedKBytesPerSec" : 33.79247880653837,
    "sentKBytesPerSec" : 0.29040953422305854
  },
  "4.2 Vaccination batch" : {
    "transaction" : "4.2 Vaccination batch",
    "sampleCount" : 1312,
    "errorCount" : 0,
    "errorPct" : 0.0,