{
  "1.2 Sign-in page" : {
    "transaction" : "1.2 Sign-in page",
    "sampleCount" : 73,
    "errorCount" : 0,
    "errorPct" : 0.0,
    "meanResTime" : 22.863013698630134,
    "medianResTime" : 20.0,
    "minResTime" : 14.0,
    "maxResTime" : 98.0,
    "pct1ResTime" : 33.00000000000004,
    "pct2ResTime" : 38.89999999999999,
    "pct3ResTime" : 98.0,
    "throughput" : 0.4157222747411702,
    "receivedKBytesPerSec" : 161.36276333229875,
    "sentKBytesPerSec" : 1.4789807098457841
  },
  "2.0 Register attendance" : {
    "transaction" : "2.0 Register attendance",
    "sampleCount" : 64,
    "errorCount" : 0,
    "errorPct" : 0.0,
    "meanResTime" : 130.31249999999994,
    "medianResTime" : 118.0,
    "minResTime" : 102.0,
    "maxResTime" : 333.0,
    "pct1ResTime" : 152.0,
    "pct2ResTime" : 273.0,
    "pct3ResTime" : 333.0,
    "throughput" : 0.41043268583301806,
    "receivedKBytesPerSec" : 480.7629719174261,
    "sentKBytesPerSec" : 5.360876145524039
  },
  "1.0 Login" : {
    "transaction" : "1.0 Login",
    "sampleCount" : 70,
    "errorCount" : 0,
    "errorPct" : 0.0,
    "meanResTime" : 113.31428571428572,
    "medianResTime" : 104.0,
    "minResTime" : 82.0,
    "maxResTime" : 254.0,
    "pct1ResTime" : 151.8,
    "pct2ResTime" : 164.8,
    "pct3ResTime" : 254.0,
    "throughput" : 0.41573867854491464,
    "receivedKBytesPerSec" : 646.899939680772,
    "sentKBytesPerSec" : 6.272677709725316
  },
  "Total" : {
    "transaction" : "Total",
    "sampleCount" : 482,
    "errorCount" : 0,
    "errorPct" : 0.0,
    "meanResTime" : 33.630705394190876,
    "medianResTime" : 34.0,
    "minResTime" : 14.0,
    "maxResTime" : 214.0,
    "pct1ResTime" : 48.0,
    "pct2ResTime" : 57.849999999999966,
    "pct3ResTime" : 100.04000000000019,
    "throughput" : 2.6823974622961764,
    "receivedKBytesPerSec" : 1045.030215883953,
    "sentKBytesPerSec" : 10.740747302646223
  },
  "1.4 Open Sessions list" : {
    "transaction" : "1.4 Open Sessions list",
    "sampleCount" : 70,
    "errorCount" : 0,
    "errorPct" : 0.0,
    "meanResTime" : 42.42857142857142,
    "medianResTime" : 38.5,
    "minResTime" : 32.0,
    "maxResTime" : 86.0,
    "pct1ResTime" : 57.699999999999996,
    "pct2ResTime" : 66.70000000000002,
    "pct3ResTime" : 86.0,
    "throughput" : 0.41683042147510335,
    "receivedKBytesPerSec" : 162.75233359906272,
    "sentKBytesPerSec" : 1.7743787179784916
  },
  "2.3 Search by first/last name" : {
    "transaction" : "2.3 Search by first/last name",
    "sampleCount" : 64,
    "errorCount" : 0,
    "errorPct" : 0.0,
    "meanResTime" : 45.171874999999986,
    "medianResTime" : 39.0,
    "minResTime" : 33.0,
    "maxResTime" : 214.0,
    "pct1ResTime" : 52.5,
    "pct2ResTime" : 60.0,
    "pct3ResTime" : 214.0,
    "throughput" : 0.4151503947172112,
    "receivedKBytesPerSec" : 162.09636354201126,
    "sentKBytesPerSec" : 1.8689876168421327
  },
  "1.1 Homepage" : {
    "transaction" : "1.1 Homepage",
    "sampleCount" : 74,
    "errorCount" : 0,
    "errorPct" : 0.0,
    "meanResTime" : 26.49999999999999,
    "medianResTime" : 20.0,
    "minResTime" : 14.0,
    "maxResTime" : 94.0,
    "pct1ResTime" : 55.5,
    "pct2ResTime" : 67.0,
    "pct3ResTime" : 94.0,
    "throughput" : 0.4138332140300644,
    "receivedKBytesPerSec" : 161.09306537516218,
    "sentKBytesPerSec" : 1.4736800852552343
  },
  "1.3 Sign-in" : {
    "transaction" : "1.3 Sign-in",
    "sampleCount" : 70,
    "errorCount" : 0,
    "errorPct" : 0.0,
    "meanResTime" : 20.85714285714285,
    "medianResTime" : 19.0,
    "minResTime" : 15.0,
    "maxResTime" : 46.0,
    "pct1ResTime" : 26.9,
    "pct2ResTime" : 29.0,
    "pct3ResTime" : 46.0,
    "throughput" : 0.41343547158221755,
    "receivedKBytesPerSec" : 160.47594728402427,
    "sentKBytesPerSec" : 1.5358481776355035
  },
  "2.2 Session register" : {
    "transaction" : "2.2 Session register",
    "sampleCount" : 64,
    "errorCount" : 0,
    "errorPct" : 0.0,
    "meanResTime" : 41.62500000000001,
    "medianResTime" : 38.0,
    "minResTime" : 29.0,
    "maxResTime" : 158.0,
    "pct1ResTime" : 48.5,
    "pct2ResTime" : 60.0,
    "pct3ResTime" : 158.0,
    "throughput" : 0.415932826848464,
    "receivedKBytesPerSec" : 162.40186584866544,
    "sentKBytesPerSec" : 1.781930968148644
  },
  "2.1 Open session" : {
    "transaction" : "2.1 Open session",
    "sampleCount" : 67,
    "errorCount" : 0,
    "errorPct" : 0.0,
    "meanResTime" : 38.73134328358209,
    "medianResTime" : 38.0,
    "minResTime" : 31.0,
    "maxResTime" : 71.0,
    "pct1ResTime" : 44.2,
    "pct2ResTime" : 52.99999999999994,
    "pct3ResTime" : 71.0,
    "throughput" : 0.4157771930695527,
    "receivedKBytesPerSec" : 162.3410983053201,
    "sentKBytesPerSec" : 1.7776099133383805
  }
}