{
  "2.0 Register attendance" : {
    "transaction" : "2.0 Register attendance",
    "sampleCount" : 69,
    "errorCount" : 0,
    "errorPct" : 0.0,
    "meanResTime" : 4551.753623188405,
    "medianResTime" : 3819.0,
    "minResTime" : 2034.0,
    "maxResTime" : 9059.0,
    "pct1ResTime" : 8088.0,
    "pct2ResTime" : 8757.5,
    "pct3ResTime" : 9059.0,
    "throughput" : 0.13227006095924548,
    "receivedKBytesPerSec" : 30.083007250891388,
    "sentKBytesPerSec" : 0.5625034445328375
  },
  "2.5 Select patient" : {
    "transaction" : "2.5 Select patient",
    "sampleCount" : 65,
    "errorCount" : 0,
    "errorPct" : 0.0,
    "meanResTime" : 327.96923076923065,
    "medianResTime" : 222.0,
    "minResTime" : 160.0,
    "maxResTime" : 3075.0,
    "pct1ResTime" : 507.1999999999998,
    "pct2ResTime" : 876.8999999999995,
    "pct3ResTime" : 3075.0,
    "throughput" : 0.12882868955456986,
    "receivedKBytesPerSec" : 3.5816098315366687,
    "sentKBytesPerSec" : 0.08932457967162558
  },
  "1.4 Select Organisations" : {
    "transaction" : "1.4 Select Organisations",
    "sampleCount" : 35,
    "errorCount" : 0,
    "errorPct" : 0.0,
    "meanResTime" : 266.1714285714285,
    "medianResTime" : 225.0,
    "minResTime" : 206.0,
    "maxResTime" : 911.0,
    "pct1ResTime" : 442.39999999999986,
    "pct2ResTime" : 594.9999999999983,
    "pct3ResTime" : 911.0,
    "throughput" : 0.4986394267071277,
    "receivedKBytesPerSec" : 7.164533090958955,
    "sentKBytesPerSec" : 0.7206897964126455
  },
  "2.5 Select menacwy" : {
    "transaction" : "2.5 Select menacwy",
    "sampleCount" : 26,
    "errorCount" : 0,
    "errorPct" : 0.0,
    "meanResTime" : 291.2307692307692,
    "medianResTime" : 257.5,
    "minResTime" : 163.0,
    "maxResTime" : 518.0,
    "pct1ResTime" : 468.3,
    "pct2ResTime" : 500.8499999999999,
    "pct3ResTime" : 518.0,
    "throughput" : 0.08875567951006866,
    "receivedKBytesPerSec" : 2.2460314103362813,
    "sentKBytesPerSec" : 0.06188628434588771
  },
  "2.3 Search by first/last name" : {
    "transaction" : "2.3 Search by first/last name",
    "sampleCount" : 71,
    "errorCount" : 0,
    "errorPct" : 0.0,
    "meanResTime" : 777.1126760563383,
    "medianResTime" : 435.0,
    "minResTime" : 315.0,
    "maxResTime" : 6358.0,
    "pct1ResTime" : 1154.9999999999998,
    "pct2ResTime" : 3519.2,
    "pct3ResTime" : 6358.0,
    "throughput" : 0.13549282174297203,
    "receivedKBytesPerSec" : 6.916000593019638,
    "sentKBytesPerSec" : 0.11690877659523713
  },
  "2.5 Select td_ipv" : {
    "transaction" : "2.5 Select td_ipv",
    "sampleCount" : 23,
    "errorCount" : 0,
    "errorPct" : 0.0,
    "meanResTime" : 288.21739130434776,
    "medianResTime" : 244.0,
    "minResTime" : 162.0,
    "maxResTime" : 559.0,
    "pct1ResTime" : 494.6,
    "pct2ResTime" : 548.5999999999999,
    "pct3ResTime" : 559.0,
    "throughput" : 0.31840961320153943,
    "receivedKBytesPerSec" : 8.161409447074785,
    "sentKBytesPerSec" : 0.22170513106708753
  },
  "4.0 Vaccination for flu" : {
    "transaction" : "4.0 Vaccination for flu",
    "sampleCount" : 47,
    "errorCount" : 0,
    "errorPct" : 0.0,
    "meanResTime" : 1482.617021276596,
    "medianResTime" : 1390.0,
    "minResTime" : 1183.0,
    "maxResTime" : 4121.0,
    "pct1ResTime" : 1658.4000000000005,
    "pct2ResTime" : 2534.6,
    "pct3ResTime" : 4121.0,
    "throughput" : 0.1319768731589928,
    "receivedKBytesPerSec" : 7.212546538520399,
    "sentKBytesPerSec" : 0.7957442021436414
  },
  "4.0 Vaccination for hpv" : {
    "transaction" : "4.0 Vaccination for hpv",
    "sampleCount" : 45,
    "errorCount" : 0,
    "errorPct" : 0.0,
    "meanResTime" : 1472.911111111111,
    "medianResTime" : 1405.0,
    "minResTime" : 577.0,
    "maxResTime" : 3700.0,
    "pct1ResTime" : 1854.6,
    "pct2ResTime" : 2269.2999999999997,
    "pct3ResTime" : 3700.0,
    "throughput" : 0.1378266875346481,
    "receivedKBytesPerSec" : 6.9718678741688285,
    "sentKBytesPerSec" : 0.8205114633518837
  },
  "Select Organisations" : {
    "transaction" : "Select Organisations",
    "sampleCount" : 1,
    "errorCount" : 0,
    "errorPct" : 0.0,
    "meanResTime" : 0.0,
    "medianResTime" : 0.0,
    "minResTime" : 0.0,
    "maxResTime" : 0.0,
    "pct1ResTime" : 0.0,
    "pct2ResTime" : 0.0,
    "pct3ResTime" : 0.0,
    "throughput" : "Infinity",
    "receivedKBytesPerSec" : "NaN",
    "sentKBytesPerSec" : "NaN"
  },
  "1.2 Sign-in page" : {
    "transaction" : "1.2 Sign-in page",
    "sampleCount" : 35,
    "errorCount" : 0,
    "errorPct" : 0.0,
    "meanResTime" : 91.2857142857143,
    "medianResTime" : 87.0,
    "minResTime" : 84.0,
    "maxResTime" : 124.0,
    "pct1ResTime" : 103.79999999999998,
    "pct2ResTime" : 118.39999999999998,
    "pct3ResTime" : 124.0,
    "throughput" : 0.6034274680183441,
    "receivedKBytesPerSec" : 3.6364754933019547,
    "sentKBytesPerSec" : 0.36358862086652183
  },
  "2.4 Patient attending session" : {
    "transaction" : "2.4 Patient attending session",
    "sampleCount" : 67,
    "errorCount" : 0,
    "errorPct" : 0.0,
    "meanResTime" : 847.3731343283579,
    "medianResTime" : 629.0,
    "minResTime" : 502.0,
    "maxResTime" : 5323.0,
    "pct1ResTime" : 1259.2000000000003,
    "pct2ResTime" : 1789.399999999999,
    "pct3ResTime" : 5323.0,
    "throughput" : 0.13008622581027215,
    "receivedKBytesPerSec" : 6.079460537760925,
    "sentKBytesPerSec" : 0.1933508160969084
  },
  "Logout" : {
    "transaction" : "Logout",
    "sampleCount" : 1,
    "errorCount" : 0,
    "errorPct" : 0.0,
    "meanResTime" : 300.0,
    "medianResTime" : 300.0,
    "minResTime" : 300.0,
    "maxResTime" : 300.0,
    "pct1ResTime" : 300.0,
    "pct2ResTime" : 300.0,
    "pct3ResTime" : 300.0,
    "throughput" : 3.3333333333333335,
    "receivedKBytesPerSec" : 20.904947916666668,
    "sentKBytesPerSec" : 7.047526041666667
  },
  "1.1 Homepage" : {
    "transaction" : "1.1 Homepage",
    "sampleCount" : 35,
    "errorCount" : 0,
    "errorPct" : 0.0,
    "meanResTime" : 265.3428571428571,
    "medianResTime" : 263.0,
    "minResTime" : 250.0,
    "maxResTime" : 324.0,
    "pct1ResTime" : 280.0,
    "pct2ResTime" : 295.99999999999983,
    "pct3ResTime" : 324.0,
    "throughput" : 0.599602549167409,
    "receivedKBytesPerSec" : 3.0946283909665593,
    "sentKBytesPerSec" : 0.3249798972538203
  },
  "1.3 Sign-in" : {
    "transaction" : "1.3 Sign-in",
    "sampleCount" : 35,
    "errorCount" : 0,
    "errorPct" : 0.0,
    "meanResTime" : 741.9142857142858,
    "medianResTime" : 490.0,
    "minResTime" : 432.0,
    "maxResTime" : 3376.0,
    "pct1ResTime" : 1585.3999999999999,
    "pct2ResTime" : 2416.7999999999947,
    "pct3ResTime" : 3376.0,
    "throughput" : 0.4974841515763141,
    "receivedKBytesPerSec" : 4.827636732630697,
    "sentKBytesPerSec" : 0.7826630548725019
  },
  "4.0 Vaccination for td_ipv" : {
    "transaction" : "4.0 Vaccination for td_ipv",
    "sampleCount" : 23,
    "errorCount" : 0,
    "errorPct" : 0.0,
    "meanResTime" : 2128.260869565217,
    "medianResTime" : 1588.0,
    "minResTime" : 1254.0,
    "maxResTime" : 4767.0,
    "pct1ResTime" : 4311.4000000000015,
    "pct2ResTime" : 4733.799999999999,
    "pct3ResTime" : 4767.0,
    "throughput" : 0.31330454564029914,
    "receivedKBytesPerSec" : 17.804775936167605,
    "sentKBytesPerSec" : 1.9154784364740978
  },
  "2.1 Open session" : {
    "transaction" : "2.1 Open session",
    "sampleCount" : 73,
    "errorCount" : 0,
    "errorPct" : 0.0,
    "meanResTime" : 1619.9315068493145,
    "medianResTime" : 1209.0,
    "minResTime" : 738.0,
    "maxResTime" : 5953.0,
    "pct1ResTime" : 3329.4000000000005,
    "pct2ResTime" : 3841.5,
    "pct3ResTime" : 5953.0,
    "throughput" : 0.1328613418995532,
    "receivedKBytesPerSec" : 2.327703978560183,
    "sentKBytesPerSec" : 0.08428249187816796
  },
  "4.3 Vaccination confirm" : {
    "transaction" : "4.3 Vaccination confirm",
    "sampleCount" : 135,
    "errorCount" : 0,
    "errorPct" : 0.0,