{
  "4.3 Vaccination confirm" : {
    "transaction" : "4.3 Vaccination confirm",
    "sampleCount" : 496,
    "errorCount" : 0,
    "errorPct" : 0.0,
    "meanResTime" : 1622.5020161290324,
    "medianResTime" : 1529.0,
    "minResTime" : 1090.0,
    "maxResTime" : 3659.0,
    "pct1ResTime" : 2109.3,
    "pct2ResTime" : 2311.0499999999984,
    "pct3ResTime" : 2813.619999999996,
    "throughput" : 0.4625860237467043,
    "receivedKBytesPerSec" : 181.01767070887345,
    "sentKBytesPerSec" : 2.3995538836941224
  },
  "4.1 Vaccination questions" : {
    "transaction" : "4.1 Vaccination questions",
    "sampleCount" : 511,
    "errorCount" : 0,
    "errorPct" : 0.0,
    "meanResTime" : 1317.373776908024,
    "medianResTime" : 1256.0,
    "minResTime" : 567.0,
    "maxResTime" : 5375.0,
    "pct1ResTime" : 1485.2,
    "pct2ResTime" : 1640.7999999999997,
    "pct3ResTime" : 2214.359999999999,
    "throughput" : 0.4573152996578637,
    "receivedKBytesPerSec" : 174.9868999386741,
    "sentKBytesPerSec" : 2.2711474905606
  },
  "Get Next Patient from STS" : {
    "transaction" : "Get Next Patient from STS",
    "sampleCount" : 554,
    "errorCount" : 0,
    "errorPct" : 0.0,
    "meanResTime" : 0.7851985559566788,
    "medianResTime" : 1.0,
    "minResTime" : 0.0,
    "maxResTime" : 2.0,
    "pct1ResTime" : 1.0,
    "pct2ResTime" : 1.0,
    "pct3ResTime" : 1.0,
    "throughput" : 0.46749910761677566,
    "receivedKBytesPerSec" : 0.19678118109345846,
    "sentKBytesPerSec" : 0.29846975263896497
  },
  "2.0 Register attendance" : {
    "transaction" : "2.0 Register attendance",
    "sampleCount" : 541,
    "errorCount" : 5,
    "errorPct" : 0.9242144,
    "meanResTime" : 2752.151571164508,
    "medianResTime" : 2783.0,
    "minResTime" : 1474.0,
    "maxResTime" : 5552.0,
    "pct1ResTime" : 3581.6,
    "pct2ResTime" : 3892.0,
    "pct3ResTime" : 4669.900000000004,
    "throughput" : 0.46308700129339087,
    "receivedKBytesPerSec" : 834.1751313947842,
    "sentKBytesPerSec" : 8.061332024071108
  },
  "1.0 Login" : {
    "transaction" : "1.0 Login",
    "sampleCount" : 561,
    "errorCount" : 0,
    "errorPct" : 0.0,
    "meanResTime" : 3431.72192513369,
    "medianResTime" : 3421.0,
    "minResTime" : 1832.0,
    "maxResTime" : 5786.0,
    "pct1ResTime" : 3927.6,
    "pct2ResTime" : 4138.599999999999,
    "pct3ResTime" : 4546.16,
    "throughput" : 0.47092993972768327,
    "receivedKBytesPerSec" : 758.1918367290726,
    "sentKBytesPerSec" : 7.7634267629442775
  },
  "4.0 Vaccination for menacwy" : {
    "transaction" : "4.0 Vaccination for menacwy",
    "sampleCount" : 129,
    "errorCount" : 0,
    "errorPct" : 0.0,
    "meanResTime" : 3730.37984496124,
    "medianResTime" : 3643.0,
    "minResTime" : 2048.0,
    "maxResTime" : 7889.0,
    "pct1ResTime" : 4255.0,
    "pct2ResTime" : 4743.0,
    "pct3ResTime" : 7102.69999999997,
    "throughput" : 0.11665319277075749,
    "receivedKBytesPerSec" : 133.56873759712056,
    "sentKBytesPerSec" : 1.6839226071626867
  },
  "2.5 Select patient" : {
    "transaction" : "2.5 Select patient",
    "sampleCount" : 536,
    "errorCount" : 0,
    "errorPct" : 0.0,
    "meanResTime" : 449.643656716418,
    "medianResTime" : 405.0,
    "minResTime" : 332.0,
    "maxResTime" : 1548.0,
    "pct1ResTime" : 565.2,
    "pct2ResTime" : 678.8999999999999,
    "pct3ResTime" : 1080.0299999999997,
    "throughput" : 0.46025729756836453,
    "receivedKBytesPerSec" : 181.4010080056111,
    "sentKBytesPerSec" : 1.6359626877630808
  },
  "2.3 Search by first/last name" : {
    "transaction" : "2.3 Search by first/last name",
    "sampleCount" : 545,
    "errorCount" : 0,
    "errorPct" : 0.0,
    "meanResTime" : 453.36880733944975,
    "medianResTime" : 428.0,
    "minResTime" : 322.0,
    "maxResTime" : 1640.0,
    "pct1ResTime" : 603.8000000000002,
    "pct2ResTime" : 709.9999999999993,
    "pct3ResTime" : 1019.0599999999968,
    "throughput" : 0.4642169639358784,
    "receivedKBytesPerSec" : 182.84259158702577,
    "sentKBytesPerSec" : 1.716416604380675
  },
  "4.0 Vaccination for flu" : {
    "transaction" : "4.0 Vaccination for flu",
    "sampleCount" : 126,
    "errorCount" : 0,
    "errorPct" : 0.0,
    "meanResTime" : 3806.111111111111,
    "medianResTime" : 3727.5,
    "minResTime" : 2128.0,
    "maxResTime" : 7430.0,
    "pct1ResTime" : 4254.8,
    "pct2ResTime" : 4771.449999999999,
    "pct3ResTime" : 6881.360000000008,
    "throughput" : 0.11394630416066791,
    "receivedKBytesPerSec" : 131.67437403292595,
    "sentKBytesPerSec" : 1.6594172381314976
  },
  "4.0 Vaccination for hpv" : {
    "transaction" : "4.0 Vaccination for hpv",
    "sampleCount" : 127,
    "errorCount" : 0,
    "errorPct" : 0.0,
    "meanResTime" : 3720.590551181102,
    "medianResTime" : 3655.0,
    "minResTime" : 1979.0,
    "maxResTime" : 5984.0,
    "pct1ResTime" : 4318.8,
    "pct2ResTime" : 4577.399999999999,
    "pct3ResTime" : 5851.28,
    "throughput" : 0.11501747903421544,
    "receivedKBytesPerSec" : 131.6161220529601,
    "sentKBytesPerSec" : 1.6636373400396673
  },
  "1.2 Sign-in page" : {
    "transaction" : "1.2 Sign-in page",
    "sampleCount" : 565,
    "errorCount" : 0,
    "errorPct" : 0.0,
    "meanResTime" : 720.1522123893814,
    "medianResTime" : 595.0,
    "minResTime" : 204.0,
    "maxResTime" : 2053.0,
    "pct1ResTime" : 1261.4,
    "pct2ResTime" : 1326.3999999999999,
    "pct3ResTime" : 1579.8000000000006,
    "throughput" : 0.47271473799053565,
    "receivedKBytesPerSec" : 183.79920638830043,
    "sentKBytesPerSec" : 1.9893899399296702
  },
  "Debug Sampler" : {
    "transaction" : "Debug Sampler",
    "sampleCount" : 541,
    "errorCount" : 0,
    "errorPct" : 0.0,
    "meanResTime" : 0.5471349353049905,
    "medianResTime" : 1.0,
    "minResTime" : 0.0,
    "maxResTime" : 3.0,
    "pct1ResTime" : 1.0,
    "pct2ResTime" : 1.0,
    "pct3ResTime" : 1.0,
    "throughput" : 0.4619900070109759,
    "receivedKBytesPerSec" : 2.739730736308316,
    "sentKBytesPerSec" : 0.0
  },
  "2.4 Patient attending session" : {
    "transaction" : "2.4 Patient attending session",
    "sampleCount" : 300,
    "errorCount" : 5,
    "errorPct" : 1.6666666,
    "meanResTime" : 1072.0733333333337,
    "medianResTime" : 1023.5,
    "minResTime" : 599.0,
    "maxResTime" : 2420.0,
    "pct1ResTime" : 1361.1000000000004,
    "pct2ResTime" : 1536.8,
    "pct3ResTime" : 2110.980000000002,
    "throughput" : 0.2991936730511272,
    "receivedKBytesPerSec" : 118.02264674047193,
    "sentKBytesPerSec" : 1.3068588747076628
  },
  "Total" : {
    "transaction" : "Total",
    "sampleCount" : 7343,
    "errorCount" : 5,
    "errorPct" : 0.06809206,
    "meanResTime" : 728.4503608879194,
    "medianResTime" : 668.0,
    "minResTime" : 0.0,
    "maxResTime" : 5375.0,
    "pct1ResTime" : 1375.0,
    "pct2ResTime" : 1545.7999999999993,
    "pct3ResTime" : 2053.5599999999995,
    "throughput" : 6.113226648106923,
    "receivedKBytesPerSec" : 2061.932683404084,
    "sentKBytesPerSec" : 21.805356244734284
  },
  "1.4 Open Sessions list" : {
    "transaction" : "1.4 Open Sessions list",
    "sampleCount" : 556,
    "errorCount" : 0,
    "errorPct" : 0.0,
    "meanResTime" : 1060.4892086330951,
    "medianResTime" : 959.0,
    "minResTime" : 552.0,
    "maxResTime" : 2617.0,
    "pct1ResTime" : 1546.6,
    "pct2ResTime" : 1655.6,
    "pct3ResTime" : 1960.4699999999984,
    "throughput" : 0.46833120787335514,
    "receivedKBytesPerSec" : 209.31935276584957,
    "sentKBytesPerSec" : 1.6621766719466238
  },
  "4.2 Vaccination batch" : {
    "transaction" : "4.2 Vaccination batch",
    "sampleCount" : 510,
    "errorCount" : 0,
    "errorPct" : 0.0,
    "meanResTime" : 853.0078431372548,
    "medianResTime" : 840.0,
    "minResTime" : 553.0,
    "maxResTime" : 2424.0,
    "pct1ResTime" : 1026.0,
    "pct2ResTime" : 1158.1499999999999,
    "pct3ResTime" : 1416.34,
    "throughput" : 0.4567596396435125,
    "receivedKBytesPerSec" : 175.97178254675518,