{
  "4.3 Vaccination confirm" : {
    "transaction" : "4.3 Vaccination confirm",
    "sampleCount" : 486,
    "errorCount" : 0,
    "errorPct" : 0.0,
    "meanResTime" : 1614.7633744855973,
    "medianResTime" : 1469.0,
    "minResTime" : 1052.0,
    "maxResTime" : 4806.0,
    "pct1ResTime" : 2128.9,
    "pct2ResTime" : 2591.849999999999,
    "pct3ResTime" : 4018.969999999999,
    "throughput" : 0.4582000844747481,
    "receivedKBytesPerSec" : 179.30862389009042,
    "sentKBytesPerSec" : 2.3768457269895875
  },
  "4.1 Vaccination questions" : {
    "transaction" : "4.1 Vaccination questions",
    "sampleCount" : 511,
    "errorCount" : 0,
    "errorPct" : 0.0,
    "meanResTime" : 1315.3209393346378,
    "medianResTime" : 1245.0,
    "minResTime" : 593.0,
    "maxResTime" : 3001.0,
    "pct1ResTime" : 1491.8000000000002,
    "pct2ResTime" : 1787.1999999999994,
    "pct3ResTime" : 2619.8799999999997,
    "throughput" : 0.45795588567413614,
    "receivedKBytesPerSec" : 175.23364831150053,
    "sentKBytesPerSec" : 2.274105634728202
  },
  "Get Next Patient from STS" : {
    "transaction" : "Get Next Patient from STS",
    "sampleCount" : 554,
    "errorCount" : 0,
    "errorPct" : 0.0,
    "meanResTime" : 0.7364620938628164,
    "medianResTime" : 1.0,
    "minResTime" : 0.0,
    "maxResTime" : 2.0,
    "pct1ResTime" : 1.0,
    "pct2ResTime" : 1.0,
    "pct3ResTime" : 1.0,
    "throughput" : 0.4679180518392389,
    "receivedKBytesPerSec" : 0.1969228818895443,
    "sentKBytesPerSec" : 0.2987256755461296
  },
  "2.0 Register attendance" : {
    "transaction" : "2.0 Register attendance",
    "sampleCount" : 537,
    "errorCount" : 3,
    "errorPct" : 0.5586592,
    "meanResTime" : 2959.1005586592164,
    "medianResTime" : 2909.0,
    "minResTime" : 1462.0,
    "maxResTime" : 6828.0,
    "pct1ResTime" : 3902.6,
    "pct2ResTime" : 4338.0,
    "pct3ResTime" : 5283.000000000002,
    "throughput" : 0.4587171637099199,
    "receivedKBytesPerSec" : 834.8553551718545,
    "sentKBytesPerSec" : 8.079397630473855
  },
  "1.0 Login" : {
    "transaction" : "1.0 Login",
    "sampleCount" : 555,
    "errorCount" : 0,
    "errorPct" : 0.0,
    "meanResTime" : 3428.9819819819827,
    "medianResTime" : 3353.0,
    "minResTime" : 2157.0,
    "maxResTime" : 7503.0,
    "pct1ResTime" : 4040.4,
    "pct2ResTime" : 4432.4,
    "pct3ResTime" : 5897.519999999971,
    "throughput" : 0.46684241250700265,
    "receivedKBytesPerSec" : 753.3198966856187,
    "sentKBytesPerSec" : 7.709981465357349
  },
  "4.0 Vaccination for menacwy" : {
    "transaction" : "4.0 Vaccination for menacwy",
    "sampleCount" : 126,
    "errorCount" : 0,
    "errorPct" : 0.0,
    "meanResTime" : 3719.3650793650786,
    "medianResTime" : 3673.5,
    "minResTime" : 1870.0,
    "maxResTime" : 6352.0,
    "pct1ResTime" : 4425.0,
    "pct2ResTime" : 4900.399999999999,
    "pct3ResTime" : 6012.610000000005,
    "throughput" : 0.11374530800604474,
    "receivedKBytesPerSec" : 130.20434505383943,
    "sentKBytesPerSec" : 1.64143796017199
  },
  "2.5 Select patient" : {
    "transaction" : "2.5 Select patient",
    "sampleCount" : 534,
    "errorCount" : 0,
    "errorPct" : 0.0,
    "meanResTime" : 477.43258426966304,
    "medianResTime" : 423.0,
    "minResTime" : 346.0,
    "maxResTime" : 3410.0,
    "pct1ResTime" : 631.0,
    "pct2ResTime" : 800.25,
    "pct3ResTime" : 1390.8499999999972,
    "throughput" : 0.4596327929922353,
    "receivedKBytesPerSec" : 181.15889971392377,
    "sentKBytesPerSec" : 1.6337357868349633
  },
  "2.3 Search by first/last name" : {
    "transaction" : "2.3 Search by first/last name",
    "sampleCount" : 542,
    "errorCount" : 0,
    "errorPct" : 0.0,
    "meanResTime" : 481.80996309963086,
    "medianResTime" : 442.0,
    "minResTime" : 333.0,
    "maxResTime" : 2022.0,
    "pct1ResTime" : 649.4,
    "pct2ResTime" : 753.7500000000003,
    "pct3ResTime" : 1241.060000000003,
    "throughput" : 0.46283842925275503,
    "receivedKBytesPerSec" : 182.5685317902539,
    "sentKBytesPerSec" : 1.7114776204917017
  },
  "4.0 Vaccination for flu" : {
    "transaction" : "4.0 Vaccination for flu",
    "sampleCount" : 128,
    "errorCount" : 0,
    "errorPct" : 0.0,
    "meanResTime" : 3746.335937500001,
    "medianResTime" : 3617.0,
    "minResTime" : 1972.0,
    "maxResTime" : 6782.0,
    "pct1ResTime" : 4511.7,
    "pct2ResTime" : 4987.099999999999,
    "pct3ResTime" : 6666.579999999997,
    "throughput" : 0.11506217852256567,
    "receivedKBytesPerSec" : 131.56658005821876,
    "sentKBytesPerSec" : 1.657082529358834
  },
  "4.0 Vaccination for hpv" : {
    "transaction" : "4.0 Vaccination for hpv",
    "sampleCount" : 125,
    "errorCount" : 0,
    "errorPct" : 0.0,
    "meanResTime" : 3642.0800000000013,
    "medianResTime" : 3554.0,
    "minResTime" : 1818.0,
    "maxResTime" : 6066.0,
    "pct1ResTime" : 4237.6,
    "pct2ResTime" : 4879.999999999999,
    "pct3ResTime" : 5902.719999999997,
    "throughput" : 0.11462579263735607,
    "receivedKBytesPerSec" : 131.14959138770567,
    "sentKBytesPerSec" : 1.6575856770487065
  },
  "1.2 Sign-in page" : {
    "transaction" : "1.2 Sign-in page",
    "sampleCount" : 556,
    "errorCount" : 0,
    "errorPct" : 0.0,
    "meanResTime" : 751.1726618705036,
    "medianResTime" : 591.5,
    "minResTime" : 199.0,
    "maxResTime" : 3446.0,
    "pct1ResTime" : 1270.6,
    "pct2ResTime" : 1373.3,
    "pct3ResTime" : 1860.4999999999925,
    "throughput" : 0.46607853590984233,
    "receivedKBytesPerSec" : 181.0664602922673,
    "sentKBytesPerSec" : 1.960711186545
  },
  "Debug Sampler" : {
    "transaction" : "Debug Sampler",
    "sampleCount" : 537,
    "errorCount" : 0,
    "errorPct" : 0.0,
    "meanResTime" : 0.5232774674115451,
    "medianResTime" : 1.0,
    "minResTime" : 0.0,
    "maxResTime" : 3.0,
    "pct1ResTime" : 1.0,
    "pct2ResTime" : 1.0,
    "pct3ResTime" : 1.0,
    "throughput" : 0.45868660173873826,
    "receivedKBytesPerSec" : 2.8226449443255257,
    "sentKBytesPerSec" : 0.0
  },
  "2.4 Patient attending session" : {
    "transaction" : "2.4 Patient attending session",
    "sampleCount" : 321,
    "errorCount" : 3,
    "errorPct" : 0.93457943,
    "meanResTime" : 1081.644859813084,
    "medianResTime" : 966.0,
    "minResTime" : 482.0,
    "maxResTime" : 3148.0,
    "pct1ResTime" : 1496.8000000000002,
    "pct2ResTime" : 1803.2999999999993,
    "pct3ResTime" : 2723.299999999984,
    "throughput" : 0.32738031495822073,
    "receivedKBytesPerSec" : 129.37536823114428,
    "sentKBytesPerSec" : 1.43169428205038
  },
  "Total" : {
    "transaction" : "Total",
    "sampleCount" : 7307,
    "errorCount" : 3,
    "errorPct" : 0.04105652,
    "meanResTime" : 739.0013685507074,
    "medianResTime" : 668.0,
    "minResTime" : 0.0,
    "maxResTime" : 4806.0,
    "pct1ResTime" : 1365.1999999999998,
    "pct2ResTime" : 1563.199999999999,
    "pct3ResTime" : 2233.2800000000007,
    "throughput" : 6.084289094908915,
    "receivedKBytesPerSec" : 2051.7885918616703,
    "sentKBytesPerSec" : 21.693613185200697
  },
  "1.4 Open Sessions list" : {
    "transaction" : "1.4 Open Sessions list",
    "sampleCount" : 555,
    "errorCount" : 0,
    "errorPct" : 0.0,
    "meanResTime" : 983.3045045045044,
    "medianResTime" : 840.0,
    "minResTime" : 484.0,
    "maxResTime" : 3681.0,
    "pct1ResTime" : 1491.8000000000002,
    "pct2ResTime" : 1600.9999999999993,
    "pct3ResTime" : 2157.119999999988,
    "throughput" : 0.4679263863267694,
    "receivedKBytesPerSec" : 209.12653793913415,
    "sentKBytesPerSec" : 1.6607344065112588
  },
  "4.2 Vaccination batch" : {
    "transaction" : "4.2 Vaccination batch",
    "sampleCount" : 504,
    "errorCount" : 0,
    "errorPct" : 0.0,
    "meanResTime" : 855.1765873015871,
    "medianResTime" : 830.0,
    "minResTime" : 534.0,
    "maxResTime" : 3062.0,
    "pct1ResTime" : 1058.5,
    "pct2ResTime" : 1171.5,
    "pct3ResTime" : 1601.5999999999997,
    "throughput" : 0.45677453735717866,