{
  "1.2 Sign-in page" : {
    "transaction" : "1.2 Sign-in page",
    "sampleCount" : 70,
    "errorCount" : 0,
    "errorPct" : 0.0,
    "meanResTime" : 562.5714285714283,
    "medianResTime" : 625.0,
    "minResTime" : 263.0,
    "maxResTime" : 1285.0,
    "pct1ResTime" : 647.0,
    "pct2ResTime" : 653.0,
    "pct3ResTime" : 1285.0,
    "throughput" : 0.07884259076753262,
    "receivedKBytesPerSec" : 30.683780847163636,
    "sentKBytesPerSec" : 0.2766420201442819
  },
  "1.0 Login" : {
    "transaction" : "1.0 Login",
    "sampleCount" : 70,
    "errorCount" : 0,
    "errorPct" : 0.0,
    "meanResTime" : 3759.1714285714284,
    "medianResTime" : 3639.5,
    "minResTime" : 3082.0,
    "maxResTime" : 6611.0,
    "pct1ResTime" : 4074.9,
    "pct2ResTime" : 4924.1500000000015,
    "pct3ResTime" : 6611.0,
    "throughput" : 0.07861167293501173,
    "receivedKBytesPerSec" : 128.59716618605924,
    "sentKBytesPerSec" : 1.294943065495877
  },
  "Total" : {
    "transaction" : "Total",
    "sampleCount" : 280,
    "errorCount" : 0,
    "errorPct" : 0.0,
    "meanResTime" : 939.7928571428573,
    "medianResTime" : 937.5,
    "minResTime" : 263.0,
    "maxResTime" : 2363.0,
    "pct1ResTime" : 1179.8,
    "pct2ResTime" : 1294.6999999999998,
    "pct3ResTime" : 2013.329999999999,
    "throughput" : 0.309724920024601,
    "receivedKBytesPerSec" : 126.66613470144176,
    "sentKBytesPerSec" : 1.2754980349059986
  },
  "1.4 Open Sessions list" : {
    "transaction" : "1.4 Open Sessions list",
    "sampleCount" : 70,
    "errorCount" : 0,
    "errorPct" : 0.0,
    "meanResTime" : 944.4857142857143,
    "medianResTime" : 880.0,
    "minResTime" : 721.0,
    "maxResTime" : 2343.0,
    "pct1ResTime" : 1139.8,
    "pct2ResTime" : 1637.9,
    "pct3ResTime" : 2343.0,
    "throughput" : 0.07887315056546415,
    "receivedKBytesPerSec" : 36.28509996045075,
    "sentKBytesPerSec" : 0.32103837066099083
  },
  "1.1 Homepage" : {
    "transaction" : "1.1 Homepage",
    "sampleCount" : 70,
    "errorCount" : 0,
    "errorPct" : 0.0,
    "meanResTime" : 1196.3999999999999,
    "medianResTime" : 1157.5,
    "minResTime" : 1122.0,
    "maxResTime" : 2363.0,
    "pct1ResTime" : 1183.6,
    "pct2ResTime" : 1520.5500000000015,
    "pct3ResTime" : 2363.0,
    "throughput" : 0.07880406944214599,
    "receivedKBytesPerSec" : 30.638083322497774,
    "sentKBytesPerSec" : 0.25634409698416827
  },
  "1.3 Sign-in" : {
    "transaction" : "1.3 Sign-in",
    "sampleCount" : 70,
    "errorCount" : 0,
    "errorPct" : 0.0,
    "meanResTime" : 1055.7142857142856,
    "medianResTime" : 1045.0,
    "minResTime" : 792.0,
    "maxResTime" : 1855.0,
    "pct1ResTime" : 1294.4,
    "pct2ResTime" : 1589.5500000000002,
    "pct3ResTime" : 1855.0,
    "throughput" : 0.07883291251573843,
    "receivedKBytesPerSec" : 31.36318153868331,
    "sentKBytesPerSec" : 0.4446668971590871
  }
}