{
  "2.0 Register attendance" : {
    "transaction" : "2.0 Register attendance",
    "sampleCount" : 62,
    "errorCount" : 0,
    "errorPct" : 0.0,
    "meanResTime" : 1669.467741935484,
    "medianResTime" : 1792.0,
    "minResTime" : 737.0,
    "maxResTime" : 2356.0,
    "pct1ResTime" : 1970.7,
    "pct2ResTime" : 2078.5999999999995,
    "pct3ResTime" : 2356.0,
    "throughput" : 0.12124222436460275,
    "receivedKBytesPerSec" : 21.59492679511824,
    "sentKBytesPerSec" : 0.5151839691868754
  },
  "2.5 Select patient" : {
    "transaction" : "2.5 Select patient",
    "sampleCount" : 57,
    "errorCount" : 0,
    "errorPct" : 0.0,
    "meanResTime" : 207.49122807017542,
    "medianResTime" : 203.0,
    "minResTime" : 172.0,
    "maxResTime" : 531.0,
    "pct1ResTime" : 237.0,
    "pct2ResTime" : 270.5999999999998,
    "pct3ResTime" : 531.0,
    "throughput" : 0.11388452109560905,
    "receivedKBytesPerSec" : 2.8979169809313357,
    "sentKBytesPerSec" : 0.07907411572165823
  },
  "1.4 Select Organisations" : {
    "transaction" : "1.4 Select Organisations",
    "sampleCount" : 35,
    "errorCount" : 0,
    "errorPct" : 0.0,
    "meanResTime" : 277.5142857142857,
    "medianResTime" : 264.0,
    "minResTime" : 250.0,
    "maxResTime" : 476.0,
    "pct1ResTime" : 314.5999999999999,
    "pct2ResTime" : 398.3999999999996,
    "pct3ResTime" : 476.0,
    "throughput" : 0.5535172064777328,
    "receivedKBytesPerSec" : 7.953026034088753,
    "sentKBytesPerSec" : 0.8027080582221028
  },
  "2.5 Select menacwy" : {
    "transaction" : "2.5 Select menacwy",
    "sampleCount" : 32,
    "errorCount" : 0,
    "errorPct" : 0.0,
    "meanResTime" : 273.56250000000006,
    "medianResTime" : 206.5,
    "minResTime" : 174.0,
    "maxResTime" : 547.0,
    "pct1ResTime" : 540.0,
    "pct2ResTime" : 545.7,
    "pct3ResTime" : 547.0,
    "throughput" : 0.11193664385957548,
    "receivedKBytesPerSec" : 2.593686270445928,
    "sentKBytesPerSec" : 0.07815888706991843
  },
  "2.3 Search by first/last name" : {
    "transaction" : "2.3 Search by first/last name",
    "sampleCount" : 67,
    "errorCount" : 0,
    "errorPct" : 0.0,
    "meanResTime" : 240.74626865671647,
    "medianResTime" : 180.0,
    "minResTime" : 157.0,
    "maxResTime" : 636.0,
    "pct1ResTime" : 509.2,
    "pct2ResTime" : 522.2,
    "pct3ResTime" : 636.0,
    "throughput" : 0.12826182258135535,
    "receivedKBytesPerSec" : 3.46095855791117,
    "sentKBytesPerSec" : 0.11078958911229418
  },
  "2.5 Select td_ipv" : {
    "transaction" : "2.5 Select td_ipv",
    "sampleCount" : 27,
    "errorCount" : 0,
    "errorPct" : 0.0,
    "meanResTime" : 247.70370370370367,
    "medianResTime" : 204.0,
    "minResTime" : 175.0,
    "maxResTime" : 551.0,
    "pct1ResTime" : 545.2,
    "pct2ResTime" : 549.0,
    "pct3ResTime" : 551.0,
    "throughput" : 0.34693221972373917,
    "receivedKBytesPerSec" : 8.15123825489881,
    "sentKBytesPerSec" : 0.2419039110183103
  },
  "4.0 Vaccination for flu" : {
    "transaction" : "4.0 Vaccination for flu",
    "sampleCount" : 41,
    "errorCount" : 0,
    "errorPct" : 0.0,
    "meanResTime" : 1437.3170731707312,
    "medianResTime" : 1435.0,
    "minResTime" : 1331.0,
    "maxResTime" : 1647.0,
    "pct1ResTime" : 1514.8,
    "pct2ResTime" : 1575.3,
    "pct3ResTime" : 1647.0,
    "throughput" : 0.1371746701952899,
    "receivedKBytesPerSec" : 7.201434939057643,
    "sentKBytesPerSec" : 0.8008139884288147
  },
  "4.0 Vaccination for hpv" : {
    "transaction" : "4.0 Vaccination for hpv",
    "sampleCount" : 41,
    "errorCount" : 0,
    "errorPct" : 0.0,
    "meanResTime" : 1490.9756097560978,
    "medianResTime" : 1494.0,
    "minResTime" : 1368.0,
    "maxResTime" : 1624.0,
    "pct1ResTime" : 1573.0,
    "pct2ResTime" : 1612.0,
    "pct3ResTime" : 1624.0,
    "throughput" : 0.13512444631934192,
    "receivedKBytesPerSec" : 6.958857489849189,
    "sentKBytesPerSec" : 0.8006181376967544
  },
  "Select Organisations" : {
    "transaction" : "Select Organisations",
    "sampleCount" : 1,
    "errorCount" : 0,
    "errorPct" : 0.0,
    "meanResTime" : 0.0,
    "medianResTime" : 0.0,
    "minResTime" : 0.0,
    "maxResTime" : 0.0,
    "pct1ResTime" : 0.0,
    "pct2ResTime" : 0.0,
    "pct3ResTime" : 0.0,
    "throughput" : "Infinity",
    "receivedKBytesPerSec" : "NaN",
    "sentKBytesPerSec" : "NaN"
  },
  "1.2 Sign-in page" : {
    "transaction" : "1.2 Sign-in page",
    "sampleCount" : 35,
    "errorCount" : 0,
    "errorPct" : 0.0,
    "meanResTime" : 119.65714285714286,
    "medianResTime" : 119.0,
    "minResTime" : 112.0,
    "maxResTime" : 143.0,
    "pct1ResTime" : 123.0,
    "pct2ResTime" : 129.39999999999992,
    "pct3ResTime" : 143.0,
    "throughput" : 0.6027519933869495,
    "receivedKBytesPerSec" : 3.6324048351473297,
    "sentKBytesPerSec" : 0.36318162101537876
  },
  "2.4 Patient attending session" : {
    "transaction" : "2.4 Patient attending session",
    "sampleCount" : 61,
    "errorCount" : 0,
    "errorPct" : 0.0,
    "meanResTime" : 394.327868852459,
    "medianResTime" : 392.0,
    "minResTime" : 346.0,
    "maxResTime" : 447.0,
    "pct1ResTime" : 428.8,
    "pct2ResTime" : 441.9,
    "pct3ResTime" : 447.0,
    "throughput" : 0.11888497586245203,
    "receivedKBytesPerSec" : 3.2764588197547853,
    "sentKBytesPerSec" : 0.17693428048278995
  },
  "Logout" : {
    "transaction" : "Logout",
    "sampleCount" : 1,
    "errorCount" : 0,
    "errorPct" : 0.0,
    "meanResTime" : 364.0,
    "medianResTime" : 364.0,
    "minResTime" : 364.0,
    "maxResTime" : 364.0,
    "pct1ResTime" : 364.0,
    "pct2ResTime" : 364.0,
    "pct3ResTime" : 364.0,
    "throughput" : 2.7472527472527473,
    "receivedKBytesPerSec" : 17.22935267857143,
    "sentKBytesPerSec" : 5.808400583791209
  },
  "1.1 Homepage" : {
    "transaction" : "1.1 Homepage",
    "sampleCount" : 35,
    "errorCount" : 0,
    "errorPct" : 0.0,
    "meanResTime" : 355.97142857142853,
    "medianResTime" : 354.0,
    "minResTime" : 332.0,
    "maxResTime" : 424.0,
    "pct1ResTime" : 368.79999999999995,
    "pct2ResTime" : 406.3999999999999,
    "pct3ResTime" : 424.0,
    "throughput" : 0.5986487642179081,
    "receivedKBytesPerSec" : 3.0897057801676215,
    "sentKBytesPerSec" : 0.32446295326263574
  },
  "1.3 Sign-in" : {
    "transaction" : "1.3 Sign-in",
    "sampleCount" : 35,
    "errorCount" : 0,
    "errorPct" : 0.0,
    "meanResTime" : 498.1142857142857,
    "medianResTime" : 484.0,
    "minResTime" : 470.0,
    "maxResTime" : 721.0,
    "pct1ResTime" : 541.0,
    "pct2ResTime" : 605.7999999999994,
    "pct3ResTime" : 721.0,
    "throughput" : 0.552006939515811,
    "receivedKBytesPerSec" : 5.360504889204321,
    "sentKBytesPerSec" : 0.8705968821465184
  },
  "4.0 Vaccination for td_ipv" : {
    "transaction" : "4.0 Vaccination for td_ipv",
    "sampleCount" : 27,
    "errorCount" : 0,
    "errorPct" : 0.0,
    "meanResTime" : 1501.0000000000005,
    "medianResTime" : 1485.0,
    "minResTime" : 1351.0,
    "maxResTime" : 1853.0,
    "pct1ResTime" : 1610.8,
    "pct2ResTime" : 1792.5999999999997,
    "pct3ResTime" : 1853.0,
    "throughput" : 0.3402646502835539,
    "receivedKBytesPerSec" : 19.14200338689351,
    "sentKBytesPerSec" : 2.0181430174858224
  },
  "2.1 Open session" : {
    "transaction" : "2.1 Open session",
    "sampleCount" : 70,
    "errorCount" : 0,
    "errorPct" : 0.0,
    "meanResTime" : 365.69999999999993,
    "medianResTime" : 247.5,
    "minResTime" : 180.0,
    "maxResTime" : 695.0,
    "pct1ResTime" : 569.5,
    "pct2ResTime" : 609.8000000000001,
    "pct3ResTime" : 695.0,
    "throughput" : 0.13166556945358787,
    "receivedKBytesPerSec" : 2.264649631453964,
    "sentKBytesPerSec" : 0.08351248765635287
  },
  "4.3 Vaccination confirm" : {
    "transaction" : "4.3 Vaccination confirm",
    "sampleCount" : 136,
    "errorCount" : 0,
    "errorPct" : 0.0,
    "meanResTime" : 725.6764705882355,
    "medianResTime" : 631.0,
    "minResTime" : 543.0,
    "maxResTime" : 1272.0,