{
  "4.3 Vaccination confirm" : {
    "transaction" : "4.3 Vaccination confirm",
    "sampleCount" : 759,
    "errorCount" : 0,
    "errorPct" : 0.0,
    "meanResTime" : 2304.633728590252,
    "medianResTime" : 2157.0,
    "minResTime" : 1468.0,
    "maxResTime" : 6219.0,
    "pct1ResTime" : 3069.0,
    "pct2ResTime" : 3377.0,
    "pct3ResTime" : 4499.0,
    "throughput" : 0.4524096626120667,
    "receivedKBytesPerSec" : 182.7313609612558,
    "sentKBytesPerSec" : 2.6992392325829733
  },
  "4.1 Vaccination questions" : {
    "transaction" : "4.1 Vaccination questions",
    "sampleCount" : 785,
    "errorCount" : 0,
    "errorPct" : 0.0,
    "meanResTime" : 1667.1541401273898,
    "medianResTime" : 1603.0,
    "minResTime" : 551.0,
    "maxResTime" : 2908.0,
    "pct1ResTime" : 1857.1999999999998,
    "pct2ResTime" : 2001.3999999999999,
    "pct3ResTime" : 2479.979999999999,
    "throughput" : 0.455258261922547,
    "receivedKBytesPerSec" : 179.7049278553392,
    "sentKBytesPerSec" : 2.5736590469385767
  },
  "2.0 Register attendance" : {
    "transaction" : "2.0 Register attendance",
    "sampleCount" : 806,
    "errorCount" : 19,
    "errorPct" : 2.35732,
    "meanResTime" : 3779.7270471464,
    "medianResTime" : 3864.0,
    "minResTime" : 1680.0,
    "maxResTime" : 7659.0,
    "pct1ResTime" : 5026.6,
    "pct2ResTime" : 5541.6,
    "pct3ResTime" : 6546.6199999999935,
    "throughput" : 0.4587719937342902,
    "receivedKBytesPerSec" : 886.319317247415,
    "sentKBytesPerSec" : 9.304589562709465
  },
  "1.0 Login" : {
    "transaction" : "1.0 Login",
    "sampleCount" : 821,
    "errorCount" : 1,
    "errorPct" : 0.12180268,
    "meanResTime" : 4508.505481120585,
    "medianResTime" : 4446.0,
    "minResTime" : 2623.0,
    "maxResTime" : 6927.0,
    "pct1ResTime" : 5211.0,
    "pct2ResTime" : 5551.0,
    "pct3ResTime" : 5975.12,
    "throughput" : 0.4585959367617988,
    "receivedKBytesPerSec" : 763.5907109422261,
    "sentKBytesPerSec" : 8.690592760209904
  },
  "4.0 Vaccination for menacwy" : {
    "transaction" : "4.0 Vaccination for menacwy",
    "sampleCount" : 191,
    "errorCount" : 0,
    "errorPct" : 0.0,
    "meanResTime" : 4848.979057591624,
    "medianResTime" : 4754.0,
    "minResTime" : 2405.0,
    "maxResTime" : 7512.0,
    "pct1ResTime" : 5670.0,
    "pct2ResTime" : 6216.0,
    "pct3ResTime" : 7007.839999999991,
    "throughput" : 0.11359365112594502,
    "receivedKBytesPerSec" : 134.47994379753388,
    "sentKBytesPerSec" : 1.8839509130089709
  },
  "2.5 Select patient" : {
    "transaction" : "2.5 Select patient",
    "sampleCount" : 799,
    "errorCount" : 0,
    "errorPct" : 0.0,
    "meanResTime" : 490.7997496871087,
    "medianResTime" : 423.0,
    "minResTime" : 353.0,
    "maxResTime" : 2061.0,
    "pct1ResTime" : 683.0,
    "pct2ResTime" : 803.0,
    "pct3ResTime" : 1202.0,
    "throughput" : 0.4537349370222722,
    "receivedKBytesPerSec" : 184.530079083295,
    "sentKBytesPerSec" : 1.8653273207420469
  },
  "2.3 Search by first/last name" : {
    "transaction" : "2.3 Search by first/last name",
    "sampleCount" : 812,
    "errorCount" : 0,
    "errorPct" : 0.0,
    "meanResTime" : 524.6022167487685,
    "medianResTime" : 454.5,
    "minResTime" : 355.0,
    "maxResTime" : 1942.0,
    "pct1ResTime" : 759.7,
    "pct2ResTime" : 853.7499999999995,
    "pct3ResTime" : 1129.15,
    "throughput" : 0.4589922632671092,
    "receivedKBytesPerSec" : 186.93285788342527,
    "sentKBytesPerSec" : 1.962150966095338
  },
  "4.0 Vaccination for flu" : {
    "transaction" : "4.0 Vaccination for flu",
    "sampleCount" : 195,
    "errorCount" : 0,
    "errorPct" : 0.0,
    "meanResTime" : 4854.907692307696,
    "medianResTime" : 4736.0,
    "minResTime" : 2393.0,
    "maxResTime" : 8859.0,
    "pct1ResTime" : 5702.0,
    "pct2ResTime" : 6225.4,
    "pct3ResTime" : 7485.239999999989,
    "throughput" : 0.11441452911967114,
    "receivedKBytesPerSec" : 135.77789161728018,
    "sentKBytesPerSec" : 1.9014442184798241
  },
  "4.0 Vaccination for hpv" : {
    "transaction" : "4.0 Vaccination for hpv",
    "sampleCount" : 202,
    "errorCount" : 0,
    "errorPct" : 0.0,
    "meanResTime" : 4846.727722772274,
    "medianResTime" : 4778.5,
    "minResTime" : 2096.0,
    "maxResTime" : 7468.0,
    "pct1ResTime" : 5814.2,
    "pct2ResTime" : 6013.2,
    "pct3ResTime" : 7144.349999999999,
    "throughput" : 0.11827321111768184,
    "receivedKBytesPerSec" : 139.21544815282274,
    "sentKBytesPerSec" : 1.9549295630331809
  },
  "1.2 Sign-in page" : {
    "transaction" : "1.2 Sign-in page",
    "sampleCount" : 824,
    "errorCount" : 0,
    "errorPct" : 0.0,
    "meanResTime" : 1010.0145631067951,
    "medianResTime" : 771.0,
    "minResTime" : 299.0,
    "maxResTime" : 3244.0,
    "pct1ResTime" : 1771.5,
    "pct2ResTime" : 1856.75,
    "pct3ResTime" : 2207.5,
    "throughput" : 0.4591575462041212,
    "receivedKBytesPerSec" : 184.53121824224155,
    "sentKBytesPerSec" : 2.227249525448974
  },
  "2.4 Patient attending session" : {
    "transaction" : "2.4 Patient attending session",
    "sampleCount" : 593,
    "errorCount" : 19,
    "errorPct" : 3.2040472,
    "meanResTime" : 1770.578414839798,
    "medianResTime" : 1625.0,
    "minResTime" : 564.0,
    "maxResTime" : 4322.0,
    "pct1ResTime" : 2442.4,
    "pct2ResTime" : 2886.5,
    "pct3ResTime" : 3657.619999999993,
    "throughput" : 0.37485571531699646,
    "receivedKBytesPerSec" : 152.87252674442237,
    "sentKBytesPerSec" : 1.882269768147315
  },
  "Total" : {
    "transaction" : "Total",
    "sampleCount" : 9450,
    "errorCount" : 20,
    "errorPct" : 0.21164021,
    "meanResTime" : 1118.5110052909977,
    "medianResTime" : 932.0,
    "minResTime" : 299.0,
    "maxResTime" : 6219.0,
    "pct1ResTime" : 1997.0,
    "pct2ResTime" : 2300.0,
    "pct3ResTime" : 3088.959999999999,
    "throughput" : 5.243669725381525,
    "receivedKBytesPerSec" : 2143.9880998218887,
    "sentKBytesPerSec" : 24.985773576364476
  },
  "1.4 Open Sessions list" : {
    "transaction" : "1.4 Open Sessions list",
    "sampleCount" : 820,
    "errorCount" : 1,
    "errorPct" : 0.12195122,
    "meanResTime" : 1505.859756097562,
    "medianResTime" : 1319.5,
    "minResTime" : 786.0,
    "maxResTime" : 3475.0,
    "pct1ResTime" : 2240.7,
    "pct2ResTime" : 2381.95,
    "pct3ResTime" : 2835.1799999999985,
    "throughput" : 0.4593806652280209,
    "receivedKBytesPerSec" : 211.14863522276042,
    "sentKBytesPerSec" : 1.8866201731066794
  },
  "4.2 Vaccination batch" : {
    "transaction" : "4.2 Vaccination batch",
    "sampleCount" : 782,
    "errorCount" : 0,
    "errorPct" : 0.0,
    "meanResTime" : 946.3644501278774,
    "medianResTime" : 960.5,
    "minResTime" : 525.0,
    "maxResTime" : 2082.0,
    "pct1ResTime" : 1155.7,
    "pct2ResTime" : 1288.85,
    "pct3ResTime" : 1752.5499999999993,
    "throughput" : 0.45597800576678066,
    "receivedKBytesPerSec" : 181.19391553893016,
    "sentKBytesPerSec" : 2.3450164031090472
  },
  "1.1 Homepage" : {
    "transaction" : "1.1 Homepage",
    "sampleCount" : 826,
    "errorCount" : 0,
    "errorPct" : 0.0,
    "meanResTime" : 849.2215496368042,
    "medianResTime" : 785.0,
    "minResTime" : 503.0,
    "maxResTime" : 2330.0,
    "pct1ResTime" : 1334.0,
    "pct2ResTime" : 1368.0,
    "pct3ResTime" : 1672.4400000000005,
    "throughput" : 0.4587622195427152,
    "receivedKBytesPerSec" : 184.17498057480796,
    "sentKBytesPerSec" : 2.212240738251716
  },
  "1.3 Sign-in" : {
    "transaction" : "1.3 Sign-in",
    "sampleCount" : 821,
    "errorCount" : 0,
    "errorPct" : 0.0,
    "meanResTime" : 1144.7844092570044,
    "medianResTime" : 1004.0,
    "minResTime" : 502.0,
    "maxResTime" : 2888.0,
    "pct1ResTime" : 1776.0,
    "pct2ResTime" : 1918.9,
    "pct3ResTime" : 2402.499999999999,
    "throughput" : 0.45955830904932443,
    "receivedKBytesPerSec" : 185.03197754069694,
    "sentKBytesPerSec" : 2.379123194162546
  },