{
  "4.3 Vaccination confirm" : {
    "transaction" : "4.3 Vaccination confirm",
    "sampleCount" : 1568,
    "errorCount" : 0,
    "errorPct" : 0.0,
    "meanResTime" : 1114.2436224489782,
    "medianResTime" : 1005.5,
    "minResTime" : 788.0,
    "maxResTime" : 3398.0,
    "pct1ResTime" : 1519.0,
    "pct2ResTime" : 1741.6499999999999,
    "pct3ResTime" : 2482.6399999999976,
    "throughput" : 0.4542306164761148,
    "receivedKBytesPerSec" : 9.185616087208802,
    "sentKBytesPerSec" : 1.0578697441382379
  },
  "4.1 Vaccination questions" : {
    "transaction" : "4.1 Vaccination questions",
    "sampleCount" : 1582,
    "errorCount" : 0,
    "errorPct" : 0.0,
    "meanResTime" : 723.8160556257901,
    "medianResTime" : 649.0,
    "minResTime" : 430.0,
    "maxResTime" : 2618.0,
    "pct1ResTime" : 938.1000000000001,
    "pct2ResTime" : 1187.85,
    "pct3ResTime" : 1639.0,
    "throughput" : 0.45087140446442486,
    "receivedKBytesPerSec" : 4.932204489793548,
    "sentKBytesPerSec" : 0.952412571257347
  },
  "2.0 Register attendance" : {
    "transaction" : "2.0 Register attendance",
    "sampleCount" : 1620,
    "errorCount" : 11,
    "errorPct" : 0.67901236,
    "meanResTime" : 2804.220370370373,
    "medianResTime" : 2729.0,
    "minResTime" : 1566.0,
    "maxResTime" : 6654.0,
    "pct1ResTime" : 3680.0,
    "pct2ResTime" : 4009.6499999999987,
    "pct3ResTime" : 4854.32,
    "throughput" : 0.4535320064815883,
    "receivedKBytesPerSec" : 52.263420253973024,
    "sentKBytesPerSec" : 1.6702383478668879
  },
  "1.0 Login" : {
    "transaction" : "1.0 Login",
    "sampleCount" : 1636,
    "errorCount" : 0,
    "errorPct" : 0.0,
    "meanResTime" : 2456.81479217604,
    "medianResTime" : 2349.0,
    "minResTime" : 1580.0,
    "maxResTime" : 5128.0,
    "pct1ResTime" : 3094.3,
    "pct2ResTime" : 3390.1499999999996,
    "pct3ResTime" : 4118.299999999999,
    "throughput" : 0.4564415028085381,
    "receivedKBytesPerSec" : 35.98335296320094,
    "sentKBytesPerSec" : 2.2652836955000897
  },
  "4.0 Vaccination for menacwy" : {
    "transaction" : "4.0 Vaccination for menacwy",
    "sampleCount" : 389,
    "errorCount" : 0,
    "errorPct" : 0.0,
    "meanResTime" : 2352.102827763495,
    "medianResTime" : 2253.0,
    "minResTime" : 1096.0,
    "maxResTime" : 4612.0,
    "pct1ResTime" : 2902.0,
    "pct2ResTime" : 3360.5,
    "pct3ResTime" : 3723.700000000002,
    "throughput" : 0.11219152737660734,
    "receivedKBytesPerSec" : 4.978614504035578,
    "sentKBytesPerSec" : 0.6790001714237509
  },
  "2.5 Select patient" : {
    "transaction" : "2.5 Select patient",
    "sampleCount" : 1613,
    "errorCount" : 0,
    "errorPct" : 0.0,
    "meanResTime" : 434.48047117172956,
    "medianResTime" : 379.0,
    "minResTime" : 313.0,
    "maxResTime" : 2146.0,
    "pct1ResTime" : 578.6000000000001,
    "pct2ResTime" : 719.0,
    "pct3ResTime" : 1206.5799999999997,
    "throughput" : 0.45441611895391326,
    "receivedKBytesPerSec" : 10.474496064796554,
    "sentKBytesPerSec" : 0.3162885984305318
  },
  "Get Session ID's" : {
    "transaction" : "Get Session ID's",
    "sampleCount" : 1,
    "errorCount" : 0,
    "errorPct" : 0.0,
    "meanResTime" : 0.0,
    "medianResTime" : 0.0,
    "minResTime" : 0.0,
    "maxResTime" : 0.0,
    "pct1ResTime" : 0.0,
    "pct2ResTime" : 0.0,
    "pct3ResTime" : 0.0,
    "throughput" : "Infinity",
    "receivedKBytesPerSec" : "NaN",
    "sentKBytesPerSec" : "NaN"
  },
  "2.3 Search by first/last name" : {
    "transaction" : "2.3 Search by first/last name",
    "sampleCount" : 1627,
    "errorCount" : 0,
    "errorPct" : 0.0,
    "meanResTime" : 449.4990780577749,
    "medianResTime" : 395.0,
    "minResTime" : 330.0,
    "maxResTime" : 1865.0,
    "pct1ResTime" : 591.0,
    "pct2ResTime" : 761.5999999999999,
    "pct3ResTime" : 1172.080000000001,
    "throughput" : 0.45565563300425493,
    "receivedKBytesPerSec" : 11.844159992924315,
    "sentKBytesPerSec" : 0.3605860704294617
  },
  "Data prep" : {
    "transaction" : "Data prep",
    "sampleCount" : 1,
    "errorCount" : 0,
    "errorPct" : 0.0,
    "meanResTime" : 0.0,
    "medianResTime" : 0.0,
    "minResTime" : 0.0,
    "maxResTime" : 0.0,
    "pct1ResTime" : 0.0,
    "pct2ResTime" : 0.0,
    "pct3ResTime" : 0.0,
    "throughput" : "Infinity",
    "receivedKBytesPerSec" : "NaN",
    "sentKBytesPerSec" : "NaN"
  },
  "4.0 Vaccination for flu" : {
    "transaction" : "4.0 Vaccination for flu",
    "sampleCount" : 398,
    "errorCount" : 0,
    "errorPct" : 0.0,
    "meanResTime" : 2408.7914572864333,
    "medianResTime" : 2280.0,
    "minResTime" : 1032.0,
    "maxResTime" : 4455.0,
    "pct1ResTime" : 3131.9000000000005,
    "pct2ResTime" : 3387.6499999999987,
    "pct3ResTime" : 4040.0699999999997,
    "throughput" : 0.11379748793475002,
    "receivedKBytesPerSec" : 5.14977303226845,
    "sentKBytesPerSec" : 0.6858904347850329
  },
  "4.0 Vaccination for hpv" : {
    "transaction" : "4.0 Vaccination for hpv",
    "sampleCount" : 396,
    "errorCount" : 0,
    "errorPct" : 0.0,
    "meanResTime" : 2371.6111111111136,
    "medianResTime" : 2279.5,
    "minResTime" : 1121.0,
    "maxResTime" : 4112.0,
    "pct1ResTime" : 2977.0,
    "pct2ResTime" : 3235.15,
    "pct3ResTime" : 3745.5499999999947,
    "throughput" : 0.11321395550691549,
    "receivedKBytesPerSec" : 4.879269538412981,
    "sentKBytesPerSec" : 0.6844032985750765
  },
  "1.2 Sign-in page" : {
    "transaction" : "1.2 Sign-in page",
    "sampleCount" : 1638,
    "errorCount" : 0,
    "errorPct" : 0.0,
    "meanResTime" : 566.979853479853,
    "medianResTime" : 503.0,
    "minResTime" : 90.0,
    "maxResTime" : 3303.0,
    "pct1ResTime" : 821.1000000000001,
    "pct2ResTime" : 946.0999999999999,
    "pct3ResTime" : 1414.1499999999985,
    "throughput" : 0.45594456515748455,
    "receivedKBytesPerSec" : 8.584062613255462,
    "sentKBytesPerSec" : 0.6023831910837786
  },
  "Debug Sampler" : {
    "transaction" : "Debug Sampler",
    "sampleCount" : 1636,
    "errorCount" : 0,
    "errorPct" : 0.0,
    "meanResTime" : 0.4951100244498777,
    "medianResTime" : 0.0,
    "minResTime" : 0.0,
    "maxResTime" : 10.0,
    "pct1ResTime" : 1.0,
    "pct2ResTime" : 1.0,
    "pct3ResTime" : 1.0,
    "throughput" : 0.45659870248938395,
    "receivedKBytesPerSec" : 2.8338531324178104,
    "sentKBytesPerSec" : 0.0
  },
  "2.4 Patient attending session" : {
    "transaction" : "2.4 Patient attending session",
    "sampleCount" : 957,
    "errorCount" : 11,
    "errorPct" : 1.1494253,
    "meanResTime" : 869.6792058516193,
    "medianResTime" : 775.0,
    "minResTime" : 150.0,
    "maxResTime" : 3571.0,
    "pct1ResTime" : 1191.0,
    "pct2ResTime" : 1347.7999999999993,
    "pct3ResTime" : 2203.7199999999975,
    "throughput" : 0.26887755001698393,
    "receivedKBytesPerSec" : 6.972047760235258,
    "sentKBytesPerSec" : 0.3980980096072449
  },
  "Total" : {
    "transaction" : "Total",
    "sampleCount" : 20372,
    "errorCount" : 11,
    "errorPct" : 0.05399568,
    "meanResTime" : 606.2189770272945,
    "medianResTime" : 539.0,
    "minResTime" : 0.0,
    "maxResTime" : 3720.0,
    "pct1ResTime" : 1013.0,
    "pct2ResTime" : 1229.9500000000007,
    "pct3ResTime" : 1734.0,
    "throughput" : 5.658280623721839,
    "receivedKBytesPerSec" : 107.71186173007234,
    "sentKBytesPerSec" : 6.572078332308443
  },
  "1.4 Open Sessions list" : {
    "transaction" : "1.4 Open Sessions list",
    "sampleCount" : 1636,
    "errorCount" : 0,
    "errorPct" : 0.0,
    "meanResTime" : 661.9119804400979,
    "medianResTime" : 587.0,
    "minResTime" : 462.0,
    "maxResTime" : 1855.0,
    "pct1ResTime" : 891.0,
    "pct2ResTime" : 992.0,
    "pct3ResTime" : 1406.8199999999983,
    "throughput" : 0.4565249300004409,
    "receivedKBytesPerSec" : 10.237482390234497,
    "sentKBytesPerSec" : 0.2954627001203261
  },
  "4.2 Vaccination batch" : {
    "transaction" : "4.2 Vaccination batch",
    "sampleCount" : 1579,
    "errorCount" : 0,