{
  "4.3 Vaccination confirm" : {
    "transaction" : "4.3 Vaccination confirm",
    "sampleCount" : 824,
    "errorCount" : 0,
    "errorPct" : 0.0,
    "meanResTime" : 1061.0303398058252,
    "medianResTime" : 978.5,
    "minResTime" : 679.0,
    "maxResTime" : 2519.0,
    "pct1ResTime" : 1475.0,
    "pct2ResTime" : 1670.0,
    "pct3ResTime" : 2147.25,
    "throughput" : 0.4091630678689308,
    "receivedKBytesPerSec" : 8.271713989025839,
    "sentKBytesPerSec" : 0.9528135888566623
  },
  "4.1 Vaccination questions" : {
    "transaction" : "4.1 Vaccination questions",
    "sampleCount" : 824,
    "errorCount" : 0,
    "errorPct" : 0.0,
    "meanResTime" : 599.4199029126206,
    "medianResTime" : 558.5,
    "minResTime" : 315.0,
    "maxResTime" : 1870.0,
    "pct1ResTime" : 755.0,
    "pct2ResTime" : 836.0,
    "pct3ResTime" : 1175.25,
    "throughput" : 0.4102919545930292,
    "receivedKBytesPerSec" : 4.734069412784578,
    "sentKBytesPerSec" : 0.8659059756110312
  },
  "2.0 Register attendance" : {
    "transaction" : "2.0 Register attendance",
    "sampleCount" : 824,
    "errorCount" : 5,
    "errorPct" : 0.60679615,
    "meanResTime" : 1726.9696601941785,
    "medianResTime" : 1714.0,
    "minResTime" : 871.0,
    "maxResTime" : 3539.0,
    "pct1ResTime" : 2393.5,
    "pct2ResTime" : 2647.25,
    "pct3ResTime" : 2927.75,
    "throughput" : 0.4134999711453297,
    "receivedKBytesPerSec" : 45.91680637920306,
    "sentKBytesPerSec" : 1.4849957086518848
  },
  "1.0 Login" : {
    "transaction" : "1.0 Login",
    "sampleCount" : 894,
    "errorCount" : 0,
    "errorPct" : 0.0,
    "meanResTime" : 2612.0469798657723,
    "medianResTime" : 2526.5,
    "minResTime" : 1894.0,
    "maxResTime" : 4414.0,
    "pct1ResTime" : 3175.5,
    "pct2ResTime" : 3368.75,
    "pct3ResTime" : 3837.3499999999976,
    "throughput" : 0.41888761442097927,
    "receivedKBytesPerSec" : 54.863890132754335,
    "sentKBytesPerSec" : 2.064886201026696
  },
  "4.0 Vaccination for menacwy" : {
    "transaction" : "4.0 Vaccination for menacwy",
    "sampleCount" : 207,
    "errorCount" : 0,
    "errorPct" : 0.0,
    "meanResTime" : 2106.439613526573,
    "medianResTime" : 2060.0,
    "minResTime" : 1606.0,
    "maxResTime" : 3217.0,
    "pct1ResTime" : 2599.0,
    "pct2ResTime" : 2805.2,
    "pct3ResTime" : 3114.7199999999993,
    "throughput" : 0.10477903771336708,
    "receivedKBytesPerSec" : 4.9100280206417235,
    "sentKBytesPerSec" : 0.6356584079673069
  },
  "2.5 Select patient" : {
    "transaction" : "2.5 Select patient",
    "sampleCount" : 824,
    "errorCount" : 0,
    "errorPct" : 0.0,
    "meanResTime" : 301.1953883495146,
    "medianResTime" : 276.0,
    "minResTime" : 211.0,
    "maxResTime" : 1183.0,
    "pct1ResTime" : 407.0,
    "pct2ResTime" : 530.75,
    "pct3ResTime" : 815.5,
    "throughput" : 0.41130037805692515,
    "receivedKBytesPerSec" : 9.476554696866879,
    "sentKBytesPerSec" : 0.2862854893201664
  },
  "Get Session ID's" : {
    "transaction" : "Get Session ID's",
    "sampleCount" : 1,
    "errorCount" : 0,
    "errorPct" : 0.0,
    "meanResTime" : 0.0,
    "medianResTime" : 0.0,
    "minResTime" : 0.0,
    "maxResTime" : 0.0,
    "pct1ResTime" : 0.0,
    "pct2ResTime" : 0.0,
    "pct3ResTime" : 0.0,
    "throughput" : "Infinity",
    "receivedKBytesPerSec" : "NaN",
    "sentKBytesPerSec" : "NaN"
  },
  "2.3 Search by first/last name" : {
    "transaction" : "2.3 Search by first/last name",
    "sampleCount" : 824,
    "errorCount" : 0,
    "errorPct" : 0.0,
    "meanResTime" : 277.4563106796113,
    "medianResTime" : 254.0,
    "minResTime" : 204.0,
    "maxResTime" : 927.0,
    "pct1ResTime" : 392.5,
    "pct2ResTime" : 480.75,
    "pct3ResTime" : 642.25,
    "throughput" : 0.41358049787262025,
    "receivedKBytesPerSec" : 9.604367151569724,
    "sentKBytesPerSec" : 0.32734763868874905
  },
  "Data prep" : {
    "transaction" : "Data prep",
    "sampleCount" : 1,
    "errorCount" : 0,
    "errorPct" : 0.0,
    "meanResTime" : 0.0,
    "medianResTime" : 0.0,
    "minResTime" : 0.0,
    "maxResTime" : 0.0,
    "pct1ResTime" : 0.0,
    "pct2ResTime" : 0.0,
    "pct3ResTime" : 0.0,
    "throughput" : "Infinity",
    "receivedKBytesPerSec" : "NaN",
    "sentKBytesPerSec" : "NaN"
  },
  "4.0 Vaccination for flu" : {
    "transaction" : "4.0 Vaccination for flu",
    "sampleCount" : 205,
    "errorCount" : 0,
    "errorPct" : 0.0,
    "meanResTime" : 2044.0536585365849,
    "medianResTime" : 1971.0,
    "minResTime" : 1559.0,
    "maxResTime" : 3093.0,
    "pct1ResTime" : 2462.8,
    "pct2ResTime" : 2661.4999999999995,
    "pct3ResTime" : 3063.02,
    "throughput" : 0.10290503421466893,
    "receivedKBytesPerSec" : 4.67204198930114,
    "sentKBytesPerSec" : 0.620987664478638
  },
  "4.0 Vaccination for hpv" : {
    "transaction" : "4.0 Vaccination for hpv",
    "sampleCount" : 206,
    "errorCount" : 0,
    "errorPct" : 0.0,
    "meanResTime" : 2078.5291262135906,
    "medianResTime" : 1977.0,
    "minResTime" : 1584.0,
    "maxResTime" : 3649.0,
    "pct1ResTime" : 2629.3,
    "pct2ResTime" : 2894.8999999999996,
    "pct3ResTime" : 3191.7300000000005,
    "throughput" : 0.10400935882269484,
    "receivedKBytesPerSec" : 4.5023872648681635,
    "sentKBytesPerSec" : 0.6300794497702958
  },
  "1.2 Sign-in page" : {
    "transaction" : "1.2 Sign-in page",
    "sampleCount" : 894,
    "errorCount" : 0,
    "errorPct" : 0.0,
    "meanResTime" : 425.7617449664429,
    "medianResTime" : 391.0,
    "minResTime" : 97.0,
    "maxResTime" : 1183.0,
    "pct1ResTime" : 653.0,
    "pct2ResTime" : 769.25,
    "pct3ResTime" : 1011.8499999999992,
    "throughput" : 0.4191975602139314,
    "receivedKBytesPerSec" : 7.688863516700614,
    "sentKBytesPerSec" : 0.542648589475234
  },
  "Debug Sampler" : {
    "transaction" : "Debug Sampler",
    "sampleCount" : 894,
    "errorCount" : 0,
    "errorPct" : 0.0,
    "meanResTime" : 0.47315436241610725,
    "medianResTime" : 0.0,
    "minResTime" : 0.0,
    "maxResTime" : 9.0,
    "pct1ResTime" : 1.0,
    "pct2ResTime" : 1.0,
    "pct3ResTime" : 1.0,
    "throughput" : 0.41907061949325264,
    "receivedKBytesPerSec" : 2.2461543590844575,
    "sentKBytesPerSec" : 0.0
  },
  "2.4 Patient attending session" : {
    "transaction" : "2.4 Patient attending session",
    "sampleCount" : 436,
    "errorCount" : 5,
    "errorPct" : 1.146789,
    "meanResTime" : 775.4151376146788,
    "medianResTime" : 695.0,
    "minResTime" : 269.0,
    "maxResTime" : 2147.0,
    "pct1ResTime" : 1138.2,
    "pct2ResTime" : 1312.75,
    "pct3ResTime" : 1660.7599999999998,
    "throughput" : 0.25187112517070626,
    "receivedKBytesPerSec" : 6.016944516213915,
    "sentKBytesPerSec" : 0.37292287107520083
  },
  "Total" : {
    "transaction" : "Total",
    "sampleCount" : 10674,
    "errorCount" : 5,
    "errorPct" : 0.046842795,
    "meanResTime" : 513.8904815439389,
    "medianResTime" : 396.5,
    "minResTime" : 0.0,
    "maxResTime" : 2692.0,
    "pct1ResTime" : 1043.0,
    "pct2ResTime" : 1258.0,
    "pct3ResTime" : 1686.25,
    "throughput" : 4.97178046473152,
    "receivedKBytesPerSec" : 114.93621352953444,
    "sentKBytesPerSec" : 5.755307257890035
  },
  "1.4 Open Sessions list" : {
    "transaction" : "1.4 Open Sessions list",
    "sampleCount" : 894,
    "errorCount" : 0,
    "errorPct" : 0.0,
    "meanResTime" : 1226.619686800894,
    "medianResTime" : 1185.5,
    "minResTime" : 873.0,
    "maxResTime" : 2692.0,
    "pct1ResTime" : 1595.0,
    "pct2ResTime" : 1775.0,
    "pct3ResTime" : 2159.8499999999985,
    "throughput" : 0.4188734833406425,
    "receivedKBytesPerSec" : 31.718621847379655,
    "sentKBytesPerSec" : 0.27032479328078207
  },
  "4.2 Vaccination batch" : {
    "transaction" : "4.2 Vaccination batch",
    "sampleCount" : 824,
    "errorCount" : 0,
    "errorPct" : 0.0,
    "meanResTime" : 435.484223300971,
    "medianResTime" : 390.0,
    "minResTime" : 317.0,
    "maxResTime" : 1369.0,
    "pct1ResTime" : 593.0,