{
  "4.3 Vaccination confirm" : {
    "transaction" : "4.3 Vaccination confirm",
    "sampleCount" : 1357,
    "errorCount" : 36,
    "errorPct" : 2.652911,
    "meanResTime" : 2437.836403831983,
    "medianResTime" : 2291.0,
    "minResTime" : 253.0,
    "maxResTime" : 13041.0,
    "pct1ResTime" : 3372.4,
    "pct2ResTime" : 3882.2999999999997,
    "pct3ResTime" : 6267.640000000003,
    "throughput" : 0.4178902608472856,
    "receivedKBytesPerSec" : 168.1337792537618,
    "sentKBytesPerSec" : 2.1512993443287947
  },
  "4.1 Vaccination questions" : {
    "transaction" : "4.1 Vaccination questions",
    "sampleCount" : 1357,
    "errorCount" : 0,
    "errorPct" : 0.0,
    "meanResTime" : 1878.0766396462784,
    "medianResTime" : 1835.0,
    "minResTime" : 748.0,
    "maxResTime" : 6804.0,
    "pct1ResTime" : 2240.4,
    "pct2ResTime" : 2462.299999999998,
    "pct3ResTime" : 4606.160000000022,
    "throughput" : 0.4162493692610424,
    "receivedKBytesPerSec" : 164.00082831218472,
    "sentKBytesPerSec" : 2.0690235830228847
  },
  "Get Next Patient from STS" : {
    "transaction" : "Get Next Patient from STS",
    "sampleCount" : 1427,
    "errorCount" : 0,
    "errorPct" : 0.0,
    "meanResTime" : 0.6727400140154162,
    "medianResTime" : 1.0,
    "minResTime" : 0.0,
    "maxResTime" : 8.0,
    "pct1ResTime" : 1.0,
    "pct2ResTime" : 1.0,
    "pct3ResTime" : 1.0,
    "throughput" : 0.4194983540495555,
    "receivedKBytesPerSec" : 0.1741595913065948,
    "sentKBytesPerSec" : 0.2678187378148516
  },
  "2.0 Register attendance" : {
    "transaction" : "2.0 Register attendance",
    "sampleCount" : 1357,
    "errorCount" : 26,
    "errorPct" : 1.9159912,
    "meanResTime" : 6079.297715549007,
    "medianResTime" : 5767.0,
    "minResTime" : 2665.0,
    "maxResTime" : 20428.0,
    "pct1ResTime" : 8302.2,
    "pct2ResTime" : 9973.3,
    "pct3ResTime" : 14780.500000000005,
    "throughput" : 0.4157016995674497,
    "receivedKBytesPerSec" : 785.8367642078002,
    "sentKBytesPerSec" : 7.39612698775564
  },
  "1.0 Login" : {
    "transaction" : "1.0 Login",
    "sampleCount" : 1427,
    "errorCount" : 0,
    "errorPct" : 0.0,
    "meanResTime" : 6079.735108619473,
    "medianResTime" : 5985.0,
    "minResTime" : 3675.0,
    "maxResTime" : 17249.0,
    "pct1ResTime" : 7149.4,
    "pct2ResTime" : 7763.599999999993,
    "pct3ResTime" : 11000.160000000002,
    "throughput" : 0.4192916468700481,
    "receivedKBytesPerSec" : 696.4022540396855,
    "sentKBytesPerSec" : 6.9680691400209325
  },
  "4.0 Vaccination for menacwy" : {
    "transaction" : "4.0 Vaccination for menacwy",
    "sampleCount" : 339,
    "errorCount" : 9,
    "errorPct" : 2.6548672,
    "meanResTime" : 5571.722713864307,
    "medianResTime" : 5504.0,
    "minResTime" : 3132.0,
    "maxResTime" : 15306.0,
    "pct1ResTime" : 6771.0,
    "pct2ResTime" : 7820.0,
    "pct3ResTime" : 12298.000000000042,
    "throughput" : 0.1044721153446116,
    "receivedKBytesPerSec" : 124.71506868935647,
    "sentKBytesPerSec" : 1.5257534646836481
  },
  "2.5 Select patient" : {
    "transaction" : "2.5 Select patient",
    "sampleCount" : 1357,
    "errorCount" : 0,
    "errorPct" : 0.0,
    "meanResTime" : 756.4480471628586,
    "medianResTime" : 697.0,
    "minResTime" : 332.0,
    "maxResTime" : 5257.0,
    "pct1ResTime" : 1078.6000000000001,
    "pct2ResTime" : 1329.2999999999988,
    "pct3ResTime" : 1875.6200000000008,
    "throughput" : 0.4164422573809557,
    "receivedKBytesPerSec" : 169.13162495291243,
    "sentKBytesPerSec" : 1.4802207909257326
  },
  "2.3 Search by first/last name" : {
    "transaction" : "2.3 Search by first/last name",
    "sampleCount" : 1357,
    "errorCount" : 0,
    "errorPct" : 0.0,
    "meanResTime" : 723.0058953574054,
    "medianResTime" : 695.0,
    "minResTime" : 335.0,
    "maxResTime" : 4613.0,
    "pct1ResTime" : 920.2,
    "pct2ResTime" : 1059.1,
    "pct3ResTime" : 1749.8200000000088,
    "throughput" : 0.4162871663605611,
    "receivedKBytesPerSec" : 169.28730196018108,
    "sentKBytesPerSec" : 1.5392326783738357
  },
  "4.0 Vaccination for flu" : {
    "transaction" : "4.0 Vaccination for flu",
    "sampleCount" : 339,
    "errorCount" : 9,
    "errorPct" : 2.6548672,
    "meanResTime" : 5548.42477876106,
    "medianResTime" : 5487.0,
    "minResTime" : 3341.0,
    "maxResTime" : 14832.0,
    "pct1ResTime" : 6783.0,
    "pct2ResTime" : 7475.0,
    "pct3ResTime" : 12117.200000000013,
    "throughput" : 0.10403978186632637,
    "receivedKBytesPerSec" : 124.05232195444253,
    "sentKBytesPerSec" : 1.5161780566059275
  },
  "4.0 Vaccination for hpv" : {
    "transaction" : "4.0 Vaccination for hpv",
    "sampleCount" : 339,
    "errorCount" : 9,
    "errorPct" : 2.6548672,
    "meanResTime" : 5658.646017699117,
    "medianResTime" : 5497.0,
    "minResTime" : 3414.0,
    "maxResTime" : 16136.0,
    "pct1ResTime" : 6969.0,
    "pct2ResTime" : 7738.0,
    "pct3ResTime" : 11427.600000000002,
    "throughput" : 0.10443146769648211,
    "receivedKBytesPerSec" : 124.30451613583622,
    "sentKBytesPerSec" : 1.5243794577835021
  },
  "1.2 Sign-in page" : {
    "transaction" : "1.2 Sign-in page",
    "sampleCount" : 1427,
    "errorCount" : 0,
    "errorPct" : 0.0,
    "meanResTime" : 1159.287316047654,
    "medianResTime" : 988.0,
    "minResTime" : 250.0,
    "maxResTime" : 6159.0,
    "pct1ResTime" : 1751.2,
    "pct2ResTime" : 2017.7999999999997,
    "pct3ResTime" : 3567.1600000000008,
    "throughput" : 0.419576430683592,
    "receivedKBytesPerSec" : 168.26586823377875,
    "sentKBytesPerSec" : 1.790539018255838
  },
  "2.4 Patient attending session" : {
    "transaction" : "2.4 Patient attending session",
    "sampleCount" : 861,
    "errorCount" : 26,
    "errorPct" : 3.0197444,
    "meanResTime" : 1728.3310104529621,
    "medianResTime" : 1570.0,
    "minResTime" : 382.0,
    "maxResTime" : 7409.0,
    "pct1ResTime" : 2433.0,
    "pct2ResTime" : 2886.8999999999996,
    "pct3ResTime" : 4385.2199999999975,
    "throughput" : 0.26432724265240876,
    "receivedKBytesPerSec" : 107.64404726645414,
    "sentKBytesPerSec" : 1.1520008690602352
  },
  "Debug Sampler" : {
    "transaction" : "Debug Sampler",
    "sampleCount" : 1357,
    "errorCount" : 0,
    "errorPct" : 0.0,
    "meanResTime" : 0.46278555637435514,
    "medianResTime" : 0.0,
    "minResTime" : 0.0,
    "maxResTime" : 7.0,
    "pct1ResTime" : 1.0,
    "pct2ResTime" : 1.0,
    "pct3ResTime" : 1.0,
    "throughput" : 0.4167772339505445,
    "receivedKBytesPerSec" : 2.5944590367025024,
    "sentKBytesPerSec" : 0.0
  },
  "Total" : {
    "transaction" : "Total",
    "sampleCount" : 18852,
    "errorCount" : 98,
    "errorPct" : 0.51983875,
    "meanResTime" : 1303.135900700176,
    "medianResTime" : 1146.0,
    "minResTime" : 0.0,
    "maxResTime" : 15496.0,
    "pct1ResTime" : 2484.0,
    "pct2ResTime" : 2971.699999999997,
    "pct3ResTime" : 4874.470000000001,
    "throughput" : 5.51656652551412,
    "receivedKBytesPerSec" : 1917.876026738829,
    "sentKBytesPerSec" : 19.812947572225703
  },
  "1.4 Open Sessions list" : {
    "transaction" : "1.4 Open Sessions list",
    "sampleCount" : 1427,
    "errorCount" : 0,
    "errorPct" : 0.0,
    "meanResTime" : 2436.240364400844,
    "medianResTime" : 2300.0,
    "minResTime" : 1483.0,
    "maxResTime" : 6272.0,
    "pct1ResTime" : 3054.6000000000004,
    "pct2ResTime" : 3313.7999999999993,
    "pct3ResTime" : 4535.800000000003,
    "throughput" : 0.41922377501167774,
    "receivedKBytesPerSec" : 191.92220048736235,
    "sentKBytesPerSec" : 1.4895545329672348
  },
  "4.2 Vaccination batch" : {
    "transaction" : "4.2 Vaccination batch",
    "sampleCount" : 1357,
    "errorCount" : 36,
    "errorPct" : 2.652911,
    "meanResTime" : 1315.1031687546051,
    "medianResTime" : 1283.0,
    "minResTime" : 559.0,
    "maxResTime" : 8244.0,
    "pct1ResTime" : 1654.6000000000001,
    "pct2ResTime" : 1929.099999999999,
    "pct3ResTime" : 3774.800000000014,